section_id,section_name,component_category,n_failures_2022_2025,bucket,basis
5800,Items Not Tested,Brake performance,133,administrative_or_other,"Old (pre-2018) hierarchy remnant, 'Items Not Tested' -- a measurement-incomplete marker, not a condition finding; 330 rows total in 2022-2025 class-4 data, immaterial"
5800,Items Not Tested,Emissions - Compression Ignition,98,administrative_or_other,"Old (pre-2018) hierarchy remnant, 'Items Not Tested' -- a measurement-incomplete marker, not a condition finding; 330 rows total in 2022-2025 class-4 data, immaterial"
5800,Items Not Tested,Emissions - Spark Ignition,64,administrative_or_other,"Old (pre-2018) hierarchy remnant, 'Items Not Tested' -- a measurement-incomplete marker, not a condition finding; 330 rows total in 2022-2025 class-4 data, immaterial"
5800,Items Not Tested,Headlamp aim,35,administrative_or_other,"Old (pre-2018) hierarchy remnant, 'Items Not Tested' -- a measurement-incomplete marker, not a condition finding; 330 rows total in 2022-2025 class-4 data, immaterial"
20000,Identification of the vehicle,Registration plates,587756,administrative_or_other,Identification of the vehicle: plates and VIN. Not a vehicle-condition finding of any kind
20000,Identification of the vehicle,Vehicle Identification Number,2235,administrative_or_other,Identification of the vehicle: plates and VIN. Not a vehicle-condition finding of any kind
20003,Brakes,Brake pads,3097566,consumable,"Scheduled wear item, replaced on a mileage/usage cycle regardless of vehicle build quality -- the brake-system analogue of tyre tread"
20003,Brakes,Service brake performance,2276925,mechanical,"Brakes: hydraulic/pneumatic system integrity, performance and structural mounting -- a defect here reflects the braking SYSTEM's condition, not a scheduled wear item (see per-row overrides for the pads/discs/linings that ARE scheduled wear)"
20003,Brakes,Rbt (sp),1821487,mechanical,"Brakes: hydraulic/pneumatic system integrity, performance and structural mounting -- a defect here reflects the braking SYSTEM's condition, not a scheduled wear item (see per-row overrides for the pads/discs/linings that ARE scheduled wear)"
20003,Brakes,Rigid brake pipes,1586541,mechanical,"Brakes: hydraulic/pneumatic system integrity, performance and structural mounting -- a defect here reflects the braking SYSTEM's condition, not a scheduled wear item (see per-row overrides for the pads/discs/linings that ARE scheduled wear)"
20003,Brakes,Brake discs,1442152,consumable,"Scheduled wear item, same wear cycle as pads"
20003,Brakes,Service brake imbalance,759443,mechanical,"Brakes: hydraulic/pneumatic system integrity, performance and structural mounting -- a defect here reflects the braking SYSTEM's condition, not a scheduled wear item (see per-row overrides for the pads/discs/linings that ARE scheduled wear)"
20003,Brakes,Parking brake performance,741189,mechanical,"Brakes: hydraulic/pneumatic system integrity, performance and structural mounting -- a defect here reflects the braking SYSTEM's condition, not a scheduled wear item (see per-row overrides for the pads/discs/linings that ARE scheduled wear)"
20003,Brakes,Anti-lock braking system,568031,mechanical,"Brakes: hydraulic/pneumatic system integrity, performance and structural mounting -- a defect here reflects the braking SYSTEM's condition, not a scheduled wear item (see per-row overrides for the pads/discs/linings that ARE scheduled wear)"
20003,Brakes,Flexible brake hoses,467599,mechanical,"Brakes: hydraulic/pneumatic system integrity, performance and structural mounting -- a defect here reflects the braking SYSTEM's condition, not a scheduled wear item (see per-row overrides for the pads/discs/linings that ARE scheduled wear)"
20003,Brakes,Lever,319907,mechanical,"Brakes: hydraulic/pneumatic system integrity, performance and structural mounting -- a defect here reflects the braking SYSTEM's condition, not a scheduled wear item (see per-row overrides for the pads/discs/linings that ARE scheduled wear)"
20003,Brakes,Electronic stability control,258021,mechanical,"Brakes: hydraulic/pneumatic system integrity, performance and structural mounting -- a defect here reflects the braking SYSTEM's condition, not a scheduled wear item (see per-row overrides for the pads/discs/linings that ARE scheduled wear)"
20003,Brakes,Brake performance not tested,211988,administrative_or_other,"rfr_desc 'unable to be tested'/'not tested' -- measurement not completed, not a defect finding"
20003,Brakes,Hand lever,168125,mechanical,"Brakes: hydraulic/pneumatic system integrity, performance and structural mounting -- a defect here reflects the braking SYSTEM's condition, not a scheduled wear item (see per-row overrides for the pads/discs/linings that ARE scheduled wear)"
20003,Brakes,Pedal,150294,mechanical,"Brakes: hydraulic/pneumatic system integrity, performance and structural mounting -- a defect here reflects the braking SYSTEM's condition, not a scheduled wear item (see per-row overrides for the pads/discs/linings that ARE scheduled wear)"
20003,Brakes,Hydraulic brake callipers,94950,mechanical,"Brakes: hydraulic/pneumatic system integrity, performance and structural mounting -- a defect here reflects the braking SYSTEM's condition, not a scheduled wear item (see per-row overrides for the pads/discs/linings that ARE scheduled wear)"
20003,Brakes,Parking (secondary brake performance),93225,mechanical,"Brakes: hydraulic/pneumatic system integrity, performance and structural mounting -- a defect here reflects the braking SYSTEM's condition, not a scheduled wear item (see per-row overrides for the pads/discs/linings that ARE scheduled wear)"
20003,Brakes,Cable,87683,mechanical,"Brakes: hydraulic/pneumatic system integrity, performance and structural mounting -- a defect here reflects the braking SYSTEM's condition, not a scheduled wear item (see per-row overrides for the pads/discs/linings that ARE scheduled wear)"
20003,Brakes,Decelerometer (sp),84169,mechanical,"Brakes: hydraulic/pneumatic system integrity, performance and structural mounting -- a defect here reflects the braking SYSTEM's condition, not a scheduled wear item (see per-row overrides for the pads/discs/linings that ARE scheduled wear)"
20003,Brakes,Brake fluid ,52690,mechanical,"Brakes: hydraulic/pneumatic system integrity, performance and structural mounting -- a defect here reflects the braking SYSTEM's condition, not a scheduled wear item (see per-row overrides for the pads/discs/linings that ARE scheduled wear)"
20003,Brakes,Electronic parking brake,45771,mechanical,"Brakes: hydraulic/pneumatic system integrity, performance and structural mounting -- a defect here reflects the braking SYSTEM's condition, not a scheduled wear item (see per-row overrides for the pads/discs/linings that ARE scheduled wear)"
20003,Brakes,Hydraulic brake cylinder,42588,mechanical,"Brakes: hydraulic/pneumatic system integrity, performance and structural mounting -- a defect here reflects the braking SYSTEM's condition, not a scheduled wear item (see per-row overrides for the pads/discs/linings that ARE scheduled wear)"
20003,Brakes,"Parking brake efficiency (Trikes, quads and pre-68 vehicles)",34007,mechanical,"Brakes: hydraulic/pneumatic system integrity, performance and structural mounting -- a defect here reflects the braking SYSTEM's condition, not a scheduled wear item (see per-row overrides for the pads/discs/linings that ARE scheduled wear)"
20003,Brakes,Load sensing valves,30323,mechanical,"Brakes: hydraulic/pneumatic system integrity, performance and structural mounting -- a defect here reflects the braking SYSTEM's condition, not a scheduled wear item (see per-row overrides for the pads/discs/linings that ARE scheduled wear)"
20003,Brakes,"Service brake efficiency (Trikes, quads and pre-68 vehicles)",25562,mechanical,"Brakes: hydraulic/pneumatic system integrity, performance and structural mounting -- a defect here reflects the braking SYSTEM's condition, not a scheduled wear item (see per-row overrides for the pads/discs/linings that ARE scheduled wear)"
20003,Brakes,Brake linings,19522,consumable,"Drum-brake analogue of brake pads, scheduled wear item"
20003,Brakes,Electronic braking system,18273,mechanical,"Brakes: hydraulic/pneumatic system integrity, performance and structural mounting -- a defect here reflects the braking SYSTEM's condition, not a scheduled wear item (see per-row overrides for the pads/discs/linings that ARE scheduled wear)"
20003,Brakes,Reservoirs,15640,mechanical,"Brakes: hydraulic/pneumatic system integrity, performance and structural mounting -- a defect here reflects the braking SYSTEM's condition, not a scheduled wear item (see per-row overrides for the pads/discs/linings that ARE scheduled wear)"
20003,Brakes,Servos,13699,mechanical,"Brakes: hydraulic/pneumatic system integrity, performance and structural mounting -- a defect here reflects the braking SYSTEM's condition, not a scheduled wear item (see per-row overrides for the pads/discs/linings that ARE scheduled wear)"
20003,Brakes,Other components,10908,mechanical,"Brakes: hydraulic/pneumatic system integrity, performance and structural mounting -- a defect here reflects the braking SYSTEM's condition, not a scheduled wear item (see per-row overrides for the pads/discs/linings that ARE scheduled wear)"
20003,Brakes,Brake drums,9807,mechanical,"Brakes: hydraulic/pneumatic system integrity, performance and structural mounting -- a defect here reflects the braking SYSTEM's condition, not a scheduled wear item (see per-row overrides for the pads/discs/linings that ARE scheduled wear)"
20003,Brakes,Valves,8649,mechanical,"Brakes: hydraulic/pneumatic system integrity, performance and structural mounting -- a defect here reflects the braking SYSTEM's condition, not a scheduled wear item (see per-row overrides for the pads/discs/linings that ARE scheduled wear)"
20003,Brakes,Other braking system component,5661,mechanical,"Brakes: hydraulic/pneumatic system integrity, performance and structural mounting -- a defect here reflects the braking SYSTEM's condition, not a scheduled wear item (see per-row overrides for the pads/discs/linings that ARE scheduled wear)"
20003,Brakes,Gradient tester (sp),5197,mechanical,"Brakes: hydraulic/pneumatic system integrity, performance and structural mounting -- a defect here reflects the braking SYSTEM's condition, not a scheduled wear item (see per-row overrides for the pads/discs/linings that ARE scheduled wear)"
20003,Brakes,Master cylinder/servo mounting,5105,mechanical,"Brakes: hydraulic/pneumatic system integrity, performance and structural mounting -- a defect here reflects the braking SYSTEM's condition, not a scheduled wear item (see per-row overrides for the pads/discs/linings that ARE scheduled wear)"
20003,Brakes,Leaks,4965,mechanical,"Brakes: hydraulic/pneumatic system integrity, performance and structural mounting -- a defect here reflects the braking SYSTEM's condition, not a scheduled wear item (see per-row overrides for the pads/discs/linings that ARE scheduled wear)"
20003,Brakes,Plate brake tester (sp),4944,mechanical,"Brakes: hydraulic/pneumatic system integrity, performance and structural mounting -- a defect here reflects the braking SYSTEM's condition, not a scheduled wear item (see per-row overrides for the pads/discs/linings that ARE scheduled wear)"
20003,Brakes,Linkage,4592,mechanical,"Brakes: hydraulic/pneumatic system integrity, performance and structural mounting -- a defect here reflects the braking SYSTEM's condition, not a scheduled wear item (see per-row overrides for the pads/discs/linings that ARE scheduled wear)"
20003,Brakes,Master cylinder,3948,mechanical,"Brakes: hydraulic/pneumatic system integrity, performance and structural mounting -- a defect here reflects the braking SYSTEM's condition, not a scheduled wear item (see per-row overrides for the pads/discs/linings that ARE scheduled wear)"
20003,Brakes,Park brake mechanism/associated mountings,2536,mechanical,"Brakes: hydraulic/pneumatic system integrity, performance and structural mounting -- a defect here reflects the braking SYSTEM's condition, not a scheduled wear item (see per-row overrides for the pads/discs/linings that ARE scheduled wear)"
20003,Brakes,Pivot,2161,mechanical,"Brakes: hydraulic/pneumatic system integrity, performance and structural mounting -- a defect here reflects the braking SYSTEM's condition, not a scheduled wear item (see per-row overrides for the pads/discs/linings that ARE scheduled wear)"
20003,Brakes,Pressure/vacuum build up,1325,mechanical,"Brakes: hydraulic/pneumatic system integrity, performance and structural mounting -- a defect here reflects the braking SYSTEM's condition, not a scheduled wear item (see per-row overrides for the pads/discs/linings that ARE scheduled wear)"
20003,Brakes,Operation,1284,mechanical,"Brakes: hydraulic/pneumatic system integrity, performance and structural mounting -- a defect here reflects the braking SYSTEM's condition, not a scheduled wear item (see per-row overrides for the pads/discs/linings that ARE scheduled wear)"
20003,Brakes,Brake slack adjuster,1206,mechanical,"Brakes: hydraulic/pneumatic system integrity, performance and structural mounting -- a defect here reflects the braking SYSTEM's condition, not a scheduled wear item (see per-row overrides for the pads/discs/linings that ARE scheduled wear)"
20003,Brakes,Additional braking device,859,mechanical,"Brakes: hydraulic/pneumatic system integrity, performance and structural mounting -- a defect here reflects the braking SYSTEM's condition, not a scheduled wear item (see per-row overrides for the pads/discs/linings that ARE scheduled wear)"
20003,Brakes,Relay lever,798,mechanical,"Brakes: hydraulic/pneumatic system integrity, performance and structural mounting -- a defect here reflects the braking SYSTEM's condition, not a scheduled wear item (see per-row overrides for the pads/discs/linings that ARE scheduled wear)"
20003,Brakes,Rod,754,mechanical,"Brakes: hydraulic/pneumatic system integrity, performance and structural mounting -- a defect here reflects the braking SYSTEM's condition, not a scheduled wear item (see per-row overrides for the pads/discs/linings that ARE scheduled wear)"
20003,Brakes,"Service brake performance (Trikes, quads and pre-68 vehicles)",726,mechanical,"Brakes: hydraulic/pneumatic system integrity, performance and structural mounting -- a defect here reflects the braking SYSTEM's condition, not a scheduled wear item (see per-row overrides for the pads/discs/linings that ARE scheduled wear)"
20003,Brakes,Actuating linkage mounting,498,mechanical,"Brakes: hydraulic/pneumatic system integrity, performance and structural mounting -- a defect here reflects the braking SYSTEM's condition, not a scheduled wear item (see per-row overrides for the pads/discs/linings that ARE scheduled wear)"
20003,Brakes,Clevis joint,451,mechanical,"Brakes: hydraulic/pneumatic system integrity, performance and structural mounting -- a defect here reflects the braking SYSTEM's condition, not a scheduled wear item (see per-row overrides for the pads/discs/linings that ARE scheduled wear)"
20003,Brakes,Air brake cylinder/actuator,348,mechanical,"Brakes: hydraulic/pneumatic system integrity, performance and structural mounting -- a defect here reflects the braking SYSTEM's condition, not a scheduled wear item (see per-row overrides for the pads/discs/linings that ARE scheduled wear)"
20003,Brakes,Air and vacuum systems,348,mechanical,"Brakes: hydraulic/pneumatic system integrity, performance and structural mounting -- a defect here reflects the braking SYSTEM's condition, not a scheduled wear item (see per-row overrides for the pads/discs/linings that ARE scheduled wear)"
20003,Brakes,Full power hydraulic systems,279,mechanical,"Brakes: hydraulic/pneumatic system integrity, performance and structural mounting -- a defect here reflects the braking SYSTEM's condition, not a scheduled wear item (see per-row overrides for the pads/discs/linings that ARE scheduled wear)"
20003,Brakes,Condition,278,mechanical,"Brakes: hydraulic/pneumatic system integrity, performance and structural mounting -- a defect here reflects the braking SYSTEM's condition, not a scheduled wear item (see per-row overrides for the pads/discs/linings that ARE scheduled wear)"
20003,Brakes,Attachment,80,mechanical,"Brakes: hydraulic/pneumatic system integrity, performance and structural mounting -- a defect here reflects the braking SYSTEM's condition, not a scheduled wear item (see per-row overrides for the pads/discs/linings that ARE scheduled wear)"
20106,Steering,Track rod end,2235284,mechanical,"Steering: linkage, rack, column and box integrity -- structural steering-system faults throughout, no scheduled-wear item exists in this section"
20106,Steering,Steering rack,385499,mechanical,"Steering: linkage, rack, column and box integrity -- structural steering-system faults throughout, no scheduled-wear item exists in this section"
20106,Steering,Ball joint,89738,mechanical,"Steering: linkage, rack, column and box integrity -- structural steering-system faults throughout, no scheduled-wear item exists in this section"
20106,Steering,Operation,58027,mechanical,"Steering: linkage, rack, column and box integrity -- structural steering-system faults throughout, no scheduled-wear item exists in this section"
20106,Steering,Drag link end,39304,mechanical,"Steering: linkage, rack, column and box integrity -- structural steering-system faults throughout, no scheduled-wear item exists in this section"
20106,Steering,Other components,35309,mechanical,"Steering: linkage, rack, column and box integrity -- structural steering-system faults throughout, no scheduled-wear item exists in this section"
20106,Steering,Pipes and hoses,31652,mechanical,"Steering: linkage, rack, column and box integrity -- structural steering-system faults throughout, no scheduled-wear item exists in this section"
20106,Steering,Locking devices,24791,mechanical,"Steering: linkage, rack, column and box integrity -- structural steering-system faults throughout, no scheduled-wear item exists in this section"
20106,Steering,Electronic power steering,24751,mechanical,"Steering: linkage, rack, column and box integrity -- structural steering-system faults throughout, no scheduled-wear item exists in this section"
20106,Steering,Universal joint,11334,mechanical,"Steering: linkage, rack, column and box integrity -- structural steering-system faults throughout, no scheduled-wear item exists in this section"
20106,Steering,Steering column,9731,mechanical,"Steering: linkage, rack, column and box integrity -- structural steering-system faults throughout, no scheduled-wear item exists in this section"
20106,Steering,Steering wheel ,9420,mechanical,"Steering: linkage, rack, column and box integrity -- structural steering-system faults throughout, no scheduled-wear item exists in this section"
20106,Steering,Steering box,8345,mechanical,"Steering: linkage, rack, column and box integrity -- structural steering-system faults throughout, no scheduled-wear item exists in this section"
20106,Steering,Steering arm,6641,mechanical,"Steering: linkage, rack, column and box integrity -- structural steering-system faults throughout, no scheduled-wear item exists in this section"
20106,Steering,Prescribed areas,6038,mechanical,"Steering: linkage, rack, column and box integrity -- structural steering-system faults throughout, no scheduled-wear item exists in this section"
20106,Steering,Steering linkage,4936,mechanical,"Steering: linkage, rack, column and box integrity -- structural steering-system faults throughout, no scheduled-wear item exists in this section"
20106,Steering,Rams,4870,mechanical,"Steering: linkage, rack, column and box integrity -- structural steering-system faults throughout, no scheduled-wear item exists in this section"
20106,Steering,Pump,4792,mechanical,"Steering: linkage, rack, column and box integrity -- structural steering-system faults throughout, no scheduled-wear item exists in this section"
20106,Steering,Intermediate drop arm,2600,mechanical,"Steering: linkage, rack, column and box integrity -- structural steering-system faults throughout, no scheduled-wear item exists in this section"
20106,Steering,Steering component,2301,mechanical,"Steering: linkage, rack, column and box integrity -- structural steering-system faults throughout, no scheduled-wear item exists in this section"
20106,Steering,Flexible coupling,736,mechanical,"Steering: linkage, rack, column and box integrity -- structural steering-system faults throughout, no scheduled-wear item exists in this section"
20106,Steering,Lock stop,546,mechanical,"Steering: linkage, rack, column and box integrity -- structural steering-system faults throughout, no scheduled-wear item exists in this section"
20106,Steering,Components,397,mechanical,"Steering: linkage, rack, column and box integrity -- structural steering-system faults throughout, no scheduled-wear item exists in this section"
20106,Steering,Steering shaft,308,mechanical,"Steering: linkage, rack, column and box integrity -- structural steering-system faults throughout, no scheduled-wear item exists in this section"
20106,Steering,Steering lock,247,mechanical,"Steering: linkage, rack, column and box integrity -- structural steering-system faults throughout, no scheduled-wear item exists in this section"
20106,Steering,Head bearings,118,mechanical,"Steering: linkage, rack, column and box integrity -- structural steering-system faults throughout, no scheduled-wear item exists in this section"
20106,Steering,Rear wheel steering,51,mechanical,"Steering: linkage, rack, column and box integrity -- structural steering-system faults throughout, no scheduled-wear item exists in this section"
20106,Steering,Linkages,36,mechanical,"Steering: linkage, rack, column and box integrity -- structural steering-system faults throughout, no scheduled-wear item exists in this section"
20106,Steering,Handlebars,32,mechanical,"Steering: linkage, rack, column and box integrity -- structural steering-system faults throughout, no scheduled-wear item exists in this section"
20106,Steering,Fork yoke,4,mechanical,"Steering: linkage, rack, column and box integrity -- structural steering-system faults throughout, no scheduled-wear item exists in this section"
20147,Visibility,Wipers,3649833,consumable,"Visibility: dominated by wiper blades and washer fluid/jets, the textbook scheduled-maintenance wear items (see overrides for the mounting/device faults in this section that are not wear)"
20147,Visibility,Washers,3233865,consumable,"Visibility: dominated by wiper blades and washer fluid/jets, the textbook scheduled-maintenance wear items (see overrides for the mounting/device faults in this section that are not wear)"
20147,Visibility,Mirrors,186878,mechanical,"MOT mirror failures are overwhelmingly insecure mounting, not glass wear -- a structural fault"
20147,Visibility,Driver's view,122671,administrative_or_other,"Obstruction to view (stickers, objects, tax disc holders) -- not a vehicle-condition or wear finding"
20147,Visibility,Windscreen,115672,consumable,"Visibility: dominated by wiper blades and washer fluid/jets, the textbook scheduled-maintenance wear items (see overrides for the mounting/device faults in this section that are not wear)"
20147,Visibility,Bonnet,99147,mechanical,"Catch/release mechanism security, a structural safety-mechanism fault"
20147,Visibility,Indirect vision devices,5116,mechanical,Device (camera/mirror alternative) malfunction
20147,Visibility,Window,3290,consumable,"Visibility: dominated by wiper blades and washer fluid/jets, the textbook scheduled-maintenance wear items (see overrides for the mounting/device faults in this section that are not wear)"
20158,"Lamps, reflectors and electrical equipment",Headlamp aim,5838420,consumable,"Lamps, reflectors and electrical equipment: dominated by bulb-type items (position/stop/indicator/plate lamps) that burn out on a predictable cycle unrelated to build quality (see overrides for the device/switch/wiring faults in this section that are not bulb wear)"
20158,"Lamps, reflectors and electrical equipment",Position lamp,4168980,consumable,"Lamps, reflectors and electrical equipment: dominated by bulb-type items (position/stop/indicator/plate lamps) that burn out on a predictable cycle unrelated to build quality (see overrides for the device/switch/wiring faults in this section that are not bulb wear)"
20158,"Lamps, reflectors and electrical equipment",Headlamp,3486978,consumable,"Lamps, reflectors and electrical equipment: dominated by bulb-type items (position/stop/indicator/plate lamps) that burn out on a predictable cycle unrelated to build quality (see overrides for the device/switch/wiring faults in this section that are not bulb wear)"
20158,"Lamps, reflectors and electrical equipment",Stop lamp,3088823,consumable,"Lamps, reflectors and electrical equipment: dominated by bulb-type items (position/stop/indicator/plate lamps) that burn out on a predictable cycle unrelated to build quality (see overrides for the device/switch/wiring faults in this section that are not bulb wear)"
20158,"Lamps, reflectors and electrical equipment",Registration plate lamp(s),1889002,consumable,"Lamps, reflectors and electrical equipment: dominated by bulb-type items (position/stop/indicator/plate lamps) that burn out on a predictable cycle unrelated to build quality (see overrides for the device/switch/wiring faults in this section that are not bulb wear)"
20158,"Lamps, reflectors and electrical equipment",Individual direction indicators,1150577,consumable,"Lamps, reflectors and electrical equipment: dominated by bulb-type items (position/stop/indicator/plate lamps) that burn out on a predictable cycle unrelated to build quality (see overrides for the device/switch/wiring faults in this section that are not bulb wear)"
20158,"Lamps, reflectors and electrical equipment",Side repeaters,766624,consumable,"Lamps, reflectors and electrical equipment: dominated by bulb-type items (position/stop/indicator/plate lamps) that burn out on a predictable cycle unrelated to build quality (see overrides for the device/switch/wiring faults in this section that are not bulb wear)"
20158,"Lamps, reflectors and electrical equipment",Rear fog lamp,742815,consumable,"Lamps, reflectors and electrical equipment: dominated by bulb-type items (position/stop/indicator/plate lamps) that burn out on a predictable cycle unrelated to build quality (see overrides for the device/switch/wiring faults in this section that are not bulb wear)"
20158,"Lamps, reflectors and electrical equipment",Horn,422878,mechanical,"Electrical component malfunction, not a scheduled wear item"
20158,"Lamps, reflectors and electrical equipment",Headlamp aim not tested,356635,administrative_or_other,"Measurement not completed, not a defect finding"
20158,"Lamps, reflectors and electrical equipment",Headlamp levelling device,191945,mechanical,"Levelling motor/sensor device failure, distinct from the aim (alignment) reading itself"
20158,"Lamps, reflectors and electrical equipment",Reversing lamps,165692,consumable,"Lamps, reflectors and electrical equipment: dominated by bulb-type items (position/stop/indicator/plate lamps) that burn out on a predictable cycle unrelated to build quality (see overrides for the device/switch/wiring faults in this section that are not bulb wear)"
20158,"Lamps, reflectors and electrical equipment",Switch,122636,mechanical,Electrical switch component failure
20158,"Lamps, reflectors and electrical equipment",Battery(ies),121341,consumable,"Lamps, reflectors and electrical equipment: dominated by bulb-type items (position/stop/indicator/plate lamps) that burn out on a predictable cycle unrelated to build quality (see overrides for the device/switch/wiring faults in this section that are not bulb wear)"
20158,"Lamps, reflectors and electrical equipment",Rear reflectors,92718,consumable,"Lamps, reflectors and electrical equipment: dominated by bulb-type items (position/stop/indicator/plate lamps) that burn out on a predictable cycle unrelated to build quality (see overrides for the device/switch/wiring faults in this section that are not bulb wear)"
20158,"Lamps, reflectors and electrical equipment",All direction indicators,77212,consumable,"Lamps, reflectors and electrical equipment: dominated by bulb-type items (position/stop/indicator/plate lamps) that burn out on a predictable cycle unrelated to build quality (see overrides for the device/switch/wiring faults in this section that are not bulb wear)"
20158,"Lamps, reflectors and electrical equipment",Headlamp cleaning device,52324,mechanical,Device (washer jet mechanism) failure
20158,"Lamps, reflectors and electrical equipment",Daytime running lamps,33287,consumable,"Lamps, reflectors and electrical equipment: dominated by bulb-type items (position/stop/indicator/plate lamps) that burn out on a predictable cycle unrelated to build quality (see overrides for the device/switch/wiring faults in this section that are not bulb wear)"
20158,"Lamps, reflectors and electrical equipment",Electrical wiring ,30140,mechanical,"Wiring damage/insecurity, a structural electrical fault, not bulb wear"
20158,"Lamps, reflectors and electrical equipment",Outline marker lamp,29705,consumable,"Lamps, reflectors and electrical equipment: dominated by bulb-type items (position/stop/indicator/plate lamps) that burn out on a predictable cycle unrelated to build quality (see overrides for the device/switch/wiring faults in this section that are not bulb wear)"
20158,"Lamps, reflectors and electrical equipment",Lamp,28648,consumable,"Lamps, reflectors and electrical equipment: dominated by bulb-type items (position/stop/indicator/plate lamps) that burn out on a predictable cycle unrelated to build quality (see overrides for the device/switch/wiring faults in this section that are not bulb wear)"
20158,"Lamps, reflectors and electrical equipment",Front fog lamps,27376,consumable,"Lamps, reflectors and electrical equipment: dominated by bulb-type items (position/stop/indicator/plate lamps) that burn out on a predictable cycle unrelated to build quality (see overrides for the device/switch/wiring faults in this section that are not bulb wear)"
20158,"Lamps, reflectors and electrical equipment",Rear fog lamp tell-tale,22359,consumable,"Lamps, reflectors and electrical equipment: dominated by bulb-type items (position/stop/indicator/plate lamps) that burn out on a predictable cycle unrelated to build quality (see overrides for the device/switch/wiring faults in this section that are not bulb wear)"
20158,"Lamps, reflectors and electrical equipment",Trailer electrical socket,17464,mechanical,Wiring/socket fault
20158,"Lamps, reflectors and electrical equipment",Dipswitch,12244,mechanical,Electrical switch component failure
20158,"Lamps, reflectors and electrical equipment",All position lamps,8543,consumable,"Lamps, reflectors and electrical equipment: dominated by bulb-type items (position/stop/indicator/plate lamps) that burn out on a predictable cycle unrelated to build quality (see overrides for the device/switch/wiring faults in this section that are not bulb wear)"
20158,"Lamps, reflectors and electrical equipment",Main beam tell-tale,8478,consumable,"Lamps, reflectors and electrical equipment: dominated by bulb-type items (position/stop/indicator/plate lamps) that burn out on a predictable cycle unrelated to build quality (see overrides for the device/switch/wiring faults in this section that are not bulb wear)"
20158,"Lamps, reflectors and electrical equipment",Matched pair,6286,administrative_or_other,"Mismatched lamp type/colour across an axle/pair -- a fitment finding, not a condition fault"
20158,"Lamps, reflectors and electrical equipment",Reversing lamp switch,3390,mechanical,Electrical switch component failure
20158,"Lamps, reflectors and electrical equipment",All outline marker lamps,3213,consumable,"Lamps, reflectors and electrical equipment: dominated by bulb-type items (position/stop/indicator/plate lamps) that burn out on a predictable cycle unrelated to build quality (see overrides for the device/switch/wiring faults in this section that are not bulb wear)"
20158,"Lamps, reflectors and electrical equipment",Front fog lamp switch,2226,mechanical,Electrical switch component failure
20158,"Lamps, reflectors and electrical equipment",Arm,879,consumable,"Lamps, reflectors and electrical equipment: dominated by bulb-type items (position/stop/indicator/plate lamps) that burn out on a predictable cycle unrelated to build quality (see overrides for the device/switch/wiring faults in this section that are not bulb wear)"
20218,Suspension,Coil spring,3525122,mechanical,"Suspension: springs, joints, bushes, arms and mountings -- structural/corrosion-driven component failure, the section the brief's own 'how the car was built' framing describes most directly"
20218,Suspension,Pins and bushes,2690257,mechanical,"Suspension: springs, joints, bushes, arms and mountings -- structural/corrosion-driven component failure, the section the brief's own 'how the car was built' framing describes most directly"
20218,Suspension,Ball joint,2676789,mechanical,"Suspension: springs, joints, bushes, arms and mountings -- structural/corrosion-driven component failure, the section the brief's own 'how the car was built' framing describes most directly"
20218,Suspension,Shock absorbers,1741355,mechanical,"Suspension: springs, joints, bushes, arms and mountings -- structural/corrosion-driven component failure, the section the brief's own 'how the car was built' framing describes most directly"
20218,Suspension,Ball joint dust cover,1312627,mechanical,"Suspension: springs, joints, bushes, arms and mountings -- structural/corrosion-driven component failure, the section the brief's own 'how the car was built' framing describes most directly"
20218,Suspension,Component mounting prescribed areas,1204766,mechanical,"Suspension: springs, joints, bushes, arms and mountings -- structural/corrosion-driven component failure, the section the brief's own 'how the car was built' framing describes most directly"
20218,Suspension,Linkage ball joint dust cover,1131158,mechanical,"Suspension: springs, joints, bushes, arms and mountings -- structural/corrosion-driven component failure, the section the brief's own 'how the car was built' framing describes most directly"
20218,Suspension,Linkage ball joints,1076892,mechanical,"Suspension: springs, joints, bushes, arms and mountings -- structural/corrosion-driven component failure, the section the brief's own 'how the car was built' framing describes most directly"
20218,Suspension,Wheel bearings,693476,mechanical,"Suspension: springs, joints, bushes, arms and mountings -- structural/corrosion-driven component failure, the section the brief's own 'how the car was built' framing describes most directly"
20218,Suspension,Suspension arm,222137,mechanical,"Suspension: springs, joints, bushes, arms and mountings -- structural/corrosion-driven component failure, the section the brief's own 'how the car was built' framing describes most directly"
20218,Suspension,Linkage pins and bushes,200053,mechanical,"Suspension: springs, joints, bushes, arms and mountings -- structural/corrosion-driven component failure, the section the brief's own 'how the car was built' framing describes most directly"
20218,Suspension,Swivel pins and bushes,196450,mechanical,"Suspension: springs, joints, bushes, arms and mountings -- structural/corrosion-driven component failure, the section the brief's own 'how the car was built' framing describes most directly"
20218,Suspension,Linkage,190459,mechanical,"Suspension: springs, joints, bushes, arms and mountings -- structural/corrosion-driven component failure, the section the brief's own 'how the car was built' framing describes most directly"
20218,Suspension,Macpherson strut,174091,mechanical,"Suspension: springs, joints, bushes, arms and mountings -- structural/corrosion-driven component failure, the section the brief's own 'how the car was built' framing describes most directly"
20218,Suspension,Sub-frame,170230,mechanical,"Suspension: springs, joints, bushes, arms and mountings -- structural/corrosion-driven component failure, the section the brief's own 'how the car was built' framing describes most directly"
20218,Suspension,Attachment bracket and mounting,128989,mechanical,"Suspension: springs, joints, bushes, arms and mountings -- structural/corrosion-driven component failure, the section the brief's own 'how the car was built' framing describes most directly"
20218,Suspension,Sub-frame mounting prescribed areas,110904,mechanical,"Suspension: springs, joints, bushes, arms and mountings -- structural/corrosion-driven component failure, the section the brief's own 'how the car was built' framing describes most directly"
20218,Suspension,Spring mounting prescribed areas,59212,mechanical,"Suspension: springs, joints, bushes, arms and mountings -- structural/corrosion-driven component failure, the section the brief's own 'how the car was built' framing describes most directly"
20218,Suspension,Leaf spring,55658,mechanical,"Suspension: springs, joints, bushes, arms and mountings -- structural/corrosion-driven component failure, the section the brief's own 'how the car was built' framing describes most directly"
20218,Suspension,Anti-roll bar,35924,mechanical,"Suspension: springs, joints, bushes, arms and mountings -- structural/corrosion-driven component failure, the section the brief's own 'how the car was built' framing describes most directly"
20218,Suspension,Mounting,34849,mechanical,"Suspension: springs, joints, bushes, arms and mountings -- structural/corrosion-driven component failure, the section the brief's own 'how the car was built' framing describes most directly"
20218,Suspension,Other suspension component,20901,mechanical,"Suspension: springs, joints, bushes, arms and mountings -- structural/corrosion-driven component failure, the section the brief's own 'how the car was built' framing describes most directly"
20218,Suspension,Axle,14964,mechanical,"Suspension: springs, joints, bushes, arms and mountings -- structural/corrosion-driven component failure, the section the brief's own 'how the car was built' framing describes most directly"
20218,Suspension,Shackle pins and bushes,9927,mechanical,"Suspension: springs, joints, bushes, arms and mountings -- structural/corrosion-driven component failure, the section the brief's own 'how the car was built' framing describes most directly"
20218,Suspension,Linkage attachment bracket and mounting,9236,mechanical,"Suspension: springs, joints, bushes, arms and mountings -- structural/corrosion-driven component failure, the section the brief's own 'how the car was built' framing describes most directly"
20218,Suspension,Operation,6122,mechanical,"Suspension: springs, joints, bushes, arms and mountings -- structural/corrosion-driven component failure, the section the brief's own 'how the car was built' framing describes most directly"
20218,Suspension,Suspension rod,4775,mechanical,"Suspension: springs, joints, bushes, arms and mountings -- structural/corrosion-driven component failure, the section the brief's own 'how the car was built' framing describes most directly"
20218,Suspension,Suspension unit,3812,mechanical,"Suspension: springs, joints, bushes, arms and mountings -- structural/corrosion-driven component failure, the section the brief's own 'how the car was built' framing describes most directly"
20218,Suspension,Anchor pins and bushes,3020,mechanical,"Suspension: springs, joints, bushes, arms and mountings -- structural/corrosion-driven component failure, the section the brief's own 'how the car was built' framing describes most directly"
20218,Suspension,Anchor bracket,2278,mechanical,"Suspension: springs, joints, bushes, arms and mountings -- structural/corrosion-driven component failure, the section the brief's own 'how the car was built' framing describes most directly"
20218,Suspension,Fixings and fixing bolts,2217,mechanical,"Suspension: springs, joints, bushes, arms and mountings -- structural/corrosion-driven component failure, the section the brief's own 'how the car was built' framing describes most directly"
20218,Suspension,Swivel joints/housing,2135,mechanical,"Suspension: springs, joints, bushes, arms and mountings -- structural/corrosion-driven component failure, the section the brief's own 'how the car was built' framing describes most directly"
20218,Suspension,Bellows,2089,mechanical,"Suspension: springs, joints, bushes, arms and mountings -- structural/corrosion-driven component failure, the section the brief's own 'how the car was built' framing describes most directly"
20218,Suspension,Shackle bracket,1822,mechanical,"Suspension: springs, joints, bushes, arms and mountings -- structural/corrosion-driven component failure, the section the brief's own 'how the car was built' framing describes most directly"
20218,Suspension,Pipes,1817,mechanical,"Suspension: springs, joints, bushes, arms and mountings -- structural/corrosion-driven component failure, the section the brief's own 'how the car was built' framing describes most directly"
20218,Suspension,King pins,1778,mechanical,"Suspension: springs, joints, bushes, arms and mountings -- structural/corrosion-driven component failure, the section the brief's own 'how the car was built' framing describes most directly"
20218,Suspension,Other components,1520,mechanical,"Suspension: springs, joints, bushes, arms and mountings -- structural/corrosion-driven component failure, the section the brief's own 'how the car was built' framing describes most directly"
20218,Suspension,Stub axle,1129,mechanical,"Suspension: springs, joints, bushes, arms and mountings -- structural/corrosion-driven component failure, the section the brief's own 'how the car was built' framing describes most directly"
20218,Suspension,Spring saddle,1094,mechanical,"Suspension: springs, joints, bushes, arms and mountings -- structural/corrosion-driven component failure, the section the brief's own 'how the car was built' framing describes most directly"
20218,Suspension,Levelling valve,929,mechanical,"Suspension: springs, joints, bushes, arms and mountings -- structural/corrosion-driven component failure, the section the brief's own 'how the car was built' framing describes most directly"
20218,Suspension,Torsion bar,487,mechanical,"Suspension: springs, joints, bushes, arms and mountings -- structural/corrosion-driven component failure, the section the brief's own 'how the car was built' framing describes most directly"
20218,Suspension,Attachment bracket,305,mechanical,"Suspension: springs, joints, bushes, arms and mountings -- structural/corrosion-driven component failure, the section the brief's own 'how the car was built' framing describes most directly"
20218,Suspension,Bonded suspension unit,189,mechanical,"Suspension: springs, joints, bushes, arms and mountings -- structural/corrosion-driven component failure, the section the brief's own 'how the car was built' framing describes most directly"
20218,Suspension,Accumulator,187,mechanical,"Suspension: springs, joints, bushes, arms and mountings -- structural/corrosion-driven component failure, the section the brief's own 'how the car was built' framing describes most directly"
20310,"Body, chassis, structure",Joints,2112544,mechanical,"Body, chassis, structure: corrosion and structural integrity of the body shell, seats, doors, mountings and towbar -- the brief's own body-corrosion example category"
20310,"Body, chassis, structure",Exhaust system,1551205,mechanical,"Body, chassis, structure: corrosion and structural integrity of the body shell, seats, doors, mountings and towbar -- the brief's own body-corrosion example category"
20310,"Body, chassis, structure",Integral vehicle structure condition,435051,mechanical,"Body, chassis, structure: corrosion and structural integrity of the body shell, seats, doors, mountings and towbar -- the brief's own body-corrosion example category"
20310,"Body, chassis, structure",Chassis condition,423415,mechanical,"Body, chassis, structure: corrosion and structural integrity of the body shell, seats, doors, mountings and towbar -- the brief's own body-corrosion example category"
20310,"Body, chassis, structure",Door condition,245280,mechanical,"Body, chassis, structure: corrosion and structural integrity of the body shell, seats, doors, mountings and towbar -- the brief's own body-corrosion example category"
20310,"Body, chassis, structure",Fuel cap/sealing device,136816,mechanical,"Body, chassis, structure: corrosion and structural integrity of the body shell, seats, doors, mountings and towbar -- the brief's own body-corrosion example category"
20310,"Body, chassis, structure",Bumpers,135566,mechanical,"Body, chassis, structure: corrosion and structural integrity of the body shell, seats, doors, mountings and towbar -- the brief's own body-corrosion example category"
20310,"Body, chassis, structure",Other body component,97270,mechanical,"Body, chassis, structure: corrosion and structural integrity of the body shell, seats, doors, mountings and towbar -- the brief's own body-corrosion example category"
20310,"Body, chassis, structure",System,73338,mechanical,"Body, chassis, structure: corrosion and structural integrity of the body shell, seats, doors, mountings and towbar -- the brief's own body-corrosion example category"
20310,"Body, chassis, structure",Driver's seat,60739,mechanical,"Body, chassis, structure: corrosion and structural integrity of the body shell, seats, doors, mountings and towbar -- the brief's own body-corrosion example category"
20310,"Body, chassis, structure",Panel,54542,mechanical,"Body, chassis, structure: corrosion and structural integrity of the body shell, seats, doors, mountings and towbar -- the brief's own body-corrosion example category"
20310,"Body, chassis, structure",Tank,47009,mechanical,"Body, chassis, structure: corrosion and structural integrity of the body shell, seats, doors, mountings and towbar -- the brief's own body-corrosion example category"
20310,"Body, chassis, structure",Passenger's seat,44041,mechanical,"Body, chassis, structure: corrosion and structural integrity of the body shell, seats, doors, mountings and towbar -- the brief's own body-corrosion example category"
20310,"Body, chassis, structure",Engine mounting condition,39420,mechanical,"Body, chassis, structure: corrosion and structural integrity of the body shell, seats, doors, mountings and towbar -- the brief's own body-corrosion example category"
20310,"Body, chassis, structure",Pipe,37136,mechanical,"Body, chassis, structure: corrosion and structural integrity of the body shell, seats, doors, mountings and towbar -- the brief's own body-corrosion example category"
20310,"Body, chassis, structure",Undertray,31778,mechanical,"Body, chassis, structure: corrosion and structural integrity of the body shell, seats, doors, mountings and towbar -- the brief's own body-corrosion example category"
20310,"Body, chassis, structure",Prescribed areas,28187,mechanical,"Body, chassis, structure: corrosion and structural integrity of the body shell, seats, doors, mountings and towbar -- the brief's own body-corrosion example category"
20310,"Body, chassis, structure",Prop shaft,24893,mechanical,"Body, chassis, structure: corrosion and structural integrity of the body shell, seats, doors, mountings and towbar -- the brief's own body-corrosion example category"
20310,"Body, chassis, structure",Vehicle structure,19986,mechanical,"Body, chassis, structure: corrosion and structural integrity of the body shell, seats, doors, mountings and towbar -- the brief's own body-corrosion example category"
20310,"Body, chassis, structure",Sub-frame condition,17920,mechanical,"Body, chassis, structure: corrosion and structural integrity of the body shell, seats, doors, mountings and towbar -- the brief's own body-corrosion example category"
20310,"Body, chassis, structure",Drive shaft,16896,mechanical,"Body, chassis, structure: corrosion and structural integrity of the body shell, seats, doors, mountings and towbar -- the brief's own body-corrosion example category"
20310,"Body, chassis, structure",Boot lid condition,15977,mechanical,"Body, chassis, structure: corrosion and structural integrity of the body shell, seats, doors, mountings and towbar -- the brief's own body-corrosion example category"
20310,"Body, chassis, structure",Flexible couplings,12447,mechanical,"Body, chassis, structure: corrosion and structural integrity of the body shell, seats, doors, mountings and towbar -- the brief's own body-corrosion example category"
20310,"Body, chassis, structure",Hose,11136,mechanical,"Body, chassis, structure: corrosion and structural integrity of the body shell, seats, doors, mountings and towbar -- the brief's own body-corrosion example category"
20310,"Body, chassis, structure",Floor,10311,mechanical,"Body, chassis, structure: corrosion and structural integrity of the body shell, seats, doors, mountings and towbar -- the brief's own body-corrosion example category"
20310,"Body, chassis, structure",Bracket,10267,mechanical,"Body, chassis, structure: corrosion and structural integrity of the body shell, seats, doors, mountings and towbar -- the brief's own body-corrosion example category"
20310,"Body, chassis, structure",Other towbar components,7625,mechanical,"Body, chassis, structure: corrosion and structural integrity of the body shell, seats, doors, mountings and towbar -- the brief's own body-corrosion example category"
20310,"Body, chassis, structure",Body condition,5878,mechanical,"Body, chassis, structure: corrosion and structural integrity of the body shell, seats, doors, mountings and towbar -- the brief's own body-corrosion example category"
20310,"Body, chassis, structure",Catch,5757,mechanical,"Body, chassis, structure: corrosion and structural integrity of the body shell, seats, doors, mountings and towbar -- the brief's own body-corrosion example category"
20310,"Body, chassis, structure",Bearing housing,5658,mechanical,"Body, chassis, structure: corrosion and structural integrity of the body shell, seats, doors, mountings and towbar -- the brief's own body-corrosion example category"
20310,"Body, chassis, structure",Mounting fixings,5260,mechanical,"Body, chassis, structure: corrosion and structural integrity of the body shell, seats, doors, mountings and towbar -- the brief's own body-corrosion example category"
20310,"Body, chassis, structure",Strengthening plate,5112,mechanical,"Body, chassis, structure: corrosion and structural integrity of the body shell, seats, doors, mountings and towbar -- the brief's own body-corrosion example category"
20310,"Body, chassis, structure",Hinge,3573,mechanical,"Body, chassis, structure: corrosion and structural integrity of the body shell, seats, doors, mountings and towbar -- the brief's own body-corrosion example category"
20310,"Body, chassis, structure",Belts,3072,mechanical,"Body, chassis, structure: corrosion and structural integrity of the body shell, seats, doors, mountings and towbar -- the brief's own body-corrosion example category"
20310,"Body, chassis, structure",Other boot lid component,2660,mechanical,"Body, chassis, structure: corrosion and structural integrity of the body shell, seats, doors, mountings and towbar -- the brief's own body-corrosion example category"
20310,"Body, chassis, structure",Tailgate condition,1952,mechanical,"Body, chassis, structure: corrosion and structural integrity of the body shell, seats, doors, mountings and towbar -- the brief's own body-corrosion example category"
20310,"Body, chassis, structure",Loading door,1891,mechanical,"Body, chassis, structure: corrosion and structural integrity of the body shell, seats, doors, mountings and towbar -- the brief's own body-corrosion example category"
20310,"Body, chassis, structure",Steps,1866,mechanical,"Body, chassis, structure: corrosion and structural integrity of the body shell, seats, doors, mountings and towbar -- the brief's own body-corrosion example category"
20310,"Body, chassis, structure",Towbar condition,1311,mechanical,"Body, chassis, structure: corrosion and structural integrity of the body shell, seats, doors, mountings and towbar -- the brief's own body-corrosion example category"
20310,"Body, chassis, structure",Passenger compartment,1092,mechanical,"Body, chassis, structure: corrosion and structural integrity of the body shell, seats, doors, mountings and towbar -- the brief's own body-corrosion example category"
20310,"Body, chassis, structure",Access panel,393,mechanical,"Body, chassis, structure: corrosion and structural integrity of the body shell, seats, doors, mountings and towbar -- the brief's own body-corrosion example category"
20310,"Body, chassis, structure",Other tailgate component,337,mechanical,"Body, chassis, structure: corrosion and structural integrity of the body shell, seats, doors, mountings and towbar -- the brief's own body-corrosion example category"
20310,"Body, chassis, structure",Coupling,336,mechanical,"Body, chassis, structure: corrosion and structural integrity of the body shell, seats, doors, mountings and towbar -- the brief's own body-corrosion example category"
20310,"Body, chassis, structure",Pillar,323,mechanical,"Body, chassis, structure: corrosion and structural integrity of the body shell, seats, doors, mountings and towbar -- the brief's own body-corrosion example category"
20310,"Body, chassis, structure",Halfshafts,292,mechanical,"Body, chassis, structure: corrosion and structural integrity of the body shell, seats, doors, mountings and towbar -- the brief's own body-corrosion example category"
20310,"Body, chassis, structure",Safety device,260,mechanical,"Body, chassis, structure: corrosion and structural integrity of the body shell, seats, doors, mountings and towbar -- the brief's own body-corrosion example category"
20310,"Body, chassis, structure",Chains,115,mechanical,"Body, chassis, structure: corrosion and structural integrity of the body shell, seats, doors, mountings and towbar -- the brief's own body-corrosion example category"
20310,"Body, chassis, structure",Cab condition,73,mechanical,"Body, chassis, structure: corrosion and structural integrity of the body shell, seats, doors, mountings and towbar -- the brief's own body-corrosion example category"
20310,"Body, chassis, structure",Dropside condition,71,mechanical,"Body, chassis, structure: corrosion and structural integrity of the body shell, seats, doors, mountings and towbar -- the brief's own body-corrosion example category"
20310,"Body, chassis, structure",Other dropside component,38,mechanical,"Body, chassis, structure: corrosion and structural integrity of the body shell, seats, doors, mountings and towbar -- the brief's own body-corrosion example category"
20310,"Body, chassis, structure",Passenger hand grips,13,mechanical,"Body, chassis, structure: corrosion and structural integrity of the body shell, seats, doors, mountings and towbar -- the brief's own body-corrosion example category"
20310,"Body, chassis, structure",Footrests,10,mechanical,"Body, chassis, structure: corrosion and structural integrity of the body shell, seats, doors, mountings and towbar -- the brief's own body-corrosion example category"
20365,Speedometer and speed limiter,Speedometer,6459,mechanical,"Speedometer and speed limiter: an electronic/mechanical device malfunction, not owner- or climate-driven wear"
20365,Speedometer and speed limiter,Speed limiter plate,103,mechanical,"Speedometer and speed limiter: an electronic/mechanical device malfunction, not owner- or climate-driven wear"
20365,Speedometer and speed limiter,Speed limiter,74,mechanical,"Speedometer and speed limiter: an electronic/mechanical device malfunction, not owner- or climate-driven wear"
20366,Seat belts and supplementary restraint systems,SRS malfunction indicator lamp,620210,mechanical,"Seat belts and supplementary restraint systems: structural restraint-system integrity (see override for 'Requirements', a fitment/spec mismatch rather than a condition fault)"
20366,Seat belts and supplementary restraint systems,Condition,439503,mechanical,"Seat belts and supplementary restraint systems: structural restraint-system integrity (see override for 'Requirements', a fitment/spec mismatch rather than a condition fault)"
20366,Seat belts and supplementary restraint systems,Prescribed areas,386018,mechanical,"Seat belts and supplementary restraint systems: structural restraint-system integrity (see override for 'Requirements', a fitment/spec mismatch rather than a condition fault)"
20366,Seat belts and supplementary restraint systems,Requirements,26700,administrative_or_other,"rfr_desc 'of the wrong type' -- a fitment/spec mismatch, not a condition or wear finding"
20366,Seat belts and supplementary restraint systems,Driver's airbag,15314,mechanical,"Seat belts and supplementary restraint systems: structural restraint-system integrity (see override for 'Requirements', a fitment/spec mismatch rather than a condition fault)"
20366,Seat belts and supplementary restraint systems,Attachment,12543,mechanical,"Seat belts and supplementary restraint systems: structural restraint-system integrity (see override for 'Requirements', a fitment/spec mismatch rather than a condition fault)"
20366,Seat belts and supplementary restraint systems,Passenger's airbag,2646,mechanical,"Seat belts and supplementary restraint systems: structural restraint-system integrity (see override for 'Requirements', a fitment/spec mismatch rather than a condition fault)"
20366,Seat belts and supplementary restraint systems,Pre-tensioners,2248,mechanical,"Seat belts and supplementary restraint systems: structural restraint-system integrity (see override for 'Requirements', a fitment/spec mismatch rather than a condition fault)"
20366,Seat belts and supplementary restraint systems,Load limiters,183,mechanical,"Seat belts and supplementary restraint systems: structural restraint-system integrity (see override for 'Requirements', a fitment/spec mismatch rather than a condition fault)"
20385,"Noise, emissions and leaks",Malfunction indicator lamp,1916001,mechanical,"Noise, emissions and leaks: catalyst/engine management and fluid-seal integrity -- an emissions or leak failure reflects the engine and exhaust system's mechanical condition (see override for 'Emissions not tested')"
20385,"Noise, emissions and leaks",Catalyst emissions,1749170,mechanical,"Noise, emissions and leaks: catalyst/engine management and fluid-seal integrity -- an emissions or leak failure reflects the engine and exhaust system's mechanical condition (see override for 'Emissions not tested')"
20385,"Noise, emissions and leaks",Emissions not tested,535013,administrative_or_other,"Measurement not completed, not a defect finding"
20385,"Noise, emissions and leaks",On or after 01/07/2008,267988,mechanical,"Noise, emissions and leaks: catalyst/engine management and fluid-seal integrity -- an emissions or leak failure reflects the engine and exhaust system's mechanical condition (see override for 'Emissions not tested')"
20385,"Noise, emissions and leaks",Pre 01/07/2008 Turbo,186160,mechanical,"Noise, emissions and leaks: catalyst/engine management and fluid-seal integrity -- an emissions or leak failure reflects the engine and exhaust system's mechanical condition (see override for 'Emissions not tested')"
20385,"Noise, emissions and leaks",Engine oil leaks,180932,mechanical,"Noise, emissions and leaks: catalyst/engine management and fluid-seal integrity -- an emissions or leak failure reflects the engine and exhaust system's mechanical condition (see override for 'Emissions not tested')"
20385,"Noise, emissions and leaks",On or after 01/01/2014,142711,mechanical,"Noise, emissions and leaks: catalyst/engine management and fluid-seal integrity -- an emissions or leak failure reflects the engine and exhaust system's mechanical condition (see override for 'Emissions not tested')"
20385,"Noise, emissions and leaks",Pre 01/07/2008 Non turbo,69206,mechanical,"Noise, emissions and leaks: catalyst/engine management and fluid-seal integrity -- an emissions or leak failure reflects the engine and exhaust system's mechanical condition (see override for 'Emissions not tested')"
20385,"Noise, emissions and leaks",Non catalyst emissions,49422,mechanical,"Noise, emissions and leaks: catalyst/engine management and fluid-seal integrity -- an emissions or leak failure reflects the engine and exhaust system's mechanical condition (see override for 'Emissions not tested')"
20385,"Noise, emissions and leaks",Other leaks,23959,mechanical,"Noise, emissions and leaks: catalyst/engine management and fluid-seal integrity -- an emissions or leak failure reflects the engine and exhaust system's mechanical condition (see override for 'Emissions not tested')"
20385,"Noise, emissions and leaks",Catalytic converter,17101,mechanical,"Noise, emissions and leaks: catalyst/engine management and fluid-seal integrity -- an emissions or leak failure reflects the engine and exhaust system's mechanical condition (see override for 'Emissions not tested')"
20385,"Noise, emissions and leaks",Undertray,15750,mechanical,"Noise, emissions and leaks: catalyst/engine management and fluid-seal integrity -- an emissions or leak failure reflects the engine and exhaust system's mechanical condition (see override for 'Emissions not tested')"
20385,"Noise, emissions and leaks",Transmission oil leaks,14065,mechanical,"Noise, emissions and leaks: catalyst/engine management and fluid-seal integrity -- an emissions or leak failure reflects the engine and exhaust system's mechanical condition (see override for 'Emissions not tested')"
20385,"Noise, emissions and leaks",Hydraulic fluid leaks,9582,mechanical,"Noise, emissions and leaks: catalyst/engine management and fluid-seal integrity -- an emissions or leak failure reflects the engine and exhaust system's mechanical condition (see override for 'Emissions not tested')"
20385,"Noise, emissions and leaks",Other emission control equipment,6759,mechanical,"Noise, emissions and leaks: catalyst/engine management and fluid-seal integrity -- an emissions or leak failure reflects the engine and exhaust system's mechanical condition (see override for 'Emissions not tested')"
20385,"Noise, emissions and leaks",Particulate filter,5748,mechanical,"Noise, emissions and leaks: catalyst/engine management and fluid-seal integrity -- an emissions or leak failure reflects the engine and exhaust system's mechanical condition (see override for 'Emissions not tested')"
20385,"Noise, emissions and leaks",Sound deadening material,5257,mechanical,"Noise, emissions and leaks: catalyst/engine management and fluid-seal integrity -- an emissions or leak failure reflects the engine and exhaust system's mechanical condition (see override for 'Emissions not tested')"
20385,"Noise, emissions and leaks",Oxygen sensor,3573,mechanical,"Noise, emissions and leaks: catalyst/engine management and fluid-seal integrity -- an emissions or leak failure reflects the engine and exhaust system's mechanical condition (see override for 'Emissions not tested')"
20385,"Noise, emissions and leaks",Exhaust gas recirculation valve,2888,mechanical,"Noise, emissions and leaks: catalyst/engine management and fluid-seal integrity -- an emissions or leak failure reflects the engine and exhaust system's mechanical condition (see override for 'Emissions not tested')"
20385,"Noise, emissions and leaks",NOx sensor,2205,mechanical,"Noise, emissions and leaks: catalyst/engine management and fluid-seal integrity -- an emissions or leak failure reflects the engine and exhaust system's mechanical condition (see override for 'Emissions not tested')"
20385,"Noise, emissions and leaks",Pre 01/01/1980 visual,1141,mechanical,"Noise, emissions and leaks: catalyst/engine management and fluid-seal integrity -- an emissions or leak failure reflects the engine and exhaust system's mechanical condition (see override for 'Emissions not tested')"
20422,Buses and coaches supplementary tests,Passenger entrance/exit doors,1320,administrative_or_other,"Buses and coaches supplementary tests: passenger-door, step and grab-handle hardware specific to buses/coaches, not applicable to the ordinary passenger cars this project ranks; 2,484 rows total, immaterial"
20422,Buses and coaches supplementary tests,Steps,589,administrative_or_other,"Buses and coaches supplementary tests: passenger-door, step and grab-handle hardware specific to buses/coaches, not applicable to the ordinary passenger cars this project ranks; 2,484 rows total, immaterial"
20422,Buses and coaches supplementary tests,Emergency exits ,373,administrative_or_other,"Buses and coaches supplementary tests: passenger-door, step and grab-handle hardware specific to buses/coaches, not applicable to the ordinary passenger cars this project ranks; 2,484 rows total, immaterial"
20422,Buses and coaches supplementary tests,Retractable steps,114,administrative_or_other,"Buses and coaches supplementary tests: passenger-door, step and grab-handle hardware specific to buses/coaches, not applicable to the ordinary passenger cars this project ranks; 2,484 rows total, immaterial"
20422,Buses and coaches supplementary tests,Passenger grab handles,86,administrative_or_other,"Buses and coaches supplementary tests: passenger-door, step and grab-handle hardware specific to buses/coaches, not applicable to the ordinary passenger cars this project ranks; 2,484 rows total, immaterial"
20422,Buses and coaches supplementary tests,Stairs,2,administrative_or_other,"Buses and coaches supplementary tests: passenger-door, step and grab-handle hardware specific to buses/coaches, not applicable to the ordinary passenger cars this project ranks; 2,484 rows total, immaterial"
20431,Seat belt installation check,Belt(s)/padding,4260,administrative_or_other,"Seat belt installation check: a check of whether belts were installed as originally type-approved, i.e. a compliance/spec check, not a condition or wear finding"
20431,Seat belt installation check,Anchorages,3405,administrative_or_other,"Seat belt installation check: a check of whether belts were installed as originally type-approved, i.e. a compliance/spec check, not a condition or wear finding"
20448,Road Wheels,Attachment,512651,mechanical,"Road Wheels: wheel attachment, condition and hub integrity -- structural wheel-fixing faults, not a scheduled wear item (tyre wear is a separate section, see 20449)"
20448,Road Wheels,Condition,134710,mechanical,"Road Wheels: wheel attachment, condition and hub integrity -- structural wheel-fixing faults, not a scheduled wear item (tyre wear is a separate section, see 20449)"
20448,Road Wheels,Carrier,6591,mechanical,"Road Wheels: wheel attachment, condition and hub integrity -- structural wheel-fixing faults, not a scheduled wear item (tyre wear is a separate section, see 20449)"
20448,Road Wheels,Spare wheel condition,5622,mechanical,"Road Wheels: wheel attachment, condition and hub integrity -- structural wheel-fixing faults, not a scheduled wear item (tyre wear is a separate section, see 20449)"
20448,Road Wheels,Hubs,1021,mechanical,"Road Wheels: wheel attachment, condition and hub integrity -- structural wheel-fixing faults, not a scheduled wear item (tyre wear is a separate section, see 20449)"
20449,Tyres,Condition,6304271,consumable,"Tyres: condition and tread depth are the textbook scheduled wear item, replaced on a mileage/exposure cycle regardless of the vehicle's own build quality (see overrides for TPMS and size/type, which are not tyre wear)"
20449,Tyres,Tread depth,4458413,consumable,"Tyres: condition and tread depth are the textbook scheduled wear item, replaced on a mileage/exposure cycle regardless of the vehicle's own build quality (see overrides for TPMS and size/type, which are not tyre wear)"
20449,Tyres,Tyre pressure monitoring system,499768,mechanical,"Electronic sensor/system fault, unrelated to tyre wear itself"
20449,Tyres,Size/type,171569,administrative_or_other,"Wrong tyre size/type/rating fitted -- a fitment/spec mismatch, not a wear or condition finding"
20449,Tyres,Valve stem,50087,consumable,"Tyres: condition and tread depth are the textbook scheduled wear item, replaced on a mileage/exposure cycle regardless of the vehicle's own build quality (see overrides for TPMS and size/type, which are not tyre wear)"
