regime,basis,fuel_type,band_min,band_max,dkk_per_half_year,surcharge_dkk_per_half_year,note,verified_date,source_url
A,km_per_liter,Benzin,50.0,,460,,,2026-07-31,https://info.skat.dk/data.aspx?oid=2303932
B,km_per_liter,Benzin,50.0,,460,,,2026-07-31,https://info.skat.dk/data.aspx?oid=2303932
A,km_per_liter,Benzin,44.4,50.0,460,,,2026-07-31,https://info.skat.dk/data.aspx?oid=2303932
B,km_per_liter,Benzin,44.4,50.0,520,,,2026-07-31,https://info.skat.dk/data.aspx?oid=2303932
A,km_per_liter,Benzin,40.0,44.4,460,,,2026-07-31,https://info.skat.dk/data.aspx?oid=2303932
B,km_per_liter,Benzin,40.0,44.4,540,,,2026-07-31,https://info.skat.dk/data.aspx?oid=2303932
A,km_per_liter,Benzin,36.4,40.0,460,,,2026-07-31,https://info.skat.dk/data.aspx?oid=2303932
B,km_per_liter,Benzin,36.4,40.0,570,,,2026-07-31,https://info.skat.dk/data.aspx?oid=2303932
A,km_per_liter,Benzin,33.3,36.4,460,,,2026-07-31,https://info.skat.dk/data.aspx?oid=2303932
B,km_per_liter,Benzin,33.3,36.4,600,,,2026-07-31,https://info.skat.dk/data.aspx?oid=2303932
A,km_per_liter,Benzin,28.6,33.3,460,,,2026-07-31,https://info.skat.dk/data.aspx?oid=2303932
B,km_per_liter,Benzin,28.6,33.3,640,,,2026-07-31,https://info.skat.dk/data.aspx?oid=2303932
A,km_per_liter,Benzin,25.0,28.6,460,,,2026-07-31,https://info.skat.dk/data.aspx?oid=2303932
B,km_per_liter,Benzin,25.0,28.6,700,,,2026-07-31,https://info.skat.dk/data.aspx?oid=2303932
A,km_per_liter,Benzin,22.2,25.0,460,,,2026-07-31,https://info.skat.dk/data.aspx?oid=2303932
B,km_per_liter,Benzin,22.2,25.0,760,,,2026-07-31,https://info.skat.dk/data.aspx?oid=2303932
A,km_per_liter,Benzin,20.0,22.2,460,,,2026-07-31,https://info.skat.dk/data.aspx?oid=2303932
B,km_per_liter,Benzin,20.0,22.2,800,,,2026-07-31,https://info.skat.dk/data.aspx?oid=2303932
A,km_per_liter,Benzin,18.2,20.0,880,,,2026-07-31,https://info.skat.dk/data.aspx?oid=2303932
B,km_per_liter,Benzin,18.2,20.0,1220,,,2026-07-31,https://info.skat.dk/data.aspx?oid=2303932
A,km_per_liter,Benzin,16.7,18.2,1290,,,2026-07-31,https://info.skat.dk/data.aspx?oid=2303932
B,km_per_liter,Benzin,16.7,18.2,1630,,,2026-07-31,https://info.skat.dk/data.aspx?oid=2303932
A,km_per_liter,Benzin,15.4,16.7,1740,,,2026-07-31,https://info.skat.dk/data.aspx?oid=2303932
B,km_per_liter,Benzin,15.4,16.7,2080,,,2026-07-31,https://info.skat.dk/data.aspx?oid=2303932
A,km_per_liter,Benzin,14.3,15.4,2160,,,2026-07-31,https://info.skat.dk/data.aspx?oid=2303932
B,km_per_liter,Benzin,14.3,15.4,2500,,,2026-07-31,https://info.skat.dk/data.aspx?oid=2303932
A,km_per_liter,Benzin,13.3,14.3,2570,,,2026-07-31,https://info.skat.dk/data.aspx?oid=2303932
B,km_per_liter,Benzin,13.3,14.3,2910,,,2026-07-31,https://info.skat.dk/data.aspx?oid=2303932
A,km_per_liter,Benzin,12.5,13.3,2990,,,2026-07-31,https://info.skat.dk/data.aspx?oid=2303932
B,km_per_liter,Benzin,12.5,13.3,3330,,,2026-07-31,https://info.skat.dk/data.aspx?oid=2303932
A,km_per_liter,Benzin,11.8,12.5,3400,,,2026-07-31,https://info.skat.dk/data.aspx?oid=2303932
B,km_per_liter,Benzin,11.8,12.5,3740,,,2026-07-31,https://info.skat.dk/data.aspx?oid=2303932
A,km_per_liter,Benzin,11.1,11.8,3830,,,2026-07-31,https://info.skat.dk/data.aspx?oid=2303932
B,km_per_liter,Benzin,11.1,11.8,4180,,,2026-07-31,https://info.skat.dk/data.aspx?oid=2303932
A,km_per_liter,Benzin,10.5,11.1,4260,,,2026-07-31,https://info.skat.dk/data.aspx?oid=2303932
B,km_per_liter,Benzin,10.5,11.1,4600,,,2026-07-31,https://info.skat.dk/data.aspx?oid=2303932
A,km_per_liter,Benzin,10.0,10.5,4680,,,2026-07-31,https://info.skat.dk/data.aspx?oid=2303932
B,km_per_liter,Benzin,10.0,10.5,5020,,,2026-07-31,https://info.skat.dk/data.aspx?oid=2303932
A,km_per_liter,Benzin,9.1,10.0,5500,,,2026-07-31,https://info.skat.dk/data.aspx?oid=2303932
B,km_per_liter,Benzin,9.1,10.0,5840,,,2026-07-31,https://info.skat.dk/data.aspx?oid=2303932
A,km_per_liter,Benzin,8.3,9.1,6380,,,2026-07-31,https://info.skat.dk/data.aspx?oid=2303932
B,km_per_liter,Benzin,8.3,9.1,6720,,,2026-07-31,https://info.skat.dk/data.aspx?oid=2303932
A,km_per_liter,Benzin,7.7,8.3,7210,,,2026-07-31,https://info.skat.dk/data.aspx?oid=2303932
B,km_per_liter,Benzin,7.7,8.3,7550,,,2026-07-31,https://info.skat.dk/data.aspx?oid=2303932
A,km_per_liter,Benzin,7.1,7.7,8040,,,2026-07-31,https://info.skat.dk/data.aspx?oid=2303932
B,km_per_liter,Benzin,7.1,7.7,8380,,,2026-07-31,https://info.skat.dk/data.aspx?oid=2303932
A,km_per_liter,Benzin,6.7,7.1,8880,,,2026-07-31,https://info.skat.dk/data.aspx?oid=2303932
B,km_per_liter,Benzin,6.7,7.1,9230,,,2026-07-31,https://info.skat.dk/data.aspx?oid=2303932
A,km_per_liter,Benzin,6.3,6.7,9740,,,2026-07-31,https://info.skat.dk/data.aspx?oid=2303932
B,km_per_liter,Benzin,6.3,6.7,10080,,,2026-07-31,https://info.skat.dk/data.aspx?oid=2303932
A,km_per_liter,Benzin,5.9,6.3,10580,,,2026-07-31,https://info.skat.dk/data.aspx?oid=2303932
B,km_per_liter,Benzin,5.9,6.3,10920,,,2026-07-31,https://info.skat.dk/data.aspx?oid=2303932
A,km_per_liter,Benzin,5.6,5.9,11410,,,2026-07-31,https://info.skat.dk/data.aspx?oid=2303932
B,km_per_liter,Benzin,5.6,5.9,11760,,,2026-07-31,https://info.skat.dk/data.aspx?oid=2303932
A,km_per_liter,Benzin,5.3,5.6,12290,,,2026-07-31,https://info.skat.dk/data.aspx?oid=2303932
B,km_per_liter,Benzin,5.3,5.6,12630,,,2026-07-31,https://info.skat.dk/data.aspx?oid=2303932
A,km_per_liter,Benzin,5.0,5.3,13120,,,2026-07-31,https://info.skat.dk/data.aspx?oid=2303932
B,km_per_liter,Benzin,5.0,5.3,13470,,,2026-07-31,https://info.skat.dk/data.aspx?oid=2303932
A,km_per_liter,Benzin,4.8,5.0,13960,,,2026-07-31,https://info.skat.dk/data.aspx?oid=2303932
B,km_per_liter,Benzin,4.8,5.0,14300,,,2026-07-31,https://info.skat.dk/data.aspx?oid=2303932
A,km_per_liter,Benzin,4.5,4.8,14800,,,2026-07-31,https://info.skat.dk/data.aspx?oid=2303932
B,km_per_liter,Benzin,4.5,4.8,15140,,,2026-07-31,https://info.skat.dk/data.aspx?oid=2303932
A,km_per_liter,Benzin,,4.5,15660,,,2026-07-31,https://info.skat.dk/data.aspx?oid=2303932
B,km_per_liter,Benzin,,4.5,16000,,,2026-07-31,https://info.skat.dk/data.aspx?oid=2303932
A,km_per_liter,Diesel,56.3,,460,120,"regime-A-diesel-scale-gap, floored to lowest published band",2026-07-31,https://info.skat.dk/data.aspx?oid=2303932
B,km_per_liter,Diesel,56.3,,460,120,,2026-07-31,https://info.skat.dk/data.aspx?oid=2303932
A,km_per_liter,Diesel,50.0,56.3,460,120,"regime-A-diesel-scale-gap, floored to lowest published band",2026-07-31,https://info.skat.dk/data.aspx?oid=2303932
B,km_per_liter,Diesel,50.0,56.3,520,120,,2026-07-31,https://info.skat.dk/data.aspx?oid=2303932
A,km_per_liter,Diesel,45.0,50.0,460,120,"regime-A-diesel-scale-gap, floored to lowest published band",2026-07-31,https://info.skat.dk/data.aspx?oid=2303932
B,km_per_liter,Diesel,45.0,50.0,540,120,,2026-07-31,https://info.skat.dk/data.aspx?oid=2303932
A,km_per_liter,Diesel,41.0,45.0,460,120,"regime-A-diesel-scale-gap, floored to lowest published band",2026-07-31,https://info.skat.dk/data.aspx?oid=2303932
B,km_per_liter,Diesel,41.0,45.0,570,120,,2026-07-31,https://info.skat.dk/data.aspx?oid=2303932
A,km_per_liter,Diesel,37.6,41.0,460,120,"regime-A-diesel-scale-gap, floored to lowest published band",2026-07-31,https://info.skat.dk/data.aspx?oid=2303932
B,km_per_liter,Diesel,37.6,41.0,600,120,,2026-07-31,https://info.skat.dk/data.aspx?oid=2303932
A,km_per_liter,Diesel,32.1,37.6,460,120,"regime-A-diesel-scale-gap, floored to lowest published band",2026-07-31,https://info.skat.dk/data.aspx?oid=2303932
B,km_per_liter,Diesel,32.1,37.6,640,120,,2026-07-31,https://info.skat.dk/data.aspx?oid=2303932
A,km_per_liter,Diesel,28.1,32.1,460,520,"regime-A-diesel-scale-gap, floored to lowest published band",2026-07-31,https://info.skat.dk/data.aspx?oid=2303932
B,km_per_liter,Diesel,28.1,32.1,700,520,,2026-07-31,https://info.skat.dk/data.aspx?oid=2303932
A,km_per_liter,Diesel,25.0,28.1,460,930,"regime-A-diesel-scale-gap, floored to lowest published band",2026-07-31,https://info.skat.dk/data.aspx?oid=2303932
B,km_per_liter,Diesel,25.0,28.1,760,930,,2026-07-31,https://info.skat.dk/data.aspx?oid=2303932
A,km_per_liter,Diesel,22.5,25.0,460,1000,,2026-07-31,https://info.skat.dk/data.aspx?oid=2303932
B,km_per_liter,Diesel,22.5,25.0,800,1000,,2026-07-31,https://info.skat.dk/data.aspx?oid=2303932
A,km_per_liter,Diesel,20.5,22.5,880,1100,,2026-07-31,https://info.skat.dk/data.aspx?oid=2303932
B,km_per_liter,Diesel,20.5,22.5,1220,1100,,2026-07-31,https://info.skat.dk/data.aspx?oid=2303932
A,km_per_liter,Diesel,18.8,20.5,1290,1190,,2026-07-31,https://info.skat.dk/data.aspx?oid=2303932
B,km_per_liter,Diesel,18.8,20.5,1630,1190,,2026-07-31,https://info.skat.dk/data.aspx?oid=2303932
A,km_per_liter,Diesel,17.3,18.8,1740,1280,,2026-07-31,https://info.skat.dk/data.aspx?oid=2303932
B,km_per_liter,Diesel,17.3,18.8,2080,1280,,2026-07-31,https://info.skat.dk/data.aspx?oid=2303932
A,km_per_liter,Diesel,16.1,17.3,2160,1380,,2026-07-31,https://info.skat.dk/data.aspx?oid=2303932
B,km_per_liter,Diesel,16.1,17.3,2500,1380,,2026-07-31,https://info.skat.dk/data.aspx?oid=2303932
A,km_per_liter,Diesel,15.0,16.1,2570,1470,,2026-07-31,https://info.skat.dk/data.aspx?oid=2303932
B,km_per_liter,Diesel,15.0,16.1,2910,1470,,2026-07-31,https://info.skat.dk/data.aspx?oid=2303932
A,km_per_liter,Diesel,14.1,15.0,2990,1590,,2026-07-31,https://info.skat.dk/data.aspx?oid=2303932
B,km_per_liter,Diesel,14.1,15.0,3330,1590,,2026-07-31,https://info.skat.dk/data.aspx?oid=2303932
A,km_per_liter,Diesel,13.2,14.1,3400,1680,,2026-07-31,https://info.skat.dk/data.aspx?oid=2303932
B,km_per_liter,Diesel,13.2,14.1,3740,1680,,2026-07-31,https://info.skat.dk/data.aspx?oid=2303932
A,km_per_liter,Diesel,12.5,13.2,3830,1800,,2026-07-31,https://info.skat.dk/data.aspx?oid=2303932
B,km_per_liter,Diesel,12.5,13.2,4180,1800,,2026-07-31,https://info.skat.dk/data.aspx?oid=2303932
A,km_per_liter,Diesel,11.9,12.5,4260,1880,,2026-07-31,https://info.skat.dk/data.aspx?oid=2303932
B,km_per_liter,Diesel,11.9,12.5,4600,1880,,2026-07-31,https://info.skat.dk/data.aspx?oid=2303932
A,km_per_liter,Diesel,11.3,11.9,4680,1970,,2026-07-31,https://info.skat.dk/data.aspx?oid=2303932
B,km_per_liter,Diesel,11.3,11.9,5020,1970,,2026-07-31,https://info.skat.dk/data.aspx?oid=2303932
A,km_per_liter,Diesel,10.2,11.3,5500,2180,,2026-07-31,https://info.skat.dk/data.aspx?oid=2303932
B,km_per_liter,Diesel,10.2,11.3,5840,2180,,2026-07-31,https://info.skat.dk/data.aspx?oid=2303932
A,km_per_liter,Diesel,9.4,10.2,6380,2360,,2026-07-31,https://info.skat.dk/data.aspx?oid=2303932
B,km_per_liter,Diesel,9.4,10.2,6720,2360,,2026-07-31,https://info.skat.dk/data.aspx?oid=2303932
A,km_per_liter,Diesel,8.7,9.4,7210,2550,,2026-07-31,https://info.skat.dk/data.aspx?oid=2303932
B,km_per_liter,Diesel,8.7,9.4,7550,2550,,2026-07-31,https://info.skat.dk/data.aspx?oid=2303932
A,km_per_liter,Diesel,8.1,8.7,8040,2770,,2026-07-31,https://info.skat.dk/data.aspx?oid=2303932
B,km_per_liter,Diesel,8.1,8.7,8380,2770,,2026-07-31,https://info.skat.dk/data.aspx?oid=2303932
A,km_per_liter,Diesel,7.5,8.1,8880,2930,,2026-07-31,https://info.skat.dk/data.aspx?oid=2303932
B,km_per_liter,Diesel,7.5,8.1,9230,2930,,2026-07-31,https://info.skat.dk/data.aspx?oid=2303932
A,km_per_liter,Diesel,7.0,7.5,9740,3110,,2026-07-31,https://info.skat.dk/data.aspx?oid=2303932
B,km_per_liter,Diesel,7.0,7.5,10080,3110,,2026-07-31,https://info.skat.dk/data.aspx?oid=2303932
A,km_per_liter,Diesel,6.6,7.0,10580,3340,,2026-07-31,https://info.skat.dk/data.aspx?oid=2303932
B,km_per_liter,Diesel,6.6,7.0,10920,3340,,2026-07-31,https://info.skat.dk/data.aspx?oid=2303932
A,km_per_liter,Diesel,6.2,6.6,11410,3520,,2026-07-31,https://info.skat.dk/data.aspx?oid=2303932
B,km_per_liter,Diesel,6.2,6.6,11760,3520,,2026-07-31,https://info.skat.dk/data.aspx?oid=2303932
A,km_per_liter,Diesel,5.9,6.2,12290,3710,,2026-07-31,https://info.skat.dk/data.aspx?oid=2303932
B,km_per_liter,Diesel,5.9,6.2,12630,3710,,2026-07-31,https://info.skat.dk/data.aspx?oid=2303932
A,km_per_liter,Diesel,5.6,5.9,13120,3920,,2026-07-31,https://info.skat.dk/data.aspx?oid=2303932
B,km_per_liter,Diesel,5.6,5.9,13470,3920,,2026-07-31,https://info.skat.dk/data.aspx?oid=2303932
A,km_per_liter,Diesel,5.4,5.6,13960,4120,,2026-07-31,https://info.skat.dk/data.aspx?oid=2303932
B,km_per_liter,Diesel,5.4,5.6,14300,4120,,2026-07-31,https://info.skat.dk/data.aspx?oid=2303932
A,km_per_liter,Diesel,5.1,5.4,14800,4370,,2026-07-31,https://info.skat.dk/data.aspx?oid=2303932
B,km_per_liter,Diesel,5.1,5.4,15140,4370,,2026-07-31,https://info.skat.dk/data.aspx?oid=2303932
A,km_per_liter,Diesel,,5.1,15660,4580,,2026-07-31,https://info.skat.dk/data.aspx?oid=2303932
B,km_per_liter,Diesel,,5.1,16000,4580,,2026-07-31,https://info.skat.dk/data.aspx?oid=2303932
C,co2_gkm,Benzin,,58,460,,,2026-07-31,https://info.skat.dk/data.aspx?oid=2303931
C,co2_gkm,Diesel,,58,460,120,,2026-07-31,https://info.skat.dk/data.aspx?oid=2303931
C,co2_gkm,Benzin,58,65,520,,,2026-07-31,https://info.skat.dk/data.aspx?oid=2303931
C,co2_gkm,Diesel,58,65,520,120,,2026-07-31,https://info.skat.dk/data.aspx?oid=2303931
C,co2_gkm,Benzin,65,73,540,,,2026-07-31,https://info.skat.dk/data.aspx?oid=2303931
C,co2_gkm,Diesel,65,73,540,120,,2026-07-31,https://info.skat.dk/data.aspx?oid=2303931
C,co2_gkm,Benzin,73,80,570,,,2026-07-31,https://info.skat.dk/data.aspx?oid=2303931
C,co2_gkm,Diesel,73,80,570,120,,2026-07-31,https://info.skat.dk/data.aspx?oid=2303931
C,co2_gkm,Benzin,80,87,600,,,2026-07-31,https://info.skat.dk/data.aspx?oid=2303931
C,co2_gkm,Diesel,80,87,600,120,,2026-07-31,https://info.skat.dk/data.aspx?oid=2303931
C,co2_gkm,Benzin,87,102,640,,,2026-07-31,https://info.skat.dk/data.aspx?oid=2303931
C,co2_gkm,Diesel,87,102,640,120,,2026-07-31,https://info.skat.dk/data.aspx?oid=2303931
C,co2_gkm,Benzin,102,116,700,,,2026-07-31,https://info.skat.dk/data.aspx?oid=2303931
C,co2_gkm,Diesel,102,116,700,520,,2026-07-31,https://info.skat.dk/data.aspx?oid=2303931
C,co2_gkm,Benzin,116,131,760,,,2026-07-31,https://info.skat.dk/data.aspx?oid=2303931
C,co2_gkm,Diesel,116,131,760,930,,2026-07-31,https://info.skat.dk/data.aspx?oid=2303931
C,co2_gkm,Benzin,131,145,800,,,2026-07-31,https://info.skat.dk/data.aspx?oid=2303931
C,co2_gkm,Diesel,131,145,800,1000,,2026-07-31,https://info.skat.dk/data.aspx?oid=2303931
C,co2_gkm,Benzin,145,160,1220,,,2026-07-31,https://info.skat.dk/data.aspx?oid=2303931
C,co2_gkm,Diesel,145,160,1220,1100,,2026-07-31,https://info.skat.dk/data.aspx?oid=2303931
C,co2_gkm,Benzin,160,174,1630,,,2026-07-31,https://info.skat.dk/data.aspx?oid=2303931
C,co2_gkm,Diesel,160,174,1630,1190,,2026-07-31,https://info.skat.dk/data.aspx?oid=2303931
C,co2_gkm,Benzin,174,189,2080,,,2026-07-31,https://info.skat.dk/data.aspx?oid=2303931
C,co2_gkm,Diesel,174,189,2080,1280,,2026-07-31,https://info.skat.dk/data.aspx?oid=2303931
C,co2_gkm,Benzin,189,203,2500,,,2026-07-31,https://info.skat.dk/data.aspx?oid=2303931
C,co2_gkm,Diesel,189,203,2500,1380,,2026-07-31,https://info.skat.dk/data.aspx?oid=2303931
C,co2_gkm,Benzin,203,218,2910,,,2026-07-31,https://info.skat.dk/data.aspx?oid=2303931
C,co2_gkm,Diesel,203,218,2910,1470,,2026-07-31,https://info.skat.dk/data.aspx?oid=2303931
C,co2_gkm,Benzin,218,232,3330,,,2026-07-31,https://info.skat.dk/data.aspx?oid=2303931
C,co2_gkm,Diesel,218,232,3330,1590,,2026-07-31,https://info.skat.dk/data.aspx?oid=2303931
C,co2_gkm,Benzin,232,246,3740,,,2026-07-31,https://info.skat.dk/data.aspx?oid=2303931
C,co2_gkm,Diesel,232,246,3740,1680,,2026-07-31,https://info.skat.dk/data.aspx?oid=2303931
C,co2_gkm,Benzin,246,262,4180,,,2026-07-31,https://info.skat.dk/data.aspx?oid=2303931
C,co2_gkm,Diesel,246,262,4180,1800,,2026-07-31,https://info.skat.dk/data.aspx?oid=2303931
C,co2_gkm,Benzin,262,277,4600,,,2026-07-31,https://info.skat.dk/data.aspx?oid=2303931
C,co2_gkm,Diesel,262,277,4600,1880,,2026-07-31,https://info.skat.dk/data.aspx?oid=2303931
C,co2_gkm,Benzin,277,290,5020,,,2026-07-31,https://info.skat.dk/data.aspx?oid=2303931
C,co2_gkm,Diesel,277,290,5020,1970,,2026-07-31,https://info.skat.dk/data.aspx?oid=2303931
C,co2_gkm,Benzin,290,319,5840,,,2026-07-31,https://info.skat.dk/data.aspx?oid=2303931
C,co2_gkm,Diesel,290,319,5840,2180,,2026-07-31,https://info.skat.dk/data.aspx?oid=2303931
C,co2_gkm,Benzin,319,350,6720,,,2026-07-31,https://info.skat.dk/data.aspx?oid=2303931
C,co2_gkm,Diesel,319,350,6720,2360,,2026-07-31,https://info.skat.dk/data.aspx?oid=2303931
C,co2_gkm,Benzin,350,377,7550,,,2026-07-31,https://info.skat.dk/data.aspx?oid=2303931
C,co2_gkm,Diesel,350,377,7550,2550,,2026-07-31,https://info.skat.dk/data.aspx?oid=2303931
C,co2_gkm,Benzin,377,409,8380,,,2026-07-31,https://info.skat.dk/data.aspx?oid=2303931
C,co2_gkm,Diesel,377,409,8380,2770,,2026-07-31,https://info.skat.dk/data.aspx?oid=2303931
C,co2_gkm,Benzin,409,433,9230,,,2026-07-31,https://info.skat.dk/data.aspx?oid=2303931
C,co2_gkm,Diesel,409,433,9230,2930,,2026-07-31,https://info.skat.dk/data.aspx?oid=2303931
C,co2_gkm,Benzin,433,461,10080,,,2026-07-31,https://info.skat.dk/data.aspx?oid=2303931
C,co2_gkm,Diesel,433,461,10080,3110,,2026-07-31,https://info.skat.dk/data.aspx?oid=2303931
C,co2_gkm,Benzin,461,492,10920,,,2026-07-31,https://info.skat.dk/data.aspx?oid=2303931
C,co2_gkm,Diesel,461,492,10920,3340,,2026-07-31,https://info.skat.dk/data.aspx?oid=2303931
C,co2_gkm,Benzin,492,519,11760,,,2026-07-31,https://info.skat.dk/data.aspx?oid=2303931
C,co2_gkm,Diesel,492,519,11760,3520,,2026-07-31,https://info.skat.dk/data.aspx?oid=2303931
C,co2_gkm,Benzin,519,548,12630,,,2026-07-31,https://info.skat.dk/data.aspx?oid=2303931
C,co2_gkm,Diesel,519,548,12630,3710,,2026-07-31,https://info.skat.dk/data.aspx?oid=2303931
C,co2_gkm,Benzin,548,581,13470,,,2026-07-31,https://info.skat.dk/data.aspx?oid=2303931
C,co2_gkm,Diesel,548,581,13470,3920,,2026-07-31,https://info.skat.dk/data.aspx?oid=2303931
C,co2_gkm,Benzin,581,605,14300,,,2026-07-31,https://info.skat.dk/data.aspx?oid=2303931
C,co2_gkm,Diesel,581,605,14300,4120,,2026-07-31,https://info.skat.dk/data.aspx?oid=2303931
C,co2_gkm,Benzin,605,645,15140,,,2026-07-31,https://info.skat.dk/data.aspx?oid=2303931
C,co2_gkm,Diesel,605,645,15140,4370,,2026-07-31,https://info.skat.dk/data.aspx?oid=2303931
C,co2_gkm,Benzin,645,,16000,,,2026-07-31,https://info.skat.dk/data.aspx?oid=2303931
C,co2_gkm,Diesel,645,,16000,4580,,2026-07-31,https://info.skat.dk/data.aspx?oid=2303931
