dmr_make,dmr_model,age_band,uk_n_all,uk_rate_all,no_n_all,no_rate_all,uk_n_mechanical,uk_rate_mechanical,no_n_mechanical,no_rate_mechanical,uk_n_consumable,uk_rate_consumable,no_n_consumable,no_rate_consumable
AUDI,A1 SPORTBACK,1,240600,0.8302,902,0.7474,240600,0.925,902,0.7883,240600,0.8848,902,0.9591
AUDI,A3,1,329089,0.8761,4115,0.7468,329089,0.969,4115,0.8327,329089,0.8996,4115,0.9207
AUDI,A3 Sportback,1,329089,0.8761,3698,0.745,329089,0.969,3698,0.8309,329089,0.8996,3698,0.9184
AUDI,A4 AVANT,1,184036,0.8555,1533,0.8571,184036,0.9382,1533,0.9267,184036,0.9052,1533,0.9615
AUDI,A5 SPORTBACK,1,120234,0.8557,233,0.8427,120234,0.9452,233,0.9214,120234,0.8999,233,0.9743
AUDI,A6 AVANT,1,103781,0.8908,526,0.8459,103781,0.9645,526,0.9425,103781,0.9211,526,0.9335
AUDI,Q2,1,135858,0.8927,1587,0.7983,135858,0.9741,1587,0.861,135858,0.9112,1587,0.9615
AUDI,Q3,1,164151,0.8833,911,0.7685,164151,0.9556,911,0.8393,164151,0.9193,911,0.9431
AUDI,Q5,1,132699,0.8816,1438,0.8547,132699,0.9477,1438,0.9496,132699,0.9259,1438,0.9422
BMW,1-Serie,1,333433,0.8573,314,0.7848,333433,0.9644,314,0.8725,333433,0.8819,314,0.943
BMW,2-Serie,1,213728,0.856,7055,0.8155,213728,0.962,7055,0.9082,213728,0.8833,7055,0.918
BMW,3-Serie,1,313391,0.8808,4744,0.7605,313391,0.9698,4744,0.9044,313391,0.9041,4744,0.9143
BMW,5-Serie,1,182728,0.8871,4543,0.829,182728,0.967,4543,0.9155,182728,0.9137,4543,0.9385
BMW,X1,1,145861,0.8812,7080,0.8569,145861,0.9702,7080,0.9384,145861,0.9045,7080,0.9245
BMW,X3,1,111810,0.8729,2884,0.8475,111810,0.966,2884,0.9481,111810,0.8993,2884,0.9265
BMW,X5,1,79157,0.8752,5474,0.7928,79157,0.9682,5474,0.934,79157,0.9015,5474,0.9096
CITROËN,BERLINGO,1,164898,0.7085,389,0.6762,164898,0.8895,389,0.7915,164898,0.7612,389,0.8691
CITROËN,C3,1,224597,0.7913,2416,0.5996,224597,0.9122,2416,0.6922,224597,0.847,2416,0.8822
CITROËN,C3 Aircross,1,60304,0.8159,782,0.6281,60304,0.9095,782,0.6762,60304,0.8798,782,0.9224
CITROËN,C4,1,166017,0.7553,2520,0.6137,166017,0.9042,2520,0.7652,166017,0.8107,2520,0.8399
CITROËN,C4 Cactus,1,48629,0.7387,1085,0.5877,48629,0.9058,1085,0.7276,48629,0.789,1085,0.8365
CITROËN,C4 PICASSO,1,14319,0.7918,823,0.6286,14319,0.9121,823,0.8006,14319,0.8478,823,0.8354
DACIA,Duster,1,104001,0.7462,767,0.587,104001,0.9076,767,0.6855,104001,0.7946,767,0.7933
FORD,C-MAX,1,65895,0.8271,235,0.7371,65895,0.9521,235,0.8259,65895,0.8597,235,0.9153
FORD,FIESTA,1,1025371,0.7889,3219,0.7834,1025371,0.9101,3219,0.8539,1025371,0.8447,3219,0.9348
FORD,FIESTA 5 DØRS,1,1025371,0.7889,3219,0.7834,1025371,0.9101,3219,0.8539,1025371,0.8447,3219,0.9348
FORD,FOCUS,1,636311,0.8434,6110,0.798,636311,0.9524,6110,0.8666,636311,0.877,6110,0.9316
FORD,FOCUS STATIONSVOGN,1,636311,0.8434,6110,0.798,636311,0.9524,6110,0.8666,636311,0.877,6110,0.9316
FORD,Focus,1,636311,0.8434,6110,0.798,636311,0.9524,6110,0.8666,636311,0.877,6110,0.9316
FORD,GALAXY,1,43215,0.8202,191,0.7081,43215,0.9595,191,0.8122,43215,0.8453,191,0.9357
FORD,KUGA,1,399644,0.849,5193,0.8205,399644,0.9678,5193,0.8685,399644,0.8705,5193,0.9581
FORD,MONDEO,1,99610,0.8651,1541,0.8291,99610,0.9766,1541,0.9004,99610,0.8812,1541,0.936
FORD,MONDEO STATIONCAR,1,99610,0.8651,1541,0.8291,99610,0.9766,1541,0.9004,99610,0.8812,1541,0.936
FORD,NY Focus,1,636311,0.8434,6110,0.798,636311,0.9524,6110,0.8666,636311,0.877,6110,0.9316
FORD,S-MAX,1,40516,0.8121,1786,0.7866,40516,0.9605,1786,0.8611,40516,0.8381,1786,0.9417
HONDA,CIVIC,1,151099,0.8573,573,0.8021,151099,0.9679,573,0.905,151099,0.8786,573,0.891
HONDA,CR-V,1,116770,0.8927,1749,0.8564,116770,0.9726,1749,0.9203,116770,0.9128,1749,0.9321
HONDA,JAZZ,1,201544,0.8752,801,0.7993,201544,0.9694,801,0.8574,201544,0.8947,801,0.9264
HYUNDAI,I20,1,109969,0.8411,1113,0.787,109969,0.9595,1113,0.8452,109969,0.8664,1113,0.9155
HYUNDAI,Ioniq,1,80426,0.8782,1674,0.7566,80426,0.9575,1674,0.8256,80426,0.9095,1674,0.9133
HYUNDAI,Tucson,1,257700,0.8406,2203,0.8471,257700,0.9437,2203,0.8995,257700,0.8787,2203,0.9462
KIA,CEE'D SW,1,101379,0.8245,984,0.81,101379,0.9499,984,0.885,101379,0.8572,984,0.9408
KIA,CEED,1,101379,0.8245,984,0.81,101379,0.9499,984,0.885,101379,0.8572,984,0.9408
KIA,CEED SW,1,101379,0.8245,984,0.81,101379,0.9499,984,0.885,101379,0.8572,984,0.9408
KIA,Niro,1,93980,0.868,5432,0.82,93980,0.9758,5432,0.8751,93980,0.8856,5432,0.9344
KIA,Optima,1,23133,0.8399,1833,0.8219,23133,0.9564,1833,0.9132,23133,0.8697,1833,0.9308
KIA,RIO,1,75096,0.8241,599,0.8323,75096,0.9574,599,0.9041,75096,0.8514,599,0.9428
KIA,SPORTAGE,1,373513,0.8313,1259,0.8249,373513,0.946,1259,0.8839,373513,0.8677,1259,0.9418
KIA,Stonic,1,47837,0.8521,630,0.7859,47837,0.9637,630,0.847,47837,0.8766,630,0.9401
MAZDA,3,1,81785,0.8132,1523,0.747,81785,0.9093,1523,0.8333,81785,0.8811,1523,0.95
MAZDA,CX-3,1,56414,0.8667,2711,0.8055,56414,0.9618,2711,0.8535,56414,0.8951,2711,0.9477
MAZDA,CX-5,1,95527,0.859,6042,0.7938,95527,0.9549,6042,0.8402,95527,0.893,6042,0.9537
MAZDA,MAZDA3,1,81785,0.8132,1523,0.747,81785,0.9093,1523,0.8333,81785,0.8811,1523,0.95
MAZDA,MAZDA6,1,48336,0.8455,1078,0.7831,48336,0.9443,1078,0.8339,48336,0.8881,1078,0.9554
MAZDA,Mazda CX-30,1,10055,0.885,2458,0.8213,10055,0.9739,2458,0.8508,10055,0.9052,2458,0.9671
MERCEDES-BENZ,A-Klasse,1,477583,0.848,2726,0.8518,477583,0.9483,2726,0.9153,477583,0.8846,2726,0.9571
MERCEDES-BENZ,B-Klasse,1,51926,0.8504,856,0.7849,51926,0.9551,856,0.8985,51926,0.8824,856,0.8836
MERCEDES-BENZ,C,1,339841,0.8567,3637,0.8214,339841,0.9468,3637,0.9373,339841,0.8984,3637,0.9502
MERCEDES-BENZ,C-Klasse,1,339841,0.8567,3637,0.8214,339841,0.9468,3637,0.9373,339841,0.8984,3637,0.9502
MERCEDES-BENZ,CLA,1,94884,0.8337,1365,0.8099,94884,0.9498,1365,0.8823,94884,0.868,1365,0.9391
MERCEDES-BENZ,E,1,235674,0.855,4198,0.8365,235674,0.9441,4198,0.9433,235674,0.8979,4198,0.9734
MERCEDES-BENZ,E-Klasse,1,235674,0.855,4198,0.8365,235674,0.9441,4198,0.9433,235674,0.8979,4198,0.9734
MERCEDES-BENZ,GLA,1,157652,0.8608,938,0.8205,157652,0.9475,938,0.9028,157652,0.8996,938,0.9372
MERCEDES-BENZ,GLC,1,163421,0.8769,6276,0.8402,163421,0.9465,6276,0.9496,163421,0.9224,6276,0.964
MERCEDES-BENZ,GLE,1,55673,0.8833,2193,0.8608,55673,0.9661,2193,0.9625,55673,0.9121,2193,0.936
MINI,COOPER,1,452448,0.8555,538,0.8547,452448,0.9727,538,0.9271,452448,0.8742,538,0.9192
MITSUBISHI,ASX,1,30442,0.8587,452,0.8374,30442,0.9535,452,0.8901,30442,0.8913,452,0.9481
MITSUBISHI,OUTLANDER,1,107990,0.864,27166,0.7797,107990,0.9543,27166,0.8493,107990,0.8961,27166,0.9191
NISSAN,QASHQAI,1,580046,0.8362,4798,0.8029,580046,0.9441,4798,0.859,580046,0.875,4798,0.9429
NISSAN,Qashqai J11A,1,580046,0.8362,4798,0.8029,580046,0.9441,4798,0.859,580046,0.875,4798,0.9429
NISSAN,X-TRAIL,1,117625,0.827,677,0.7925,117625,0.9357,677,0.8486,117625,0.8712,677,0.9309
OPEL,ASTRA,1,386690,0.8262,1077,0.8384,386690,0.941,1077,0.8667,386690,0.8641,1077,0.9683
OPEL,Crossland X,1,21436,0.8476,1377,0.6882,21436,0.9413,1377,0.7363,21436,0.8925,1377,0.9544
OPEL,Grandland X,1,34239,0.8522,2268,0.8179,34239,0.9541,2268,0.8799,34239,0.8864,2268,0.9645
OPEL,INSIGNIA,1,153091,0.8004,1365,0.8721,153091,0.9126,1365,0.9166,153091,0.8599,1365,0.9644
OPEL,Mokka,1,335043,0.7697,1060,0.8247,335043,0.8835,1060,0.8965,335043,0.8451,1060,0.9614
PEUGEOT,2008,1,182517,0.7764,2747,0.6891,182517,0.9028,2747,0.7735,182517,0.8374,2747,0.902
PEUGEOT,208,1,207166,0.7706,1123,0.6782,207166,0.9031,1123,0.7968,207166,0.8299,1123,0.8863
PEUGEOT,3008,1,175564,0.8198,7489,0.7462,175564,0.9218,7489,0.856,175564,0.8741,7489,0.9109
PEUGEOT,308,1,102601,0.8112,1141,0.646,102601,0.9247,1141,0.7747,102601,0.8604,1141,0.8572
PEUGEOT,5008,1,41590,0.788,4893,0.6804,41590,0.9239,4893,0.7967,41590,0.8362,4893,0.8961
PEUGEOT,508,1,12758,0.8187,1065,0.7223,12758,0.9412,1065,0.8498,12758,0.8611,1065,0.9248
RENAULT,Captur,1,229666,0.8093,1550,0.7318,229666,0.9186,1550,0.8262,229666,0.8625,1550,0.9432
RENAULT,Kadjar,1,140221,0.7941,356,0.7522,140221,0.9478,356,0.8186,140221,0.8261,356,0.934
RENAULT,MEGANE,1,39000,0.7717,294,0.6563,39000,0.9095,294,0.8227,39000,0.825,294,0.8351
RENAULT,MEGANE SPORT TOURER,1,39000,0.7717,294,0.6563,39000,0.9095,294,0.8227,39000,0.825,294,0.8351
SKODA,FABIA,1,187204,0.8114,2246,0.7406,187204,0.9104,2246,0.83,187204,0.874,2246,0.929
SKODA,FABIA COMBI,1,187204,0.8114,2246,0.7406,187204,0.9104,2246,0.83,187204,0.874,2246,0.929
SKODA,KAROQ,1,92186,0.8877,2413,0.8226,92186,0.9658,2413,0.8692,92186,0.9147,2413,0.9685
SKODA,KODIAQ,1,70566,0.8847,7893,0.8383,70566,0.9587,7893,0.8867,70566,0.9179,7893,0.976
SKODA,OCTAVIA,1,205326,0.8773,14749,0.8053,205326,0.9548,14749,0.8813,205326,0.9116,14749,0.9609
SKODA,OCTAVIA COMBI,1,205326,0.8773,14749,0.8053,205326,0.9548,14749,0.8813,205326,0.9116,14749,0.9609
SKODA,RAPID,1,26444,0.8112,482,0.7083,26444,0.9153,482,0.8094,26444,0.8688,482,0.9413
SKODA,RAPID SPACEBACK,1,26444,0.8112,482,0.7083,26444,0.9153,482,0.8094,26444,0.8688,482,0.9413
SKODA,SUPERB,1,85628,0.8627,6713,0.7083,85628,0.9468,6713,0.8267,85628,0.9029,6713,0.9512
SKODA,SUPERB COMBI,1,85628,0.8627,6713,0.7083,85628,0.9468,6713,0.8267,85628,0.9029,6713,0.9512
SUZUKI,IGNIS,1,47501,0.8179,1716,0.8044,47501,0.9029,1716,0.9148,47501,0.8915,1716,0.9459
SUZUKI,SWIFT,1,112302,0.8361,4184,0.778,112302,0.9446,4184,0.844,112302,0.8718,4184,0.9348
SUZUKI,SX4,1,30481,0.8503,2054,0.8768,30481,0.9611,2054,0.9175,30481,0.8753,2054,0.9527
SUZUKI,SX4 COMBIBACK,1,30481,0.8503,2054,0.8768,30481,0.9611,2054,0.9175,30481,0.8753,2054,0.9527
SUZUKI,VITARA,1,125101,0.8524,3773,0.8699,125101,0.9689,3773,0.9229,125101,0.8721,3773,0.9383
TOYOTA,AURIS,1,116195,0.8392,6033,0.8139,116195,0.9678,6033,0.8932,116195,0.8592,6033,0.8966
TOYOTA,AVENSIS,1,17973,0.8768,538,0.8515,17973,0.965,538,0.9227,17973,0.8998,538,0.9302
TOYOTA,AVENSIS STW,1,17973,0.8768,538,0.8515,17973,0.965,538,0.9227,17973,0.8998,538,0.9302
TOYOTA,COROLLA,1,66683,0.8944,9061,0.8043,66683,0.9844,9061,0.8576,66683,0.9055,9061,0.944
TOYOTA,RAV4,1,95960,0.8803,29243,0.8498,95960,0.9616,29243,0.9359,95960,0.911,29243,0.947
TOYOTA,RAV4 Plug in,1,95960,0.8803,29243,0.8498,95960,0.9616,29243,0.9359,95960,0.911,29243,0.947
TOYOTA,Toyota C-HR,1,157434,0.8419,14399,0.8181,157434,0.9795,14399,0.8908,157434,0.8552,14399,0.9189
TOYOTA,YARIS,1,313869,0.8374,16882,0.7325,313869,0.9446,16882,0.8153,313869,0.8745,16882,0.9116
TOYOTA,YARIS 5-DØRS,1,313869,0.8374,16882,0.7325,313869,0.9446,16882,0.8153,313869,0.8745,16882,0.9116
VOLKSWAGEN,CADDY,1,123004,0.7962,865,0.6482,123004,0.9137,865,0.7796,123004,0.8479,865,0.9185
VOLKSWAGEN,GOLF,1,693637,0.8795,9446,0.7982,693637,0.9652,9446,0.8706,693637,0.9056,9446,0.9519
VOLKSWAGEN,Golf Sportsvan,1,693637,0.8795,502,0.8611,693637,0.9652,502,0.9361,693637,0.9056,502,0.9659
VOLKSWAGEN,PASSAT,1,129070,0.8737,11253,0.7282,129070,0.9618,11253,0.8142,129070,0.9019,11253,0.9539
VOLKSWAGEN,PASSAT VARIANT,1,129070,0.8737,11253,0.7282,129070,0.9618,11253,0.8142,129070,0.9019,11253,0.9539
VOLKSWAGEN,POLO,1,487075,0.792,5836,0.7988,487075,0.8894,5836,0.8547,487075,0.8712,5836,0.9504
VOLKSWAGEN,T-Cross,1,26282,0.8429,1210,0.7029,26282,0.9469,1210,0.7673,26282,0.8802,1210,0.9047
VOLKSWAGEN,T-Roc,1,121908,0.8952,7258,0.8672,121908,0.9746,7258,0.9225,121908,0.9148,7258,0.9722
VOLKSWAGEN,TIGUAN,1,320154,0.8792,8054,0.816,320154,0.9538,8054,0.8769,320154,0.9154,8054,0.9626
VOLKSWAGEN,TOURAN,1,39472,0.8405,1595,0.7682,39472,0.9559,1595,0.8578,39472,0.8708,1595,0.9526
VOLKSWAGEN,UP!,1,126225,0.8147,680,0.699,126225,0.9297,680,0.7774,126225,0.8625,680,0.8523
VOLVO,V40,1,126750,0.7961,3389,0.7835,126750,0.8955,3389,0.9019,126750,0.8763,3389,0.9612
VOLVO,V60,1,43623,0.848,11028,0.8608,43623,0.9602,11028,0.9216,43623,0.8769,11028,0.9503
VOLVO,V90,1,33484,0.8608,10928,0.839,33484,0.9611,10928,0.9054,33484,0.8911,10928,0.9419
VOLVO,XC40,1,90138,0.8881,6206,0.9279,90138,0.973,6206,0.9554,90138,0.9106,6206,0.9797
VOLVO,XC60,1,140248,0.8698,16959,0.8893,140248,0.9645,16959,0.9462,140248,0.8961,16959,0.951
VOLVO,XC90,1,67785,0.8568,8675,0.8608,67785,0.9572,8675,0.9391,67785,0.8898,8675,0.9437
AUDI,A1 SPORTBACK,2,276062,0.7533,1299,0.6175,276062,0.8619,1299,0.735,276062,0.8434,1299,0.8944
AUDI,A3,2,434870,0.8258,9233,0.64,434870,0.9257,9233,0.7668,434870,0.8757,9233,0.89
AUDI,A3 Limousine,2,434870,0.8258,290,0.6687,434870,0.9257,290,0.8188,434870,0.8757,290,0.8873
AUDI,A3 Sportback,2,434870,0.8258,8901,0.6386,434870,0.9257,8901,0.7647,434870,0.8757,8901,0.8902
AUDI,A4 AVANT,2,214851,0.8029,1848,0.7383,214851,0.8938,1848,0.8826,214851,0.8784,1848,0.9186
AUDI,A5 SPORTBACK,2,125152,0.8091,267,0.6677,125152,0.9155,267,0.8175,125152,0.8664,267,0.92
AUDI,A6 AVANT,2,130713,0.8533,1067,0.7784,130713,0.9288,1067,0.8707,130713,0.9074,1067,0.9164
AUDI,Q2,2,23432,0.8586,722,0.6474,23432,0.9598,722,0.7746,23432,0.8856,722,0.9374
AUDI,Q3,2,166545,0.8095,1293,0.6304,166545,0.8853,1293,0.797,166545,0.8952,1293,0.8982
AUDI,Q5,2,111570,0.8399,2270,0.7461,111570,0.9114,2270,0.864,111570,0.907,2270,0.9161
BMW,1-Serie,2,386176,0.7964,1319,0.6303,386176,0.9313,1319,0.7464,386176,0.8365,1319,0.8778
BMW,2-Serie,2,147668,0.8071,5966,0.6298,147668,0.9223,5966,0.8184,147668,0.8561,5966,0.8623
BMW,3-Serie,2,382771,0.8302,3950,0.6635,382771,0.9447,3950,0.8021,382771,0.8652,3950,0.857
BMW,4-serie,2,165374,0.8347,509,0.6213,165374,0.9439,509,0.7692,165374,0.8736,509,0.8741
BMW,5-Serie,2,188468,0.845,3263,0.6759,188468,0.9391,3263,0.7976,188468,0.8896,3263,0.9211
BMW,X1,2,103202,0.816,3404,0.7022,103202,0.9194,3404,0.8795,103202,0.8702,3404,0.859
BMW,X3,2,86521,0.7984,3055,0.6784,86521,0.9235,3055,0.8458,86521,0.8511,3055,0.9095
BMW,X5,2,69192,0.8646,3601,0.657,69192,0.9504,3601,0.8413,69192,0.9023,3601,0.8761
CITROËN,BERLINGO,2,170874,0.6157,293,0.4843,170874,0.7903,293,0.6533,170874,0.7124,293,0.6945
CITROËN,C 1,2,178862,0.7208,428,0.4369,178862,0.8606,428,0.5614,178862,0.7999,428,0.7307
CITROËN,C1,2,178862,0.7208,428,0.4369,178862,0.8606,428,0.5614,178862,0.7999,428,0.7307
CITROËN,C3,2,167733,0.6476,1100,0.4523,167733,0.7991,1100,0.5813,167733,0.7537,1100,0.7947
CITROËN,C4,2,259528,0.6551,3636,0.4508,259528,0.7984,3636,0.6536,259528,0.7648,3636,0.754
CITROËN,C4 Cactus,2,19685,0.6402,1625,0.4084,19685,0.8025,1625,0.6124,19685,0.7408,1625,0.7325
CITROËN,C4 PICASSO,2,10330,0.7036,1511,0.4666,10330,0.8316,1511,0.6675,10330,0.8008,1511,0.7521
DACIA,Duster,2,71206,0.6619,542,0.3487,71206,0.7895,542,0.5196,71206,0.7771,542,0.6298
FIAT,500,2,400753,0.64,384,0.4264,400753,0.7565,384,0.6046,400753,0.7842,384,0.8004
FORD,B-MAX,2,114495,0.6782,250,0.5423,114495,0.8488,250,0.7313,114495,0.7577,250,0.7155
FORD,C-MAX,2,133711,0.7626,749,0.6635,133711,0.9007,749,0.7549,133711,0.8208,749,0.8823
FORD,FIESTA,2,1360475,0.6654,4402,0.487,1360475,0.8103,4402,0.6289,1360475,0.7664,4402,0.8052
FORD,FIESTA 5 DØRS,2,1360475,0.6654,4402,0.487,1360475,0.8103,4402,0.6289,1360475,0.7664,4402,0.8052
FORD,FOCUS,2,836756,0.7517,5076,0.6816,836756,0.8804,5076,0.8234,836756,0.8236,5076,0.8417
FORD,FOCUS STATIONSVOGN,2,836756,0.7517,5076,0.6816,836756,0.8804,5076,0.8234,836756,0.8236,5076,0.8417
FORD,Focus,2,836756,0.7517,5076,0.6816,836756,0.8804,5076,0.8234,836756,0.8236,5076,0.8417
FORD,GALAXY,2,50801,0.7231,493,0.6707,50801,0.8844,493,0.7934,50801,0.7778,493,0.8757
FORD,KUGA,2,321303,0.7935,4067,0.746,321303,0.9234,4067,0.8281,321303,0.8387,4067,0.9241
FORD,MONDEO,2,170752,0.81,5589,0.7442,170752,0.9268,5589,0.8615,170752,0.8551,5589,0.894
FORD,MONDEO STATIONCAR,2,170752,0.81,5589,0.7442,170752,0.9268,5589,0.8615,170752,0.8551,5589,0.894
FORD,NY Focus,2,836756,0.7517,5076,0.6816,836756,0.8804,5076,0.8234,836756,0.8236,5076,0.8417
FORD,S-MAX,2,65735,0.7416,3631,0.6677,65735,0.885,3631,0.7865,65735,0.81,3631,0.8872
HONDA,CIVIC,2,176814,0.8097,1171,0.7253,176814,0.9472,1171,0.8296,176814,0.8403,1171,0.8553
HONDA,CR-V,2,164910,0.8511,2570,0.7803,164910,0.9392,2570,0.8925,164910,0.8944,2570,0.8661
HONDA,JAZZ,2,221635,0.8042,727,0.6427,221635,0.9396,727,0.722,221635,0.8395,727,0.8232
HYUNDAI,I 10,2,263371,0.706,411,0.5079,263371,0.8567,411,0.5368,263371,0.7803,411,0.8043
HYUNDAI,I10,2,263371,0.706,411,0.5079,263371,0.8567,411,0.5368,263371,0.7803,411,0.8043
HYUNDAI,I20,2,149942,0.7321,2116,0.6465,149942,0.8725,2116,0.7112,149942,0.8008,2116,0.8724
HYUNDAI,I40,2,39346,0.7662,123,0.5262,39346,0.8773,123,0.6914,39346,0.844,123,0.8153
HYUNDAI,IX20,2,40832,0.6753,230,0.5528,40832,0.8229,230,0.6355,40832,0.7669,230,0.7477
HYUNDAI,Ioniq,2,12190,0.8484,834,0.6387,12190,0.9357,834,0.7148,12190,0.8912,834,0.8994
HYUNDAI,Tucson,2,105588,0.7891,2353,0.6858,105588,0.8817,2353,0.7745,105588,0.8693,2353,0.8854
HYUNDAI,i10 AC3,2,263371,0.706,411,0.5079,263371,0.8567,411,0.5368,263371,0.7803,411,0.8043
KIA,CEE'D SW,2,126378,0.7249,1150,0.5663,126378,0.8523,1150,0.7671,126378,0.8143,1150,0.788
KIA,CEED,2,126378,0.7249,1150,0.5663,126378,0.8523,1150,0.7671,126378,0.8143,1150,0.788
KIA,CEED SW,2,126378,0.7249,1150,0.5663,126378,0.8523,1150,0.7671,126378,0.8143,1150,0.788
KIA,Niro,2,11985,0.8424,2639,0.6792,11985,0.9464,2639,0.7395,11985,0.8766,2639,0.9026
KIA,Optima,2,13045,0.7957,926,0.659,13045,0.8981,926,0.7939,13045,0.8628,926,0.8918
KIA,PICANTO,2,158917,0.6875,1280,0.4698,158917,0.8161,1280,0.5748,158917,0.7978,1280,0.8407
KIA,RIO,2,117793,0.7147,1154,0.6436,117793,0.859,1154,0.7527,117793,0.7912,1154,0.8383
KIA,SPORTAGE,2,301185,0.7624,3281,0.6001,301185,0.8716,3281,0.7128,301185,0.8427,3281,0.8203
KIA,VENGA,2,66927,0.7019,273,0.5921,66927,0.8559,273,0.7461,66927,0.7785,273,0.7409
MAZDA,2,2,106567,0.7319,1120,0.6754,106567,0.8375,1120,0.8676,106567,0.8413,1120,0.9269
MAZDA,3,2,107141,0.7397,2010,0.6234,107141,0.834,2010,0.7683,107141,0.8596,2010,0.9114
MAZDA,CX-3,2,27316,0.7835,5128,0.7181,27316,0.874,5128,0.8658,27316,0.8774,5128,0.895
MAZDA,CX-5,2,78738,0.7893,8955,0.6766,78738,0.8712,8955,0.8181,78738,0.8838,8955,0.8947
MAZDA,MAZDA2,2,106567,0.7319,1120,0.6754,106567,0.8375,1120,0.8676,106567,0.8413,1120,0.9269
MAZDA,MAZDA3,2,107141,0.7397,2010,0.6234,107141,0.834,2010,0.7683,107141,0.8596,2010,0.9114
MAZDA,MAZDA6,2,69498,0.7737,2276,0.6722,69498,0.8621,2276,0.8041,69498,0.8741,2276,0.9047
MERCEDES-BENZ,A-Klasse,2,336383,0.7693,2268,0.6911,336383,0.8846,2268,0.8016,336383,0.8395,2268,0.9114
MERCEDES-BENZ,B-Klasse,2,74455,0.773,1185,0.5715,74455,0.8923,1185,0.8124,74455,0.8392,1185,0.7303
MERCEDES-BENZ,C,2,386887,0.807,5861,0.6562,386887,0.8927,5861,0.8472,386887,0.8837,5861,0.9264
MERCEDES-BENZ,C-Klasse,2,386887,0.807,5861,0.6562,386887,0.8927,5861,0.8472,386887,0.8837,5861,0.9264
MERCEDES-BENZ,CLA,2,70093,0.783,2377,0.6756,70093,0.8909,2377,0.8162,70093,0.8519,2377,0.8767
MERCEDES-BENZ,E,2,247132,0.8079,3761,0.6881,247132,0.8943,3761,0.8433,247132,0.8846,3761,0.9404
MERCEDES-BENZ,E-Klasse,2,247132,0.8079,3761,0.6881,247132,0.8943,3761,0.8433,247132,0.8846,3761,0.9404
MERCEDES-BENZ,GLA,2,85299,0.799,1805,0.721,85299,0.8772,1805,0.8287,85299,0.8872,1805,0.9309
MERCEDES-BENZ,GLC,2,51250,0.8412,5064,0.7012,51250,0.9059,5064,0.8859,51250,0.9167,5064,0.9529
MERCEDES-BENZ,GLE,2,26238,0.8705,719,0.7203,26238,0.9506,719,0.8516,26238,0.9105,719,0.8794
MINI,COOPER,2,349893,0.8104,1205,0.6518,349893,0.9318,1205,0.8144,349893,0.8534,1205,0.8412
MITSUBISHI,ASX,2,42309,0.7772,1912,0.7512,42309,0.868,1912,0.8235,42309,0.8684,1912,0.9204
MITSUBISHI,OUTLANDER,2,105839,0.7916,22180,0.6458,105839,0.8899,22180,0.7483,105839,0.8638,22180,0.8536
MITSUBISHI,SPACE STAR,2,17894,0.7574,910,0.6882,17894,0.9105,910,0.7976,17894,0.8081,910,0.8235
NISSAN,JUKE,2,425229,0.6708,531,0.5601,425229,0.7707,531,0.6887,425229,0.8131,531,0.8861
NISSAN,MICRA,2,145460,0.6642,274,0.5727,145460,0.7838,274,0.8449,145460,0.7945,274,0.8084
NISSAN,NOTE,2,159119,0.7419,358,0.7002,159119,0.8559,358,0.821,159119,0.8286,358,0.8746
NISSAN,QASHQAI,2,616076,0.7331,7503,0.6581,616076,0.8406,7503,0.7793,616076,0.834,7503,0.8937
NISSAN,Qashqai J11A,2,616076,0.7331,7503,0.6581,616076,0.8406,7503,0.7793,616076,0.834,7503,0.8937
NISSAN,X-TRAIL,2,102887,0.7386,2651,0.5917,102887,0.8353,2651,0.7842,102887,0.8489,2651,0.8608
OPEL,ASTRA,2,614076,0.7258,1977,0.7277,614076,0.8516,1977,0.8132,614076,0.8169,1977,0.9146
OPEL,ASTRA SPORTS TOURER,2,614076,0.7258,374,0.7367,614076,0.8516,374,0.8412,614076,0.8169,374,0.9265
OPEL,CORSA,2,893807,0.6431,1681,0.501,893807,0.756,1681,0.709,893807,0.7921,1681,0.8666
OPEL,INSIGNIA,2,281811,0.7281,1507,0.7245,281811,0.8411,1507,0.8417,281811,0.8324,1507,0.9033
OPEL,Mokka,2,389561,0.668,3055,0.6402,389561,0.774,3055,0.7729,389561,0.8059,3055,0.8811
OPEL,ZAFIRA,2,224255,0.7153,235,0.6236,224255,0.8545,235,0.7231,224255,0.7983,235,0.9191
PEUGEOT,108,2,136612,0.7446,601,0.4454,136612,0.8683,601,0.5636,136612,0.8268,601,0.7846
PEUGEOT,2008,2,170193,0.6644,3179,0.5219,170193,0.7847,3179,0.6603,170193,0.7915,3179,0.8337
PEUGEOT,208,2,311720,0.6752,2180,0.5027,311720,0.7967,2180,0.6568,311720,0.7947,2180,0.7959
PEUGEOT,3008,2,113209,0.6751,3468,0.584,113209,0.8142,3468,0.7652,113209,0.7784,3468,0.8588
PEUGEOT,308,2,148562,0.7075,4530,0.5232,148562,0.834,4530,0.7008,148562,0.8069,4530,0.8
PEUGEOT,5008,2,22110,0.6094,1312,0.5223,22110,0.8174,1312,0.7191,22110,0.6866,1312,0.7704
PEUGEOT,508,2,16992,0.7558,919,0.576,16992,0.8747,919,0.78,16992,0.8335,919,0.8002
RENAULT,CLIO,2,270614,0.5779,641,0.3799,270614,0.69,641,0.6417,270614,0.7526,641,0.7548
RENAULT,Captur,2,217199,0.6991,1187,0.5379,217199,0.8032,1187,0.7455,217199,0.8233,1187,0.8514
RENAULT,Kadjar,2,80055,0.7145,688,0.6241,80055,0.8475,688,0.7589,80055,0.8066,688,0.8803
RENAULT,MEGANE,2,76421,0.6244,326,0.5413,76421,0.7505,326,0.6908,76421,0.7599,326,0.761
RENAULT,MEGANE SPORT TOURER,2,76421,0.6244,326,0.5413,76421,0.7505,326,0.6908,76421,0.7599,326,0.761
RENAULT,Ny Clio,2,270614,0.5779,641,0.3799,270614,0.69,641,0.6417,270614,0.7526,641,0.7548
SKODA,CITIGO,2,90119,0.7425,474,0.5609,90119,0.8625,474,0.6209,90119,0.8288,474,0.8667
SKODA,FABIA,2,206097,0.7502,3224,0.5917,206097,0.8553,3224,0.7214,206097,0.8458,3224,0.8855
SKODA,FABIA COMBI,2,206097,0.7502,3224,0.5917,206097,0.8553,3224,0.7214,206097,0.8458,3224,0.8855
SKODA,KODIAQ,2,10604,0.86,2105,0.8122,10604,0.9554,2105,0.8682,10604,0.8927,2105,0.9567
SKODA,OCTAVIA,2,207012,0.8304,13702,0.6923,207012,0.9233,13702,0.7991,207012,0.8846,13702,0.918
SKODA,OCTAVIA COMBI,2,207012,0.8304,13702,0.6923,207012,0.9233,13702,0.7991,207012,0.8846,13702,0.918
SKODA,RAPID,2,44650,0.7546,1389,0.597,44650,0.8671,1389,0.742,44650,0.8363,1389,0.8984
SKODA,RAPID SPACEBACK,2,44650,0.7546,1389,0.597,44650,0.8671,1389,0.742,44650,0.8363,1389,0.8984
SKODA,SUPERB,2,70222,0.8086,5609,0.6255,70222,0.9038,5609,0.7998,70222,0.8771,5609,0.9242
SKODA,SUPERB COMBI,2,70222,0.8086,5609,0.6255,70222,0.9038,5609,0.7998,70222,0.8771,5609,0.9242
SUZUKI,IGNIS,2,11263,0.7405,813,0.5707,11263,0.8297,813,0.7786,11263,0.8613,813,0.8851
SUZUKI,SWIFT,2,121329,0.7371,2129,0.6107,121329,0.8944,2129,0.7228,121329,0.7904,2129,0.8289
SUZUKI,SX4,2,47937,0.7644,2476,0.7009,47937,0.8807,2476,0.8193,47937,0.8385,2476,0.8794
SUZUKI,SX4 COMBIBACK,2,47937,0.7644,2476,0.7009,47937,0.8807,2476,0.8193,47937,0.8385,2476,0.8794
SUZUKI,VITARA,2,62774,0.7919,3777,0.7425,62774,0.9312,3777,0.8328,62774,0.8321,3777,0.8857
TOYOTA,AURIS,2,187854,0.8001,15458,0.7014,187854,0.9339,15458,0.8072,187854,0.8389,15458,0.8424
TOYOTA,AVENSIS,2,39536,0.8235,3935,0.7704,39536,0.9376,3935,0.869,39536,0.8627,3935,0.8944
TOYOTA,AVENSIS STW,2,39536,0.8235,3935,0.7704,39536,0.9376,3935,0.869,39536,0.8627,3935,0.8944
TOYOTA,AYGO,2,243144,0.7637,608,0.4647,243144,0.8903,608,0.5777,243144,0.8293,608,0.8546
TOYOTA,AYGO 3/5-DØRS,2,243144,0.7637,608,0.4647,243144,0.8903,608,0.5777,243144,0.8293,608,0.8546
TOYOTA,AYGO 5-DØRS,2,243144,0.7637,608,0.4647,243144,0.8903,608,0.5777,243144,0.8293,608,0.8546
TOYOTA,RAV4,2,68420,0.828,15118,0.6694,68420,0.9215,15118,0.833,68420,0.8846,15118,0.9162
TOYOTA,RAV4 Plug in,2,68420,0.828,15118,0.6694,68420,0.9215,15118,0.833,68420,0.8846,15118,0.9162
TOYOTA,Toyota C-HR,2,27660,0.8197,4126,0.7276,27660,0.9561,4126,0.8433,27660,0.8466,4126,0.8949
TOYOTA,VERSO,2,36434,0.7807,178,0.5929,36434,0.9159,178,0.6971,36434,0.829,178,0.7877
TOYOTA,YARIS,2,339969,0.7588,15223,0.5882,339969,0.9007,15223,0.7054,339969,0.8176,15223,0.8406
TOYOTA,YARIS 5-DØRS,2,339969,0.7588,15223,0.5882,339969,0.9007,15223,0.7054,339969,0.8176,15223,0.8406
VOLKSWAGEN,CADDY,2,143064,0.7366,818,0.5657,143064,0.8576,818,0.7443,143064,0.8187,818,0.8382
VOLKSWAGEN,GOLF,2,760031,0.8319,24534,0.6945,760031,0.9218,24534,0.8092,760031,0.8867,24534,0.9133
VOLKSWAGEN,Golf Sportsvan,2,760031,0.8319,2883,0.7367,760031,0.9218,2883,0.8502,760031,0.8867,2883,0.9272
VOLKSWAGEN,PASSAT,2,176131,0.8128,14320,0.6562,176131,0.901,14320,0.7946,176131,0.8833,14320,0.9305
VOLKSWAGEN,PASSAT VARIANT,2,176131,0.8128,14320,0.6562,176131,0.901,14320,0.7946,176131,0.8833,14320,0.9305
VOLKSWAGEN,POLO,2,549602,0.7083,5290,0.6085,549602,0.8221,5290,0.7396,549602,0.8156,5290,0.8674
VOLKSWAGEN,T-Roc,2,4501,0.8652,288,0.8251,4501,0.9624,288,0.8715,4501,0.8911,288,0.9643
VOLKSWAGEN,TIGUAN,2,215326,0.8182,7466,0.7227,215326,0.8928,7466,0.8379,215326,0.8969,7466,0.9312
VOLKSWAGEN,TOURAN,2,50827,0.7822,2051,0.6479,50827,0.9012,2051,0.8172,50827,0.8472,2051,0.8954
VOLKSWAGEN,UP!,2,193174,0.7483,1503,0.5671,193174,0.8716,1503,0.6426,193174,0.8294,1503,0.8358
VOLVO,V40,2,167485,0.7322,6391,0.6842,167485,0.8367,6391,0.8299,167485,0.8458,6391,0.9121
VOLVO,V60,2,41525,0.7994,6546,0.7618,41525,0.9163,6546,0.8494,41525,0.8554,6546,0.9218
VOLVO,V70,2,16609,0.8141,2502,0.7577,16609,0.9243,2502,0.8264,16609,0.8672,2502,0.9306
VOLVO,V90,2,6265,0.8222,4670,0.739,6265,0.9034,4670,0.8251,6265,0.897,4670,0.9336
VOLVO,XC60,2,130318,0.7946,9732,0.7475,130318,0.8926,9732,0.8982,130318,0.8718,9732,0.8892
VOLVO,XC90,2,41869,0.8068,5537,0.7068,41869,0.8993,5537,0.8148,41869,0.88,5537,0.927
ALFA ROMEO,GIULIETTA,3,40861,0.646,258,0.4506,40861,0.7925,258,0.7378,40861,0.7514,258,0.645
AUDI,A1 SPORTBACK,3,198126,0.6843,3090,0.4854,198126,0.8004,3090,0.6344,198126,0.7999,3090,0.8344
AUDI,A3,3,330699,0.729,11732,0.546,330699,0.8381,11732,0.7331,330699,0.8254,11732,0.8202
AUDI,A3 Limousine,3,330699,0.729,391,0.5605,330699,0.8381,391,0.7934,330699,0.8254,391,0.8086
AUDI,A3 Sportback,3,330699,0.729,9047,0.5648,330699,0.8381,9047,0.7446,330699,0.8254,9047,0.8386
AUDI,A4 AVANT,3,176038,0.7586,2969,0.5893,176038,0.8685,2969,0.7274,176038,0.8385,2969,0.8267
AUDI,A5 SPORTBACK,3,119471,0.7621,880,0.583,119471,0.8816,880,0.7021,119471,0.8305,880,0.8315
AUDI,A6 AVANT,3,102351,0.8004,2163,0.6959,102351,0.896,2163,0.8301,102351,0.869,2163,0.883
AUDI,Q3,3,76253,0.7367,2899,0.4962,76253,0.8271,2899,0.7676,76253,0.8519,2899,0.8159
AUDI,Q5,3,67928,0.7915,5548,0.628,67928,0.871,5548,0.7621,67928,0.879,5548,0.8437
BMW,1-Serie,3,346722,0.7194,5856,0.4737,346722,0.8619,5856,0.6629,346722,0.7915,5856,0.7459
BMW,2-Serie,3,13126,0.7596,949,0.5958,13126,0.8702,949,0.8047,13126,0.837,949,0.8484
BMW,3-Serie,3,380196,0.7446,8958,0.5387,380196,0.8712,8958,0.7173,380196,0.8169,8958,0.7825
BMW,4-serie,3,28892,0.7882,422,0.5427,28892,0.8996,422,0.6863,28892,0.85,422,0.7803
BMW,5-Serie,3,160217,0.7764,8687,0.5144,160217,0.8887,8687,0.7265,160217,0.8472,8687,0.8373
BMW,X1,3,70155,0.7384,5709,0.4934,70155,0.8596,5709,0.6814,70155,0.8223,5709,0.8064
BMW,X3,3,63204,0.7455,9399,0.5414,63204,0.9008,9399,0.7865,63204,0.8026,9399,0.7488
BMW,X5,3,49504,0.8011,2684,0.5907,49504,0.8965,2684,0.8202,49504,0.8692,2684,0.8351
CHEVROLET,SPARK,3,36446,0.5256,308,0.2083,36446,0.6858,308,0.3376,36446,0.6651,308,0.5569
CITROËN,BERLINGO,3,127260,0.5579,704,0.3967,127260,0.7143,704,0.6099,127260,0.6835,704,0.6353
CITROËN,C 1,3,166558,0.6312,880,0.2788,166558,0.7833,880,0.3737,166558,0.7403,880,0.5634
CITROËN,C1,3,166558,0.6312,880,0.2788,166558,0.7833,880,0.3737,166558,0.7403,880,0.5634
CITROËN,C3,3,184209,0.5477,1322,0.2593,184209,0.6998,1322,0.4617,184209,0.6813,1322,0.5467
CITROËN,C3 PICASSO,3,1912,0.6117,382,0.2742,1912,0.7673,382,0.4631,1912,0.712,382,0.5497
CITROËN,C4,3,133337,0.5713,5303,0.384,133337,0.7156,5303,0.5707,133337,0.7113,5303,0.6929
CITROËN,C4 PICASSO,3,1263,0.5692,1484,0.3534,1263,0.728,1484,0.5569,1263,0.7138,1484,0.6271
CITROËN,DS3,3,150218,0.5128,1430,0.2836,150218,0.6512,1430,0.4274,150218,0.6669,1430,0.5525
DACIA,Duster,3,25225,0.5805,489,0.2791,25225,0.701,489,0.444,25225,0.7337,489,0.589
FIAT,500,3,338208,0.5863,2045,0.2839,338208,0.7166,2045,0.4209,338208,0.7326,2045,0.6337
FIAT,PANDA,3,86616,0.5866,332,0.3371,86616,0.7058,332,0.4794,86616,0.7491,332,0.7587
FORD,B-MAX,3,67336,0.6108,1129,0.3292,67336,0.7732,1129,0.5897,67336,0.7239,1129,0.6563
FORD,C-MAX,3,129588,0.6759,1829,0.5246,129588,0.824,1829,0.6977,129588,0.7686,1829,0.7043
FORD,FIESTA,3,1204198,0.5888,8583,0.3349,1204198,0.7313,8583,0.5147,1204198,0.7216,8583,0.6643
FORD,FIESTA 5 DØRS,3,1204198,0.5888,8583,0.3349,1204198,0.7313,8583,0.5147,1204198,0.7216,8583,0.6643
FORD,FOCUS,3,815540,0.6391,15257,0.4713,815540,0.7871,15257,0.6804,815540,0.7484,15257,0.6898
FORD,FOCUS STATIONSVOGN,3,815540,0.6391,15257,0.4713,815540,0.7871,15257,0.6804,815540,0.7484,15257,0.6898
FORD,Focus,3,815540,0.6391,15257,0.4713,815540,0.7871,15257,0.6804,815540,0.7484,15257,0.6898
FORD,GALAXY,3,53134,0.6152,1766,0.4029,53134,0.7813,1766,0.5824,53134,0.7128,1766,0.578
FORD,KA,3,207813,0.5973,505,0.3178,207813,0.7182,505,0.5258,207813,0.7492,505,0.6688
FORD,KUGA,3,145744,0.6932,7170,0.5831,145744,0.8265,7170,0.7506,145744,0.7886,7170,0.8137
FORD,MONDEO,3,179621,0.6968,9588,0.5284,179621,0.83,9588,0.7095,179621,0.7909,9588,0.7589
FORD,MONDEO STATIONCAR,3,179621,0.6968,9588,0.5284,179621,0.83,9588,0.7095,179621,0.7909,9588,0.7589
FORD,NY Focus,3,815540,0.6391,15257,0.4713,815540,0.7871,15257,0.6804,815540,0.7484,15257,0.6898
FORD,S-MAX,3,83367,0.6595,5510,0.4375,83367,0.7956,5510,0.6048,83367,0.7719,5510,0.7324
HONDA,CIVIC,3,169956,0.6896,2369,0.6203,169956,0.8647,2369,0.7796,169956,0.7511,2369,0.747
HONDA,CR-V,3,144194,0.7872,6725,0.6702,144194,0.8938,6725,0.8451,144194,0.8541,6725,0.7654
HONDA,JAZZ,3,247854,0.7267,1643,0.5194,247854,0.8869,1643,0.6338,247854,0.7831,1643,0.7231
HYUNDAI,I 10,3,240058,0.596,1046,0.3127,240058,0.7711,1046,0.4017,240058,0.6986,1046,0.6199
HYUNDAI,I10,3,240058,0.596,1046,0.3127,240058,0.7711,1046,0.4017,240058,0.6986,1046,0.6199
HYUNDAI,I20,3,130770,0.592,4313,0.3843,130770,0.7434,4313,0.5025,130770,0.7114,4313,0.6422
HYUNDAI,I30,3,116869,0.5823,164,0.3876,116869,0.7202,164,0.5888,116869,0.718,164,0.6143
HYUNDAI,I30CW,3,116869,0.5823,164,0.3876,116869,0.7202,164,0.5888,116869,0.718,164,0.6143
HYUNDAI,I40,3,24245,0.6726,2466,0.3676,24245,0.7809,2466,0.5341,24245,0.8017,2466,0.6923
HYUNDAI,IX20,3,35054,0.5356,1937,0.364,35054,0.6685,1937,0.4993,35054,0.6907,1937,0.6281
HYUNDAI,Tucson,3,1675,0.6679,2331,0.4729,1675,0.7535,2331,0.5927,1675,0.8062,2331,0.7427
HYUNDAI,i10 AC3,3,240058,0.596,1046,0.3127,240058,0.7711,1046,0.4017,240058,0.6986,1046,0.6199
HYUNDAI,i30 Stc.,3,116869,0.5823,164,0.3876,116869,0.7202,164,0.5888,116869,0.718,164,0.6143
KIA,CEE'D SW,3,121490,0.5955,3585,0.4105,121490,0.7385,3585,0.5817,121490,0.7219,3585,0.7129
KIA,CEED,3,121490,0.5955,3585,0.4105,121490,0.7385,3585,0.5817,121490,0.7219,3585,0.7129
KIA,CEED SW,3,121490,0.5955,3585,0.4105,121490,0.7385,3585,0.5817,121490,0.7219,3585,0.7129
KIA,PICANTO,3,153315,0.5655,3887,0.298,153315,0.6967,3887,0.4221,153315,0.7233,3887,0.6454
KIA,RIO,3,103626,0.594,2622,0.4038,103626,0.7317,2622,0.5787,103626,0.7277,2622,0.7061
KIA,SPORTAGE,3,146794,0.6568,7796,0.3903,146794,0.7598,7796,0.5464,146794,0.7974,7796,0.6868
KIA,VENGA,3,54501,0.5594,1099,0.3892,54501,0.6977,1099,0.5348,54501,0.7056,1099,0.6049
MAZDA,2,3,118423,0.5879,1899,0.4417,118423,0.7153,1899,0.6797,118423,0.7459,1899,0.6552
MAZDA,3,3,77452,0.6559,2880,0.5232,77452,0.778,2880,0.7144,77452,0.7817,2880,0.8032
MAZDA,CX-3,3,651,0.7006,1002,0.6149,651,0.7939,1002,0.8279,651,0.8619,1002,0.8576
MAZDA,CX-5,3,29142,0.697,14518,0.56,29142,0.7703,14518,0.7196,29142,0.8565,14518,0.8181
MAZDA,MAZDA2,3,118423,0.5879,1899,0.4417,118423,0.7153,1899,0.6797,118423,0.7459,1899,0.6552
MAZDA,MAZDA3,3,77452,0.6559,2880,0.5232,77452,0.778,2880,0.7144,77452,0.7817,2880,0.8032
MAZDA,MAZDA6,3,54563,0.6797,3352,0.5278,54563,0.788,3352,0.6942,54563,0.8087,3352,0.7808
MERCEDES-BENZ,A-Klasse,3,128713,0.6902,6182,0.583,128713,0.8072,6182,0.7437,128713,0.8,6182,0.8548
MERCEDES-BENZ,B-Klasse,3,68724,0.6797,4025,0.4844,68724,0.8009,4025,0.6986,68724,0.7879,4025,0.7087
MERCEDES-BENZ,C,3,286050,0.7243,6797,0.5207,286050,0.8046,6797,0.6968,286050,0.8547,6797,0.8428
MERCEDES-BENZ,C-Klasse,3,286050,0.7243,6797,0.5207,286050,0.8046,6797,0.6968,286050,0.8547,6797,0.8428
MERCEDES-BENZ,CLA,3,14183,0.7362,2171,0.5756,14183,0.8358,2171,0.746,14183,0.8331,2171,0.829
MERCEDES-BENZ,E,3,189294,0.7407,8181,0.5341,189294,0.8241,8181,0.6643,189294,0.8623,8181,0.8607
MERCEDES-BENZ,E-Klasse,3,189294,0.7407,8181,0.5341,189294,0.8241,8181,0.6643,189294,0.8623,8181,0.8607
MERCEDES-BENZ,GLA,3,8307,0.7699,1359,0.6719,8307,0.8478,1359,0.8218,8307,0.8758,1359,0.8921
MINI,COOPER,3,123488,0.7315,3308,0.4899,123488,0.884,3308,0.7043,123488,0.794,3308,0.7191
MITSUBISHI,ASX,3,28271,0.7058,9126,0.575,28271,0.7892,9126,0.6725,28271,0.8416,9126,0.8042
MITSUBISHI,COLT,3,16585,0.5882,1264,0.3992,16585,0.7613,1264,0.5954,16585,0.6984,1264,0.5558
MITSUBISHI,OUTLANDER,3,31149,0.6852,16791,0.4881,31149,0.7888,16791,0.6258,31149,0.8089,16791,0.7243
MITSUBISHI,SPACE STAR,3,8191,0.6866,2090,0.5771,8191,0.8474,2090,0.7336,8191,0.7675,2090,0.7579
NISSAN,JUKE,3,290892,0.5674,1806,0.3285,290892,0.6675,1806,0.4834,290892,0.7517,1806,0.6704
NISSAN,MICRA,3,154077,0.5793,871,0.4301,154077,0.7275,871,0.5641,154077,0.7107,871,0.6415
NISSAN,NOTE,3,165260,0.5994,946,0.4751,165260,0.7409,946,0.6947,165260,0.7308,946,0.6817
NISSAN,QASHQAI,3,471803,0.5764,10874,0.4234,471803,0.6836,10874,0.5953,471803,0.7426,10874,0.7181
NISSAN,Qashqai J11A,3,471803,0.5764,10874,0.4234,471803,0.6836,10874,0.5953,471803,0.7426,10874,0.7181
NISSAN,X-TRAIL,3,25905,0.6374,2381,0.4592,25905,0.7085,2381,0.6631,25905,0.8343,2381,0.7504
OPEL,ASTRA,3,628012,0.654,3710,0.5184,628012,0.7854,3710,0.6453,628012,0.7757,3710,0.7968
OPEL,ASTRA SPORTS TOURER,3,628012,0.654,2062,0.5258,628012,0.7854,2062,0.6536,628012,0.7757,2062,0.7961
OPEL,CORSA,3,826662,0.5727,2051,0.3596,826662,0.7167,2051,0.5371,826662,0.7165,2051,0.6823
OPEL,INSIGNIA,3,262436,0.6803,3483,0.5561,262436,0.8218,3483,0.7663,262436,0.7794,3483,0.7708
OPEL,MERIVA,3,121162,0.6287,854,0.396,121162,0.7489,854,0.5898,121162,0.7734,854,0.7407
OPEL,Mokka,3,92478,0.6244,4582,0.4721,92478,0.7233,4582,0.6805,92478,0.7904,4582,0.7765
OPEL,ZAFIRA,3,234442,0.6308,1038,0.4792,234442,0.7801,1038,0.652,234442,0.7399,1038,0.7532
PEUGEOT,107,3,168415,0.6323,862,0.3235,168415,0.7888,862,0.4108,168415,0.737,862,0.6201
PEUGEOT,108,3,16631,0.6794,301,0.3555,16631,0.8003,301,0.4538,16631,0.8063,301,0.8056
PEUGEOT,2008,3,36594,0.5931,2682,0.3722,36594,0.7136,2682,0.5527,36594,0.7413,2682,0.7387
PEUGEOT,207,3,177957,0.5233,610,0.3165,177957,0.6816,610,0.4874,177957,0.658,610,0.5354
PEUGEOT,208,3,174225,0.5903,5152,0.3892,174225,0.7018,5152,0.5279,174225,0.7543,5152,0.7079
PEUGEOT,3008,3,115672,0.5646,3530,0.4048,115672,0.7208,3530,0.6866,115672,0.69,3530,0.6296
PEUGEOT,308,3,135331,0.5967,4837,0.4418,135331,0.7388,4837,0.6095,135331,0.7308,4837,0.7495
PEUGEOT,5008,3,23824,0.5405,1911,0.3694,23824,0.7232,1911,0.6125,23824,0.6485,1911,0.5777
PEUGEOT,508,3,28705,0.6964,4721,0.4423,28705,0.8308,4721,0.6954,28705,0.7889,4721,0.6632
RENAULT,CLIO,3,239733,0.4921,1622,0.2944,239733,0.6225,1622,0.4459,239733,0.6608,1622,0.601
RENAULT,Captur,3,46791,0.6014,929,0.4292,46791,0.6999,929,0.6559,46791,0.7828,929,0.8055
RENAULT,MEGANE,3,127161,0.5296,1261,0.2603,127161,0.646,1261,0.4337,127161,0.7032,1261,0.5347
RENAULT,MEGANE SPORT TOURER,3,127161,0.5296,1261,0.2603,127161,0.646,1261,0.4337,127161,0.7032,1261,0.5347
RENAULT,Ny Clio,3,239733,0.4921,1622,0.2944,239733,0.6225,1622,0.4459,239733,0.6608,1622,0.601
SKODA,CITIGO,3,44780,0.714,1480,0.45,44780,0.8256,1480,0.5617,44780,0.8236,1480,0.762
SKODA,FABIA,3,174709,0.6776,3929,0.4474,174709,0.7901,3929,0.5893,174709,0.8035,3929,0.7228
SKODA,FABIA COMBI,3,174709,0.6776,3929,0.4474,174709,0.7901,3929,0.5893,174709,0.8035,3929,0.7228
SKODA,OCTAVIA,3,140318,0.7259,19319,0.5284,140318,0.8339,19319,0.7085,140318,0.8291,19319,0.7708
SKODA,OCTAVIA COMBI,3,140318,0.7259,19319,0.5284,140318,0.8339,19319,0.7085,140318,0.8291,19319,0.7708
SKODA,RAPID,3,16202,0.698,1667,0.4589,16202,0.8079,1667,0.6126,16202,0.8145,1667,0.7866
SKODA,RAPID SPACEBACK,3,16202,0.698,1667,0.4589,16202,0.8079,1667,0.6126,16202,0.8145,1667,0.7866
SKODA,SUPERB,3,40016,0.712,6121,0.4402,40016,0.8211,6121,0.704,40016,0.8232,6121,0.7017
SKODA,SUPERB COMBI,3,40016,0.712,6121,0.4402,40016,0.8211,6121,0.704,40016,0.8232,6121,0.7017
SUZUKI,ALTO,3,82714,0.6067,285,0.3116,82714,0.7733,285,0.4333,82714,0.7089,285,0.6006
SUZUKI,SWIFT,3,98816,0.6392,4814,0.4143,98816,0.8071,4814,0.4951,98816,0.7307,4814,0.6506
SUZUKI,SX4,3,35087,0.6178,6632,0.5247,35087,0.7286,6632,0.6814,35087,0.7733,6632,0.7565
SUZUKI,SX4 COMBIBACK,3,35087,0.6178,6632,0.5247,35087,0.7286,6632,0.6814,35087,0.7733,6632,0.7565
SUZUKI,VITARA,3,2144,0.7541,1056,0.6181,2144,0.8939,1056,0.7359,2144,0.8117,1056,0.8217
TOYOTA,AURIS,3,134474,0.7115,23427,0.563,134474,0.8657,23427,0.6716,134474,0.7798,23427,0.7802
TOYOTA,AVENSIS,3,53471,0.7405,12867,0.5936,53471,0.8854,12867,0.7528,53471,0.8022,12867,0.7616
TOYOTA,AVENSIS STW,3,53471,0.7405,12867,0.5936,53471,0.8854,12867,0.7528,53471,0.8022,12867,0.7616
TOYOTA,AYGO,3,178808,0.6397,2298,0.3489,178808,0.7898,2298,0.4642,178808,0.7497,2298,0.6546
TOYOTA,AYGO 3/5-DØRS,3,178808,0.6397,2298,0.3489,178808,0.7898,2298,0.4642,178808,0.7497,2298,0.6546
TOYOTA,AYGO 5-DØRS,3,178808,0.6397,2298,0.3489,178808,0.7898,2298,0.4642,178808,0.7497,2298,0.6546
TOYOTA,COROLLA,3,880,0.7024,284,0.3941,880,0.8826,284,0.5018,880,0.7607,284,0.635
TOYOTA,RAV4,3,27467,0.7818,11242,0.607,27467,0.8847,11242,0.7433,27467,0.8567,11242,0.8313
TOYOTA,RAV4 Plug in,3,27467,0.7818,11242,0.607,27467,0.8847,11242,0.7433,27467,0.8567,11242,0.8313
TOYOTA,VERSO,3,38503,0.6906,3553,0.5148,38503,0.848,3553,0.6432,38503,0.7682,3553,0.6959
TOYOTA,YARIS,3,292490,0.673,21128,0.4181,292490,0.8311,21128,0.5777,292490,0.764,21128,0.7233
TOYOTA,YARIS 5-DØRS,3,292490,0.673,21128,0.4181,292490,0.8311,21128,0.5777,292490,0.764,21128,0.7233
VOLKSWAGEN,CADDY,3,132153,0.6792,1122,0.3962,132153,0.7788,1122,0.6249,132153,0.8088,1122,0.7697
VOLKSWAGEN,GOLF,3,644906,0.732,40607,0.5582,644906,0.8285,40607,0.7357,644906,0.8411,40607,0.828
VOLKSWAGEN,Golf Sportsvan,3,644906,0.732,1676,0.6479,644906,0.8285,1676,0.7991,644906,0.8411,1676,0.8926
VOLKSWAGEN,PASSAT,3,173856,0.7188,16654,0.5138,173856,0.8153,16654,0.733,173856,0.838,16654,0.8233
VOLKSWAGEN,PASSAT VARIANT,3,173856,0.7188,16654,0.5138,173856,0.8153,16654,0.733,173856,0.838,16654,0.8233
VOLKSWAGEN,POLO,3,467717,0.6064,10576,0.3921,467717,0.734,10576,0.5677,467717,0.7437,10576,0.7204
VOLKSWAGEN,TIGUAN,3,118620,0.7192,13669,0.5256,118620,0.8045,13669,0.7761,118620,0.852,13669,0.8267
VOLKSWAGEN,TOURAN,3,66409,0.7088,5455,0.4646,66409,0.8147,5455,0.6975,66409,0.8242,5455,0.7735
VOLKSWAGEN,UP!,3,128355,0.7069,4436,0.4304,128355,0.8286,4436,0.548,128355,0.8104,4436,0.7459
VOLVO,V40,3,62834,0.6867,13394,0.5616,62834,0.7944,13394,0.7545,62834,0.8162,13394,0.8123
VOLVO,V50,3,31633,0.6262,3281,0.4117,31633,0.7542,3281,0.6901,31633,0.7668,3281,0.6409
VOLVO,V60,3,35876,0.737,13953,0.622,35876,0.8637,13953,0.781,35876,0.8221,13953,0.8591
VOLVO,V70,3,24510,0.7676,11477,0.6351,24510,0.894,11477,0.7785,24510,0.8319,11477,0.824
VOLVO,XC60,3,64447,0.747,13968,0.6535,64447,0.8479,13968,0.8662,64447,0.8504,13968,0.8715
VOLVO,XC90,3,41360,0.7082,1135,0.5975,41360,0.844,1135,0.7064,41360,0.797,1135,0.8648
AUDI,A1 SPORTBACK,4,35105,0.6449,183,0.4506,35105,0.7521,183,0.5947,35105,0.7822,183,0.7984
AUDI,A3,4,329091,0.6369,8787,0.3446,329091,0.741,8787,0.5576,329091,0.78,8787,0.6489
AUDI,A3 CABRIOLET,4,329091,0.6369,166,0.3546,329091,0.741,166,0.581,329091,0.78,166,0.6722
AUDI,A3 Sportback,4,329091,0.6369,227,0.3941,329091,0.741,227,0.6629,329091,0.78,227,0.6725
AUDI,A4 AVANT,4,238100,0.685,152,0.5193,238100,0.791,152,0.6583,238100,0.8029,152,0.7763
AUDI,Q3,4,3265,0.7022,293,0.46,3265,0.7916,293,0.7074,3265,0.8329,293,0.7864
AUDI,Q5,4,32587,0.7256,5189,0.4549,32587,0.8025,5189,0.6361,32587,0.8585,5189,0.7169
BMW,1-Serie,4,278804,0.6739,6307,0.3523,278804,0.8026,6307,0.4993,278804,0.7765,6307,0.6633
BMW,3-Serie,4,406242,0.696,10635,0.3337,406242,0.808,10635,0.4958,406242,0.8021,10635,0.6368
BMW,5-Serie,4,134337,0.7381,10877,0.4141,134337,0.8415,10877,0.6112,134337,0.8335,10877,0.7049
BMW,X1,4,23364,0.7119,4390,0.3637,23364,0.835,4390,0.5436,23364,0.8047,4390,0.7541
BMW,X3,4,36548,0.7065,5417,0.4506,36548,0.8185,5417,0.6749,36548,0.8086,5417,0.6985
BMW,X5,4,60059,0.7212,3889,0.4695,60059,0.8244,3889,0.7353,60059,0.8153,3889,0.7465
CITROËN,BERLINGO,4,114153,0.5318,993,0.2468,114153,0.6627,993,0.4126,114153,0.6811,993,0.4525
CITROËN,C 1,4,165674,0.5398,1119,0.244,165674,0.675,1119,0.3313,165674,0.6931,1119,0.5031
CITROËN,C1,4,165674,0.5398,1119,0.244,165674,0.675,1119,0.3313,165674,0.6931,1119,0.5031
CITROËN,C3,4,154590,0.4978,1932,0.2447,154590,0.6396,1932,0.4018,154590,0.6459,1932,0.5185
CITROËN,C3 PICASSO,4,916,0.4965,833,0.2622,916,0.6342,833,0.3945,916,0.6639,833,0.5428
CITROËN,C4,4,104425,0.499,2439,0.2561,104425,0.6595,2439,0.44,104425,0.6275,2439,0.467
CITROËN,C4 PICASSO,4,609,0.4753,1058,0.2436,609,0.6373,1058,0.4202,609,0.5997,1058,0.4026
CITROËN,DS3,4,27264,0.5012,696,0.2573,27264,0.6396,696,0.4065,27264,0.6508,696,0.4937
FIAT,500,4,195462,0.539,2705,0.1803,195462,0.6595,2705,0.3017,195462,0.7012,2705,0.4766
FIAT,PANDA,4,107113,0.5158,101,0.1339,107113,0.6271,101,0.255,107113,0.6976,101,0.5512
FIAT,Punto S7,4,98208,0.5149,347,0.2215,98208,0.6512,347,0.363,98208,0.665,347,0.5281
FORD,C-MAX,4,108658,0.5694,1034,0.3615,108658,0.7145,1034,0.5455,108658,0.7027,1034,0.6067
FORD,FIESTA,4,1153569,0.5387,7906,0.2516,1153569,0.6835,7906,0.42,1153569,0.6801,7906,0.5599
FORD,FIESTA 5 DØRS,4,1153569,0.5387,7906,0.2516,1153569,0.6835,7906,0.42,1153569,0.6801,7906,0.5599
FORD,FOCUS,4,852885,0.5803,12012,0.315,852885,0.7376,12012,0.5552,852885,0.694,12012,0.5343
FORD,FOCUS STATIONSVOGN,4,852885,0.5803,12012,0.315,852885,0.7376,12012,0.5552,852885,0.694,12012,0.5343
FORD,Focus,4,852885,0.5803,12012,0.315,852885,0.7376,12012,0.5552,852885,0.694,12012,0.5343
FORD,GALAXY,4,61056,0.5901,2069,0.2662,61056,0.7329,2069,0.4628,61056,0.7129,2069,0.4711
FORD,KA,4,178806,0.5142,449,0.2245,178806,0.6235,449,0.2808,178806,0.6996,449,0.4463
FORD,KUGA,4,74113,0.6229,5780,0.39,74113,0.7545,5780,0.6088,74113,0.747,5780,0.6263
FORD,MONDEO,4,233319,0.6152,15288,0.3527,233319,0.7474,15288,0.5441,233319,0.7373,15288,0.5857
FORD,MONDEO STATIONCAR,4,233319,0.6152,15288,0.3527,233319,0.7474,15288,0.5441,233319,0.7373,15288,0.5857
FORD,NY Focus,4,852885,0.5803,12012,0.315,852885,0.7376,12012,0.5552,852885,0.694,12012,0.5343
FORD,S-MAX,4,89876,0.6046,6314,0.3254,89876,0.7443,6314,0.4866,89876,0.7274,6314,0.5641
HONDA,CIVIC,4,312866,0.5791,2980,0.2891,312866,0.7512,2980,0.4973,312866,0.678,2980,0.4553
HONDA,CR-V,4,175768,0.6859,9204,0.423,175768,0.8072,9204,0.6573,175768,0.7898,9204,0.5364
HONDA,JAZZ,4,344192,0.5926,2120,0.3696,344192,0.7487,2120,0.4735,344192,0.7026,2120,0.5567
HYUNDAI,I 10,4,160250,0.5404,982,0.281,160250,0.7119,982,0.3682,160250,0.6567,982,0.585
HYUNDAI,I10,4,160250,0.5404,982,0.281,160250,0.7119,982,0.3682,160250,0.6567,982,0.585
HYUNDAI,I20,4,72068,0.5517,3876,0.3069,72068,0.7125,3876,0.4046,72068,0.6702,3876,0.5545
HYUNDAI,I30,4,82590,0.5227,3800,0.2783,82590,0.6745,3800,0.4236,82590,0.6548,3800,0.5305
HYUNDAI,I30CW,4,82590,0.5227,3800,0.2783,82590,0.6745,3800,0.4236,82590,0.6548,3800,0.5305
HYUNDAI,I40,4,1634,0.6068,753,0.2917,1634,0.7149,753,0.4428,1634,0.7926,753,0.6098
HYUNDAI,IX20,4,7129,0.5099,920,0.2674,7129,0.6496,920,0.3897,7129,0.663,920,0.5272
HYUNDAI,Tucson,4,12190,0.5608,317,0.3363,12190,0.6692,317,0.4734,12190,0.7333,317,0.5896
HYUNDAI,i10 AC3,4,160250,0.5404,982,0.281,160250,0.7119,982,0.3682,160250,0.6567,982,0.585
HYUNDAI,i30 Stc.,4,82590,0.5227,3800,0.2783,82590,0.6745,3800,0.4236,82590,0.6548,3800,0.5305
KIA,CEE'D SW,4,83056,0.5134,742,0.316,83056,0.6777,742,0.48,83056,0.6275,742,0.5444
KIA,CEED,4,83056,0.5134,742,0.316,83056,0.6777,742,0.48,83056,0.6275,742,0.5444
KIA,CEED SW,4,83056,0.5134,742,0.316,83056,0.6777,742,0.48,83056,0.6275,742,0.5444
KIA,PICANTO,4,125947,0.4832,652,0.1756,125947,0.5973,652,0.2732,125947,0.6764,652,0.519
KIA,RIO,4,58214,0.5146,248,0.3781,58214,0.6415,248,0.5194,58214,0.6826,248,0.6224
KIA,SPORTAGE,4,47231,0.5758,1242,0.3128,47231,0.6791,1242,0.4909,47231,0.7462,1242,0.6442
KIA,VENGA,4,14962,0.5231,668,0.3228,14962,0.6533,668,0.4401,14962,0.6741,668,0.5035
MAZDA,2,4,131257,0.5253,2075,0.2739,131257,0.6743,2075,0.4546,131257,0.6676,2075,0.5401
MAZDA,3,4,105080,0.5486,3328,0.3098,105080,0.6861,3328,0.5576,105080,0.6903,3328,0.545
MAZDA,MAZDA2,4,131257,0.5253,2075,0.2739,131257,0.6743,2075,0.4546,131257,0.6676,2075,0.5401
MAZDA,MAZDA3,4,105080,0.5486,3328,0.3098,105080,0.6861,3328,0.5576,105080,0.6903,3328,0.545
MAZDA,MAZDA6,4,57890,0.5881,4254,0.3115,57890,0.7267,4254,0.4876,57890,0.7167,4254,0.5306
MERCEDES-BENZ,A-Klasse,4,103039,0.5797,2238,0.2707,103039,0.7057,2238,0.4238,103039,0.7212,2238,0.6302
MERCEDES-BENZ,B-Klasse,4,60158,0.5716,4180,0.2731,60158,0.6877,4180,0.4222,60158,0.7198,4180,0.6127
MERCEDES-BENZ,C,4,240851,0.6552,7755,0.3384,240851,0.7478,7755,0.5303,240851,0.8029,7755,0.6829
MERCEDES-BENZ,C-Klasse,4,240851,0.6552,7755,0.3384,240851,0.7478,7755,0.5303,240851,0.8029,7755,0.6829
MERCEDES-BENZ,E,4,118523,0.7074,11198,0.4366,118523,0.7888,11198,0.5907,118523,0.8469,11198,0.7636
MERCEDES-BENZ,E-Klasse,4,118523,0.7074,11198,0.4366,118523,0.7888,11198,0.5907,118523,0.8469,11198,0.7636
MINI,COOPER,4,24334,0.6148,2672,0.2868,24334,0.777,2672,0.458,24334,0.7241,2672,0.5567
MITSUBISHI,ASX,4,7476,0.6558,5149,0.4245,7476,0.7442,5149,0.5278,7476,0.8103,5149,0.7132
MITSUBISHI,COLT,4,54530,0.5026,3136,0.2626,54530,0.6516,3136,0.4182,54530,0.6461,3136,0.4749
MITSUBISHI,OUTLANDER,4,20342,0.5871,10148,0.3063,20342,0.6773,10148,0.4244,20342,0.766,10148,0.5534
NISSAN,JUKE,4,49473,0.5347,753,0.3011,49473,0.6315,753,0.4132,49473,0.7336,753,0.6284
NISSAN,MICRA,4,238274,0.5316,662,0.2274,238274,0.7067,662,0.4606,238274,0.6419,662,0.4216
NISSAN,NOTE,4,209537,0.5278,1197,0.2759,209537,0.6974,1197,0.5989,209537,0.6516,1197,0.4952
NISSAN,QASHQAI,4,289849,0.4834,9029,0.2539,289849,0.5914,9029,0.4007,289849,0.6682,9029,0.5146
NISSAN,Qashqai J11A,4,289849,0.4834,9029,0.2539,289849,0.5914,9029,0.4007,289849,0.6682,9029,0.5146
NISSAN,X-TRAIL,4,47247,0.5661,3637,0.3326,47247,0.6445,3637,0.4695,47247,0.7686,3637,0.6164
OPEL,ASTRA,4,651650,0.5661,5454,0.3231,651650,0.6834,5454,0.4668,651650,0.7243,5454,0.6412
OPEL,ASTRA SPORTS TOURER,4,651650,0.5661,979,0.3779,651650,0.6834,979,0.5297,651650,0.7243,979,0.7072
OPEL,CORSA,4,728956,0.5239,3017,0.2336,728956,0.6725,3017,0.4048,728956,0.6705,3017,0.4956
OPEL,INSIGNIA,4,99155,0.6317,4475,0.4159,99155,0.7622,4475,0.6138,99155,0.7558,4475,0.6683
OPEL,MERIVA,4,110346,0.5145,1312,0.2943,110346,0.6389,1312,0.4054,110346,0.6751,1312,0.59
OPEL,ZAFIRA,4,218805,0.5457,1175,0.2693,218805,0.6701,1175,0.4359,218805,0.7006,1175,0.5386
PEUGEOT,107,4,193007,0.5361,1880,0.1728,193007,0.6703,1880,0.2277,193007,0.6922,1880,0.5035
PEUGEOT,206 +,4,37670,0.5014,143,0.1801,37670,0.6334,143,0.3837,37670,0.6545,143,0.4413
PEUGEOT,207,4,347582,0.4773,5486,0.2523,347582,0.617,5486,0.3823,347582,0.6311,5486,0.4787
PEUGEOT,208,4,3456,0.5544,267,0.3629,3456,0.6692,267,0.5118,3456,0.7218,267,0.6797
PEUGEOT,3008,4,38282,0.5085,4758,0.2777,38282,0.6598,4758,0.5179,38282,0.6458,4758,0.4674
PEUGEOT,308,4,123070,0.5164,4655,0.2762,123070,0.6514,4655,0.4151,123070,0.6741,4655,0.5812
PEUGEOT,5008,4,7859,0.5036,1845,0.2682,7859,0.6699,1845,0.4649,7859,0.6201,1845,0.4794
PEUGEOT,508,4,4780,0.6699,1566,0.4054,4780,0.8045,1566,0.6207,4780,0.7712,1566,0.6059
RENAULT,CLIO,4,307835,0.455,517,0.2376,307835,0.5949,517,0.3855,307835,0.6081,517,0.4315
RENAULT,MEGANE,4,141135,0.4894,1622,0.1824,141135,0.625,1622,0.3494,141135,0.6336,1622,0.4356
RENAULT,MEGANE SPORT TOURER,4,141135,0.4894,1622,0.1824,141135,0.625,1622,0.3494,141135,0.6336,1622,0.4356
RENAULT,Ny Clio,4,307835,0.455,517,0.2376,307835,0.5949,517,0.3855,307835,0.6081,517,0.4315
SKODA,FABIA,4,180813,0.5603,4252,0.2906,180813,0.6821,4252,0.4127,180813,0.7167,4252,0.5394
SKODA,FABIA COMBI,4,180813,0.5603,4252,0.2906,180813,0.6821,4252,0.4127,180813,0.7167,4252,0.5394
SKODA,OCTAVIA,4,114783,0.6336,12917,0.3275,114783,0.7379,12917,0.5675,114783,0.7788,12917,0.5321
SKODA,OCTAVIA COMBI,4,114783,0.6336,12917,0.3275,114783,0.7379,12917,0.5675,114783,0.7788,12917,0.5321
SKODA,SUPERB,4,14927,0.6542,3621,0.3373,14927,0.761,3621,0.6,14927,0.7949,3621,0.5883
SKODA,SUPERB COMBI,4,14927,0.6542,3621,0.3373,14927,0.761,3621,0.6,14927,0.7949,3621,0.5883
SUZUKI,ALTO,4,38922,0.5621,392,0.3082,38922,0.7155,392,0.3964,38922,0.6838,392,0.5713
SUZUKI,IGNIS,4,5671,0.5525,390,0.2586,5671,0.6543,390,0.4282,5671,0.737,390,0.4915
SUZUKI,SWIFT,4,110057,0.5205,4271,0.2837,110057,0.6321,4271,0.4206,110057,0.7022,4271,0.5502
SUZUKI,SX4,4,33729,0.5219,4809,0.3195,33729,0.6266,4809,0.4732,33729,0.7203,4809,0.5794
SUZUKI,SX4 COMBIBACK,4,33729,0.5219,4809,0.3195,33729,0.6266,4809,0.4732,33729,0.7203,4809,0.5794
TOYOTA,AURIS,4,149693,0.6114,14992,0.3404,149693,0.7748,14992,0.445,149693,0.7112,14992,0.5773
TOYOTA,AVENSIS,4,89398,0.6473,20526,0.3849,89398,0.8074,20526,0.5939,89398,0.7377,20526,0.553
TOYOTA,AVENSIS STW,4,89398,0.6473,20526,0.3849,89398,0.8074,20526,0.5939,89398,0.7377,20526,0.553
TOYOTA,AYGO,4,177427,0.5396,3007,0.228,177427,0.675,3007,0.3183,177427,0.6957,3007,0.5035
TOYOTA,AYGO 3/5-DØRS,4,177427,0.5396,3007,0.228,177427,0.675,3007,0.3183,177427,0.6957,3007,0.5035
TOYOTA,AYGO 5-DØRS,4,177427,0.5396,3007,0.228,177427,0.675,3007,0.3183,177427,0.6957,3007,0.5035
TOYOTA,COROLLA,4,62064,0.6356,4053,0.3468,62064,0.8224,4053,0.4599,62064,0.7087,4053,0.5456
TOYOTA,RAV4,4,36490,0.649,10666,0.4166,36490,0.7525,10666,0.5499,36490,0.7951,10666,0.6548
TOYOTA,RAV4 Plug in,4,36490,0.649,10666,0.4166,36490,0.7525,10666,0.5499,36490,0.7951,10666,0.6548
TOYOTA,VERSO,4,20896,0.644,2396,0.3547,20896,0.8159,2396,0.5107,20896,0.7273,2396,0.5397
TOYOTA,YARIS,4,342210,0.5856,12845,0.2741,342210,0.7382,12845,0.4096,342210,0.7078,12845,0.5124
TOYOTA,YARIS 5-DØRS,4,342210,0.5856,12845,0.2741,342210,0.7382,12845,0.4096,342210,0.7078,12845,0.5124
VOLKSWAGEN,CADDY,4,105036,0.6293,1082,0.3295,105036,0.7203,1082,0.5138,105036,0.7815,1082,0.6571
VOLKSWAGEN,GOLF,4,702042,0.6314,32682,0.3617,702042,0.733,32682,0.5425,702042,0.7791,32682,0.6807
VOLKSWAGEN,PASSAT,4,179641,0.654,15462,0.3582,179641,0.751,15462,0.5699,179641,0.8001,15462,0.6428
VOLKSWAGEN,PASSAT VARIANT,4,179641,0.654,15462,0.3582,179641,0.751,15462,0.5699,179641,0.8001,15462,0.6428
VOLKSWAGEN,POLO,4,453217,0.5252,11528,0.2835,453217,0.6443,11528,0.417,453217,0.6904,11528,0.5614
VOLKSWAGEN,TIGUAN,4,67681,0.6558,11058,0.4298,67681,0.741,11058,0.6709,67681,0.817,11058,0.7104
VOLKSWAGEN,TOURAN,4,89748,0.6157,10414,0.3694,89748,0.7176,10414,0.5784,89748,0.7755,10414,0.6367
VOLKSWAGEN,UP!,4,4818,0.6658,234,0.3556,4818,0.8002,234,0.4176,4818,0.7868,234,0.6526
VOLVO,V40,4,536,0.6095,243,0.4277,536,0.7317,243,0.61,536,0.7547,243,0.6646
VOLVO,V50,4,70312,0.5921,11296,0.3229,70312,0.716,11296,0.5712,70312,0.7336,11296,0.538
VOLVO,V60,4,5964,0.704,3752,0.5042,5964,0.8359,3752,0.6964,5964,0.8011,3752,0.7546
VOLVO,V70,4,49882,0.693,17685,0.4781,49882,0.8353,17685,0.6363,49882,0.7731,17685,0.682
VOLVO,XC60,4,29544,0.7172,9334,0.5516,29544,0.8251,9334,0.7862,29544,0.828,9334,0.7947
VOLVO,XC90,4,52865,0.6506,1825,0.414,52865,0.7846,1825,0.5381,52865,0.7548,1825,0.5812
