dmr_make,dmr_model,age_band,dk_vehicle_count,n_nt_tests,meets_stability_floor,raw_pass_rate,standardized_pass_rate,reliability_unstable,repair_burden_index,median_annual_fuel_cost_dkk,median_annual_ejerafgift_dkk,median_power_to_weight_wkg,median_weight_kg,median_cylinder_count,engagement_score,engagement_pct_power_to_weight,engagement_pct_cylinder_count,engagement_pct_weight_inverted
ALFA ROMEO,GIULIETTA,1,8,3928,True,0.8203,0.8185,False,0.4817,11712.053571428572,4640.0,70.75545310784817,1504.0,4.0,0.6473,0.769,0.6246,0.377
ALFA ROMEO,GIULIETTA,2,201,14482,True,0.7405,0.7464,False,0.8202,12272.058823529414,1600.0,88.71540099361249,1408.0,4.0,0.7817,0.9835,0.6246,0.5129
ALFA ROMEO,GIULIETTA,3,253,19197,True,0.6392,0.6558,False,1.4072,13755.494505494507,2580.0,89.34953538241601,1390.0,4.0,0.7882,0.9864,0.6246,0.5379
ALFA ROMEO,GIULIETTA,4,888,12013,True,0.5708,0.5905,False,1.959,14555.232558139538,2580.0,88.33922261484099,1415.0,4.0,0.7787,0.9807,0.6246,0.505
AUDI,A1 SPORTBACK,1,176,107860,True,0.8426,0.8325,False,0.5634,11978.468899521533,1600.0,65.64019448946515,1235.0,3.0,0.4945,0.6245,0.1454,0.6931
AUDI,A1 SPORTBACK,2,378,140691,True,0.7591,0.7486,False,0.9061,10932.314410480352,1520.0,59.982862039417306,1202.0,3.0,0.3931,0.4092,0.1454,0.7246
AUDI,A1 SPORTBACK,3,696,124382,True,0.691,0.6874,False,1.4213,10518.90756302521,1760.0,59.82905982905983,1210.0,4.0,0.5328,0.4027,0.6246,0.7203
AUDI,A1 SPORTBACK,4,752,34985,True,0.6453,0.6454,False,1.914,12772.959183673469,1760.0,55.26315789473684,1235.0,4.0,0.4501,0.2482,0.6246,0.6931
AUDI,A3,1,133,130943,True,0.8718,0.8763,False,0.4137,5932.464454976303,1080.0,65.28189910979229,1685.0,4.0,0.5231,0.6059,0.6246,0.1638
AUDI,A3,2,110,221566,True,0.8282,0.8382,False,0.6119,7799.065420560748,1200.0,65.7501494321578,1660.0,4.0,0.5403,0.6316,0.6246,0.1853
AUDI,A3,3,157,178982,True,0.7329,0.755,False,1.1741,10208.171206225681,1960.0,64.8011838254024,1342.0,4.0,0.6062,0.5973,0.6246,0.6009
AUDI,A3,4,1360,167881,True,0.6246,0.6481,False,2.342,11557.268722466959,2920.0,64.78873239436619,1445.0,4.0,0.5772,0.593,0.6246,0.4664
AUDI,A3 CABRIOLET,1,292,130943,True,0.8718,0.8763,False,0.4137,12036.057692307691,1600.0,71.24352331606218,1544.0,4.0,0.6461,0.7818,0.6246,0.3391
AUDI,A3 CABRIOLET,2,430,221566,True,0.8282,0.8382,False,0.6119,12772.959183673469,2100.0,71.84846505551927,1533.0,4.0,0.6563,0.799,0.6246,0.3469
AUDI,A3 CABRIOLET,3,604,178982,True,0.7329,0.755,False,1.1741,12517.500000000002,920.0,71.6612377850163,1483.0,4.0,0.6627,0.7918,0.6246,0.397
AUDI,A3 CABRIOLET,4,93,167881,True,0.6246,0.6481,False,2.342,14991.017964071858,2920.0,61.95286195286195,1505.0,4.0,0.4972,0.47,0.6246,0.3741
AUDI,A3 Limousine,1,138,130943,True,0.8718,0.8763,False,0.4137,11176.339285714288,1600.0,75.29089664613278,1461.0,4.0,0.7007,0.8541,0.6246,0.4313
AUDI,A3 Limousine,2,506,221566,True,0.8282,0.8382,False,0.6119,11590.277777777777,1600.0,78.40342124019956,1390.0,4.0,0.7528,0.9156,0.6246,0.5379
AUDI,A3 Limousine,3,795,178982,True,0.7329,0.755,False,1.1741,11753.521126760563,1960.0,78.32699619771863,1377.0,4.0,0.7556,0.9127,0.6246,0.5594
AUDI,A3 Limousine,4,86,167881,True,0.6246,0.6481,False,2.342,10752.04918032787,2780.0,78.32699619771863,1350.0,4.0,0.7608,0.9127,0.6246,0.5851
AUDI,A3 Sportback,1,1087,130943,True,0.8718,0.8763,False,0.4137,6452.319587628867,1140.0,66.46525679758308,1655.0,4.0,0.5516,0.6531,0.6246,0.1881
AUDI,A3 Sportback,2,1857,221566,True,0.8282,0.8382,False,0.6119,11753.521126760563,1600.0,79.05139360585703,1389.0,4.0,0.7607,0.9306,0.6246,0.5401
AUDI,A3 Sportback,3,2634,178982,True,0.7329,0.755,False,1.1741,11547.067540956981,1960.0,75.75757575757576,1355.0,4.0,0.7369,0.8684,0.6246,0.5765
AUDI,A3 Sportback,4,1596,167881,True,0.6246,0.6481,False,2.342,11023.109243697478,2780.0,70.3125,1355.0,4.0,0.6807,0.7561,0.6246,0.5765
AUDI,A4 AVANT,1,450,72421,True,0.8427,0.856,False,0.5131,13176.315789473685,2440.0,85.3658536585366,1645.0,4.0,0.7109,0.9671,0.6246,0.1996
AUDI,A4 AVANT,2,1233,114004,True,0.7777,0.8026,False,0.8041,13459.677419354839,2920.0,85.7843137254902,1630.0,4.0,0.7174,0.9721,0.6246,0.2196
AUDI,A4 AVANT,3,1364,90855,True,0.7231,0.7629,False,1.2094,12772.959183673469,3480.0,66.18531889290013,1650.0,4.0,0.5474,0.6416,0.6246,0.196
AUDI,A4 AVANT,4,1097,103961,True,0.6596,0.7011,False,1.9179,12860.29411764706,4320.0,62.11180124223603,1650.0,4.0,0.4637,0.4742,0.6246,0.196
AUDI,A5 SPORTBACK,1,301,54154,True,0.8421,0.8502,False,0.5199,13039.062500000002,2440.0,90.09009009009009,1622.0,4.0,0.7287,0.9907,0.6246,0.2296
AUDI,A5 SPORTBACK,2,393,62128,True,0.7952,0.8096,False,0.7455,13755.494505494507,3260.0,87.60951188986232,1600.0,4.0,0.7318,0.9793,0.6246,0.274
AUDI,A5 SPORTBACK,3,926,59780,True,0.7477,0.7709,False,1.1154,14813.609467455624,2580.0,64.16464891041163,1652.0,4.0,0.5052,0.5587,0.6246,0.1924
AUDI,A5 SPORTBACK,4,559,55609,True,0.7032,0.7295,False,1.5612,14555.232558139538,3960.0,80.0,1615.0,4.0,0.7068,0.9406,0.6246,0.2454
AUDI,A6 AVANT,1,603,42224,True,0.8807,0.8929,False,0.4169,6993.016759776537,920.0,87.36559139784947,2197.0,4.0,0.6803,0.9764,0.6246,0.0236
AUDI,A6 AVANT,2,652,65435,True,0.8353,0.8582,False,0.628,11817.567567567568,3600.0,80.20050125313283,1876.0,4.0,0.673,0.9435,0.6246,0.0694
AUDI,A6 AVANT,3,1176,56351,True,0.7884,0.8145,False,0.9237,12089.861751152073,3960.0,76.94157694157695,1866.0,4.0,0.6445,0.8848,0.6246,0.0737
AUDI,A6 AVANT,4,590,45133,True,0.6976,0.7398,False,1.7107,15523.668639053254,5980.0,75.36231884057972,1785.0,4.0,0.6385,0.8562,0.6246,0.1152
AUDI,Q2,1,1089,86694,True,0.8965,0.8937,False,0.3379,12643.939393939394,1600.0,78.01418439716312,1409.0,4.0,0.7428,0.9063,0.6246,0.5114
AUDI,Q2,2,1511,23392,True,0.8722,0.8593,False,0.4311,12772.959183673469,2440.0,78.51534618129907,1399.0,4.0,0.7523,0.9206,0.6246,0.5229
AUDI,Q2,3,68,3,False,1.0,,True,,13039.062500000002,1760.0,78.90961262553802,1394.0,4.0,0.7567,0.9278,0.6246,0.5272
AUDI,Q3,1,1530,76783,True,0.8915,0.8901,False,0.3639,6934.903047091413,920.0,59.75013579576317,1841.0,4.0,0.4053,0.3999,0.6246,0.0901
AUDI,Q3,2,1251,90122,True,0.8086,0.8127,False,0.7049,13176.315789473685,3260.0,69.70849176172369,1580.5,4.0,0.6199,0.7446,0.6246,0.3011
AUDI,Q3,3,764,60071,True,0.7239,0.7381,False,1.161,14555.232558139538,2580.0,73.57859531772576,1505.0,4.0,0.6753,0.8262,0.6246,0.3741
AUDI,Q3,4,264,3267,True,0.693,0.7029,False,1.3691,15523.668639053254,5560.0,76.68711656441718,1610.0,4.0,0.6785,0.8791,0.6246,0.2575
AUDI,Q5,1,1217,66622,True,0.8847,0.891,False,0.3971,8049.83922829582,920.0,88.95985401459853,2184.0,4.0,0.6852,0.985,0.6246,0.0265
AUDI,Q5,2,648,62157,True,0.8287,0.8391,False,0.6444,13664.062499999998,5640.0,73.1070496083551,1938.5,4.0,0.6073,0.819,0.6246,0.0522
AUDI,Q5,3,579,38947,True,0.7842,0.8019,False,0.9535,15523.668639053254,6800.0,74.8663101604278,1935.0,4.0,0.6194,0.8419,0.6246,0.0551
AUDI,Q5,4,538,24519,True,0.696,0.7279,False,1.6644,18346.153846153844,8080.0,90.02557544757033,1935.0,6.0,0.8039,0.9893,0.9943,0.0551
BMW,1-Serie,1,537,150641,True,0.8573,0.861,False,0.4833,11379.545454545456,1600.0,71.42857142857143,1461.0,3.0,0.5222,0.7847,0.1454,0.4313
BMW,1-Serie,2,1961,187412,True,0.7986,0.8108,False,0.7717,10976.987447698744,2920.0,71.56798959011061,1470.0,4.0,0.6646,0.789,0.6246,0.4134
BMW,1-Serie,3,925,185820,True,0.7084,0.7277,False,1.3704,10752.04918032787,2780.0,75.26881720430107,1445.0,4.0,0.7066,0.8519,0.6246,0.4664
BMW,1-Serie,4,682,150214,True,0.6602,0.6769,False,1.8266,11023.109243697478,2920.0,61.371841155234655,1385.0,4.0,0.5234,0.4542,0.6246,0.5443
BMW,2-Serie,1,317,99923,True,0.8591,0.8567,False,0.4654,11808.962264150945,1600.0,64.78209658421673,1607.0,3.0,0.3916,0.5908,0.1454,0.2625
BMW,2-Serie,2,667,105384,True,0.8091,0.8087,False,0.7079,11817.567567567568,2920.0,69.06662826930193,1606.0,4.0,0.6046,0.7289,0.6246,0.2639
BMW,2-Serie,3,790,13142,True,0.7637,0.7606,False,0.9784,11817.567567567568,2920.0,73.08970099667775,1530.0,4.0,0.6666,0.8176,0.6246,0.3519
BMW,3-Serie,1,1921,140110,True,0.868,0.8789,False,0.4444,6877.747252747254,920.0,70.53291536050156,1914.0,4.0,0.5797,0.7604,0.6246,0.0608
BMW,3-Serie,2,2680,182757,True,0.8247,0.8472,False,0.6664,11456.331877729259,3380.0,84.33734939759036,1635.0,4.0,0.7126,0.9649,0.6246,0.2139
BMW,3-Serie,3,1926,191399,True,0.7269,0.7574,False,1.2544,11557.268722466959,2920.0,83.0860534124629,1615.0,4.0,0.7154,0.9578,0.6246,0.2454
BMW,3-Serie,4,863,189665,True,0.6753,0.6991,False,1.7451,12316.901408450702,3960.0,85.71428571428571,1555.0,4.0,0.7377,0.9707,0.6246,0.3247
BMW,4-serie,1,139,63469,True,0.8577,0.8625,False,0.46,14064.606741573034,3260.0,102.50569476082003,1737.0,4.0,0.7134,0.9979,0.6246,0.1352
BMW,4-serie,2,1152,102291,True,0.8282,0.8396,False,0.6335,10493.999999999998,2780.0,85.3658536585366,1640.0,4.0,0.7117,0.9671,0.6246,0.2039
BMW,4-serie,3,610,28717,True,0.7825,0.7892,False,0.8869,12089.861751152073,3480.0,85.62691131498471,1640.0,4.0,0.7128,0.9692,0.6246,0.2039
BMW,4-serie,4,24,0,False,,,True,,16107.838877855016,4640.0,117.83992285438765,1572.5,4.0,0.7498,0.9993,0.6246,0.314
BMW,5-Serie,1,1631,85184,True,0.8765,0.8864,False,0.431,7563.4441087613295,920.0,68.85998917670076,2051.0,4.0,0.5566,0.7232,0.6246,0.0379
BMW,5-Serie,2,1327,93042,True,0.8461,0.8597,False,0.5741,11456.331877729259,3600.0,82.93838862559241,1763.0,4.0,0.6903,0.9564,0.6246,0.1237
BMW,5-Serie,3,522,85406,True,0.7716,0.7963,False,0.9509,11817.567567567568,3960.0,77.34806629834254,1810.0,4.0,0.6537,0.8906,0.6246,0.1052
BMW,5-Serie,4,547,65964,True,0.7254,0.7487,False,1.4496,12860.29411764706,4960.0,79.17888563049853,1790.0,4.0,0.6756,0.932,0.6246,0.1109
BMW,X1,1,1184,71837,True,0.8834,0.8824,False,0.3894,7406.804733727812,920.0,49.488972565895644,1859.0,3.0,0.1078,0.0966,0.1454,0.0794
BMW,X1,2,1114,61342,True,0.832,0.8341,False,0.6208,11456.331877729259,3600.0,81.58508158508158,1590.0,4.0,0.7191,0.9492,0.6246,0.2854
BMW,X1,3,233,38590,True,0.724,0.7372,False,1.2269,12860.29411764706,3960.0,74.63700234192038,1600.0,4.0,0.6624,0.8405,0.6246,0.274
BMW,X1,4,331,20724,True,0.6893,0.7115,False,1.5718,13117.499999999998,4960.0,67.52411575562701,1565.0,4.0,0.5955,0.6888,0.6246,0.3183
BMW,X3,1,841,62087,True,0.8814,0.8828,False,0.4087,8692.708333333334,920.0,63.43984962406016,2128.0,4.0,0.4563,0.5243,0.6246,0.0336
BMW,X3,2,364,45809,True,0.8021,0.816,False,0.6997,15252.906976744187,6720.0,97.5243871935968,1939.0,6.0,0.8059,0.995,0.9943,0.0508
BMW,X3,3,197,38741,True,0.7251,0.7462,False,1.1421,14656.424581005585,5140.0,76.92307692307693,1895.0,4.0,0.6411,0.882,0.6246,0.0637
BMW,X3,4,181,16132,True,0.707,0.7287,False,1.4917,14656.424581005585,6040.0,75.0,1800.0,4.0,0.6307,0.8433,0.6246,0.108
BMW,X5,1,1376,39428,True,0.8686,0.8756,False,0.4709,8429.292929292931,920.0,80.33664881407803,2614.0,6.0,0.7712,0.9449,0.9943,0.0021
BMW,X5,2,173,38066,True,0.8617,0.8711,False,0.5333,17374.172185430463,7480.0,86.01878747688342,2341.5,6.0,0.7878,0.9735,0.9943,0.0136
BMW,X5,3,125,25125,True,0.8071,0.8226,False,0.9012,16295.03105590062,7080.0,88.57808857808858,2220.0,6.0,0.7932,0.9821,0.9943,0.0193
BMW,X5,4,93,27690,True,0.7362,0.7547,False,1.7237,19725.56390977443,10160.0,99.54233409610984,2185.0,6.0,0.8015,0.9964,0.9943,0.025
CHEVROLET,AVEO,3,546,5192,True,0.5495,0.5236,False,1.4638,13755.494505494507,1760.0,51.302931596091206,1228.0,4.0,0.3905,0.1266,0.6246,0.6989
CHEVROLET,AVEO,4,3577,10648,True,0.4699,0.4372,False,2.1303,13532.432432432433,1760.0,54.52946350043975,1137.0,4.0,0.4603,0.2153,0.6246,0.8262
CHEVROLET,SPARK,3,1207,15343,True,0.5577,0.5366,False,1.4785,12517.500000000002,920.0,47.89272030651341,1044.0,4.0,0.3991,0.0694,0.6246,0.8848
CHEVROLET,SPARK,4,11625,12322,True,0.5401,0.4971,False,1.6409,12517.500000000002,920.0,50.200803212851405,1002.0,4.0,0.4248,0.1094,0.6246,0.9134
CITROËN,BERLINGO,1,457,80199,True,0.6865,0.7273,False,0.9072,10013.358778625954,3380.0,47.9539641943734,1587.0,4.0,0.2819,0.0708,0.6246,0.2954
CITROËN,BERLINGO,2,521,84990,True,0.5783,0.6171,False,1.3593,10752.04918032787,3380.0,45.91194968553459,1590.0,4.0,0.2609,0.0329,0.6246,0.2854
CITROËN,BERLINGO,3,633,70588,True,0.5302,0.5569,False,1.6714,11557.268722466959,2920.0,45.91194968553459,1590.0,4.0,0.2609,0.0329,0.6246,0.2854
CITROËN,BERLINGO,4,928,56016,True,0.507,0.5294,False,1.911,13880.952380952382,4960.0,51.48005148005148,1589.0,4.0,0.3136,0.1366,0.6246,0.2897
CITROËN,C1,1,4694,32987,True,0.8515,0.8175,False,0.2977,8430.5756,1280.1023,55.614,952.9974,3.0,0.3677,0.2647,0.1454,0.9585
CITROËN,C1,2,10306,87675,True,0.7738,0.7244,False,0.5195,9519.3025,1279.8952,56.3821,961.9988,3.0,0.3783,0.2897,0.1454,0.9492
CITROËN,C1,3,10416,83281,True,0.6884,0.6357,False,0.8323,9519.5095,920.0,55.7371,939.9933,3.0,0.372,0.2697,0.1454,0.9678
CITROËN,C1,4,13172,92921,True,0.5779,0.5456,False,1.4325,11010.7099,920.0,55.2486,905.0,3.0,0.3636,0.2425,0.1454,0.9936
CITROËN,C3,1,10965,119361,True,0.8206,0.8001,False,0.3647,11176.339285714288,1520.0,55.30371713508613,1105.0,3.0,0.3377,0.2511,0.1454,0.8426
CITROËN,C3,2,11807,86356,True,0.6945,0.6572,False,0.7331,10698.717948717951,1520.0,56.16942909760589,1176.0,3.0,0.3381,0.2825,0.1454,0.7661
CITROËN,C3,3,8094,83054,True,0.5826,0.5567,False,1.2053,9975.28517110266,1160.0,57.14285714285714,1165.0,4.0,0.5053,0.3212,0.6246,0.7868
CITROËN,C3,4,7378,91286,True,0.5177,0.5029,False,1.6302,9975.28517110266,2780.0,43.66812227074236,1197.0,4.0,0.3428,0.0165,0.6246,0.7361
CITROËN,C3 Aircross,1,1151,43241,True,0.8315,0.8144,False,0.323,12212.195121951221,1600.0,61.973986228003064,1312.0,3.0,0.4069,0.4714,0.1454,0.6381
CITROËN,C3 Aircross,2,1850,4138,True,0.7523,0.7182,False,0.5039,10932.314410480352,2440.0,61.132075471698116,1322.0,3.0,0.3909,0.4471,0.1454,0.6187
CITROËN,C3 PICASSO,2,108,9253,True,0.6925,0.6595,False,0.7037,10248.046874999998,2780.0,50.835654596100284,1436.0,4.0,0.343,0.1173,0.6246,0.485
CITROËN,C3 PICASSO,3,1525,1165,False,0.6627,0.6309,True,0.9116,10493.999999999998,2780.0,50.835654596100284,1393.0,4.0,0.3519,0.1173,0.6246,0.5293
CITROËN,C3 PICASSO,4,2660,718,False,0.5014,0.4902,True,1.5655,12089.861751152073,3960.0,48.53675945753034,1405.0,4.0,0.332,0.0823,0.6246,0.5172
CITROËN,C4,1,774,54149,True,0.7561,0.7622,False,0.5482,11176.339285714288,1600.0,67.3211781206171,1354.0,3.0,0.5011,0.6831,0.1454,0.5794
CITROËN,C4,2,1717,136902,True,0.6403,0.6565,False,0.9815,8658.415841584158,2440.0,51.33614627285513,1440.0,4.0,0.3463,0.128,0.6246,0.4742
CITROËN,C4,3,2561,82044,True,0.5629,0.5782,False,1.352,9716.666666666666,1960.0,58.333333333333336,1422.0,4.0,0.4636,0.3541,0.6246,0.4957
CITROËN,C4,4,3228,45706,True,0.4936,0.5053,False,1.8786,11023.109243697478,2920.0,56.629834254143645,1440.0,4.0,0.4314,0.2983,0.6246,0.4742
CITROËN,C4 Cactus,1,212,22358,True,0.7498,0.7464,False,0.5653,10474.895397489541,1560.0,67.5,1200.0,3.0,0.5327,0.6874,0.1454,0.7268
CITROËN,C4 Cactus,2,2953,17990,True,0.6543,0.6422,False,0.8983,8122.291021671827,1520.0,59.59183673469388,1225.0,4.0,0.5238,0.3927,0.6246,0.7003
CITROËN,C4 Cactus,3,4717,225,False,0.5644,,True,1.1911,9173.076923076922,1160.0,58.87096774193548,1190.0,4.0,0.5231,0.3712,0.6246,0.7504
CITROËN,C4 PICASSO,2,738,8804,True,0.7189,0.7107,False,0.7042,9975.28517110266,2780.0,56.59163987138264,1555.0,4.0,0.4008,0.2969,0.6246,0.3247
CITROËN,C4 PICASSO,3,643,937,False,0.587,0.5879,True,1.1622,10493.999999999998,2780.0,61.90823015294974,1540.0,4.0,0.49,0.4685,0.6246,0.3419
CITROËN,C4 PICASSO,4,534,333,False,0.4775,,True,1.9399,10493.999999999998,2780.0,54.662379421221864,1555.0,4.0,0.3636,0.2225,0.6246,0.3247
CITROËN,C5 Aircross,1,2386,1134,False,0.8668,,True,0.2928,6435.732647814911,920.0,71.08498129342597,1868.0,4.0,0.592,0.7804,0.6246,0.0722
CITROËN,C5 Aircross,2,601,0,False,,,True,,9789.179104477611,3380.0,62.21646143875567,1544.0,4.0,0.4938,0.4771,0.6246,0.3391
CITROËN,DS3,3,365,92380,True,0.5161,0.5172,False,1.4918,9437.05035971223,1160.0,57.84469096671949,1160.0,4.0,0.5191,0.3426,0.6246,0.8019
CITROËN,DS3,4,1543,25745,True,0.4984,0.5006,False,1.7123,9437.05035971223,2780.0,55.28455284552845,1230.0,4.0,0.4516,0.2496,0.6246,0.6967
CITROËN,GRAND C4 PICASSO,2,1890,121,False,0.686,,True,0.9256,10493.999999999998,2780.0,54.15384615384615,1625.0,4.0,0.3347,0.2039,0.6246,0.2268
CITROËN,GRAND C4 PICASSO,3,2637,1755,False,0.5134,0.556,True,1.6615,10493.999999999998,2780.0,60.93189964157706,1615.0,4.0,0.4557,0.4385,0.6246,0.2454
CITROËN,GRAND C4 PICASSO,4,1819,5761,True,0.4787,0.4933,False,2.0085,13664.062499999998,4960.0,48.5207100591716,1693.0,4.0,0.2587,0.0794,0.6246,0.1581
CITROËN,Grand C4 SpaceTourer,1,837,37,False,0.7838,,True,0.4324,11379.545454545456,2440.0,64.86486486486487,1545.0,3.0,0.4109,0.6001,0.1454,0.3362
CITROËN,Grand C4 SpaceTourer,2,925,124,False,0.6855,,True,0.9274,11211.538461538463,3380.0,60.72106261859582,1588.0,4.0,0.4624,0.4328,0.6246,0.2933
DACIA,Duster,1,1286,60909,True,0.7335,0.7271,False,0.3903,12838.46153846154,1600.0,58.45181674565561,1300.0,3.0,0.3516,0.3598,0.1454,0.6402
DACIA,Duster,2,1845,38046,True,0.6647,0.669,False,0.5963,11557.268722466959,3600.0,62.5,1280.0,3.0,0.419,0.485,0.1454,0.6645
DACIA,Duster,3,1912,22327,True,0.5781,0.5845,False,0.9294,12612.980769230766,3480.0,62.5,1280.0,0.0,0.3782,0.485,0.0093,0.6645
DACIA,Duster,4,7,12,False,0.9167,,True,0.175,17755.319148936174,5140.0,58.55278742838989,1345.0,4.0,0.4886,0.3641,0.6246,0.5959
DACIA,Logan MCV,1,357,9974,True,0.7425,0.7561,False,0.3966,12036.057692307691,1600.0,57.74278215223097,1143.0,3.0,0.3755,0.3355,0.1454,0.8205
DACIA,Logan MCV,2,1635,15203,True,0.6766,0.6978,False,0.5485,12272.058823529414,1760.0,56.65236051502146,1165.0,0.0,0.3114,0.3026,0.0093,0.7868
DACIA,Logan MCV,3,2315,4787,True,0.6204,0.6293,False,0.6939,9975.28517110266,1960.0,56.65236051502146,1165.0,0.0,0.3114,0.3026,0.0093,0.7868
DACIA,SANDERO,1,1245,67278,True,0.7566,0.7308,False,0.3423,11590.277777777777,1520.0,58.41325196163906,1147.0,3.0,0.3853,0.3569,0.1454,0.8162
DACIA,SANDERO,2,1326,83310,True,0.6217,0.6003,False,0.6355,12272.058823529414,2440.0,59.19282511210763,1115.0,0.0,0.3614,0.382,0.0093,0.8383
DACIA,SANDERO,3,1478,38005,True,0.5604,0.5445,False,0.817,12272.058823529414,2580.0,56.994818652849744,1113.0,0.0,0.3293,0.3169,0.0093,0.8405
DACIA,SANDERO,4,125,8,False,0.375,,True,1.6625,9975.28517110266,2780.0,47.37295434969854,1161.0,4.0,0.3726,0.0508,0.6246,0.799
DS,DS 3,2,661,46263,True,0.6275,0.6147,False,1.1867,7878.378378378378,1520.0,57.84469096671949,1262.0,4.0,0.4935,0.3426,0.6246,0.6738
DS,DS 3,3,652,1575,False,0.5752,0.5573,True,1.6128,7878.378378378378,1160.0,57.84469096671949,1262.0,4.0,0.4935,0.3426,0.6246,0.6738
FIAT,500,1,1076,114492,True,0.8132,0.7687,False,0.3606,9741.245136186772,1400.0,47.81801299907149,1077.0,3.0,0.2471,0.0651,0.1454,0.8548
FIAT,500,2,1996,182945,True,0.6898,0.6418,False,0.7017,9519.011406844107,1400.0,54.5286506469501,1070.0,2.0,0.2861,0.2139,0.0236,0.8605
FIAT,500,3,2650,196513,True,0.6282,0.5932,False,0.9385,9519.011406844107,920.0,56.89488910318226,1018.0,2.0,0.344,0.3119,0.0236,0.9049
FIAT,500,4,5656,134513,True,0.5656,0.5426,False,1.3578,12036.057692307691,920.0,51.776649746192895,985.0,4.0,0.4454,0.1452,0.6246,0.927
FIAT,500C,2,1131,12189,True,0.7025,0.6491,False,0.6757,9520.647,1400.3183,53.3772,1094.9867,2.0053,0.2667,0.1792,0.0252,0.8476
FIAT,500C,3,1451,12563,True,0.6344,0.5898,False,0.9055,10524.8637,920.0,54.718,1058.9807,2.0096,0.2926,0.2235,0.0265,0.8641
FIAT,500 C,4,2877,7333,True,0.5687,0.5312,False,1.348,11944.9232,920.0,49.8665,1022.7421,4.0,0.4193,0.1027,0.6246,0.9029
FIAT,500C,1,732,1778,False,0.7998,0.7556,True,0.401,9934.523809523811,1400.0,47.57462686567164,1080.0,3.0,0.2423,0.0565,0.1454,0.8519
FIAT,PANDA,1,315,14249,True,0.8141,0.7824,False,0.3456,10345.041322314051,1400.0,48.175865294667915,1059.0,3.0,0.2547,0.0765,0.1454,0.8641
FIAT,PANDA,2,857,32287,True,0.7309,0.6764,False,0.6035,11176.339285714288,1400.0,49.56268221574344,1055.0,4.0,0.4099,0.098,0.6246,0.8677
FIAT,PANDA,3,1515,42086,True,0.6656,0.6124,False,0.8685,9519.011406844107,920.0,42.71844660194175,1046.0,2.0,0.1886,0.0107,0.0236,0.8805
FIAT,PANDA,4,5016,55495,True,0.5685,0.5215,False,1.3779,12272.058823529414,920.0,52.46913580246913,972.0,4.0,0.4536,0.1581,0.6246,0.9356
FIAT,Punto S7,2,128,11113,True,0.6375,0.6075,False,1.0903,9519.011406844107,920.0,61.55778894472362,1194.0,2.0,0.3857,0.4599,0.0236,0.7432
FIAT,Punto S7,3,1025,26899,True,0.567,0.5536,False,1.3276,9519.011406844107,920.0,61.19900083263947,1194.0,2.0,0.38,0.4485,0.0236,0.7432
FIAT,Punto S7,4,537,36845,True,0.5409,0.527,False,1.5654,10518.90756302521,1760.0,50.04035512510089,1194.0,4.0,0.3886,0.1052,0.6246,0.7432
FORD,B-MAX,2,200,45517,True,0.7314,0.6841,False,0.5717,12272.058823529414,920.0,55.55555555555555,1332.0,3.0,0.2968,0.2618,0.1454,0.6116
FORD,B-MAX,3,968,57332,True,0.6552,0.6122,False,0.8443,12272.058823529414,920.0,56.45161290322581,1332.0,3.0,0.3129,0.294,0.1454,0.6116
FORD,B-MAX,4,606,325,False,0.6215,,True,1.0532,12272.058823529414,920.0,55.55555555555555,1332.0,3.0,0.2968,0.2618,0.1454,0.6116
FORD,C-MAX,2,2723,59662,True,0.7773,0.7689,False,0.4919,12772.959183673469,2440.0,63.49206349206349,1452.0,3.0,0.3977,0.5279,0.1454,0.4506
FORD,C-MAX,3,2623,71976,True,0.6799,0.6838,False,0.8473,12772.959183673469,1760.0,63.49206349206349,1449.0,3.0,0.3994,0.5279,0.1454,0.4592
FORD,C-MAX,4,2668,57688,True,0.5739,0.5814,False,1.4142,12772.959183673469,3960.0,58.70165745856354,1392.0,4.0,0.4773,0.367,0.6246,0.5322
FORD,FIESTA,1,3970,434528,True,0.8431,0.8299,False,0.2993,9555.343511450383,1520.0,73.9340305711987,1241.0,3.0,0.5985,0.8362,0.1454,0.6838
FORD,FIESTA,2,9341,649567,True,0.6935,0.6719,False,0.7224,10744.635193133046,1520.0,60.69364161849711,1213.0,3.0,0.4021,0.4313,0.1454,0.7139
FORD,FIESTA,3,12901,642099,True,0.61,0.5929,False,1.0674,10744.635193133046,920.0,65.83629893238434,1171.0,3.0,0.5161,0.6345,0.1454,0.7761
FORD,FIESTA,4,5753,615142,True,0.5526,0.5421,False,1.5153,10744.635193133046,920.0,63.193851409052094,1147.0,3.0,0.4619,0.51,0.1454,0.8162
FORD,FIESTA 5 DØRS,2,15,649567,True,0.6935,0.6719,False,0.7224,11753.521126760563,1600.0,53.52591333899745,1177.0,3.0,0.2898,0.1867,0.1454,0.7639
FORD,FIESTA 5 DØRS,3,30,642099,True,0.61,0.5929,False,1.0674,10790.94827586207,920.0,64.42144502363922,1124.0,3.0,0.4946,0.5687,0.1454,0.8333
FORD,FIESTA 5 DØRS,4,5942,615142,True,0.5526,0.5421,False,1.5153,13755.494505494507,2580.0,56.92599620493358,1054.0,4.0,0.5192,0.3155,0.6246,0.8705
FORD,FOCUS,1,2614,281972,True,0.8351,0.8381,False,0.3137,10478.7023,1603.5348,64.5612,1434.2651,3.0,0.432,0.5815,0.1454,0.4882
FORD,FOCUS,2,7818,391746,True,0.7696,0.7778,False,0.4987,11765.5916,1600.0,67.1043,1404.5047,3.0,0.4837,0.6731,0.1454,0.5178
FORD,FOCUS,3,4550,416770,True,0.6391,0.6522,False,0.9444,12036.0577,1349.6,67.1043,1355.1457,3.0,0.4971,0.6731,0.1454,0.5845
FORD,FOCUS,4,2072,411720,True,0.5717,0.5831,False,1.4358,12031.8974,1966.4865,59.6994,1371.1486,4.0,0.498,0.3959,0.6246,0.5635
FORD,FOCUS STATIONSVOGN,2,1,391746,True,0.7696,0.7778,False,0.4987,12375.0,4640.0,70.55805003207185,1559.0,4.0,0.6325,0.7618,0.6246,0.3212
FORD,FOCUS STATIONSVOGN,3,7,416770,True,0.6391,0.6522,False,0.9444,9975.28517110266,1960.0,54.37679022584683,1431.0,4.0,0.3916,0.2124,0.6246,0.49
FORD,FOCUS STATIONSVOGN,4,1793,411720,True,0.5717,0.5831,False,1.4358,11557.268722466959,2920.0,57.51258087706686,1391.0,4.0,0.4579,0.3269,0.6246,0.5351
FORD,GALAXY,1,67,16514,True,0.7928,0.8058,False,0.4743,13459.677419354839,4640.0,68.72853890038195,2032.0,4.0,0.5533,0.716,0.6246,0.0393
FORD,GALAXY,2,411,24907,True,0.7417,0.7741,False,0.7265,13664.062499999998,4960.0,69.1699604743083,1833.0,4.0,0.5726,0.7318,0.6246,0.0966
FORD,GALAXY,3,322,23585,True,0.5736,0.6146,False,1.5551,14181.08108108108,6040.0,69.32409012131716,1785.0,4.0,0.5799,0.7389,0.6246,0.1152
FORD,GALAXY,4,925,29335,True,0.5547,0.5905,False,1.7703,15709.580838323353,6800.0,59.503177354130564,1733.0,4.0,0.4111,0.3913,0.6246,0.1402
FORD,KA,3,5229,102522,True,0.6659,0.6063,False,0.9233,12272.058823529414,920.0,51.56723963599596,940.0,4.0,0.4511,0.1402,0.6246,0.9678
FORD,KA,4,7450,106317,True,0.5716,0.5307,False,1.4666,12272.058823529414,920.0,51.56723963599596,989.0,4.0,0.4423,0.1402,0.6246,0.9242
FORD,KUGA,1,13510,192338,True,0.8507,0.8513,False,0.2919,5702.733485193622,920.0,60.37735849056604,1855.0,4.0,0.4145,0.4213,0.6246,0.0823
FORD,KUGA,2,1276,193288,True,0.7941,0.8013,False,0.455,14822.033898305084,5000.0,65.94724220623502,1681.0,4.0,0.54,0.6381,0.6246,0.1681
FORD,KUGA,3,1824,87854,True,0.6975,0.7162,False,0.7905,15549.68944099379,3480.0,66.8693009118541,1645.0,4.0,0.5596,0.6645,0.6246,0.1996
FORD,KUGA,4,157,51904,True,0.5949,0.6222,False,1.3347,15523.668639053254,7080.0,65.02525252525253,1653.0,4.0,0.5271,0.603,0.6246,0.191
FORD,MONDEO,1,451,30057,True,0.8461,0.8697,False,0.3374,11925.0,4640.0,76.92307692307693,1776.0,4.0,0.6523,0.882,0.6246,0.1195
FORD,MONDEO,2,2581,83629,True,0.7926,0.8317,False,0.5283,12860.29411764706,4640.0,75.39936102236422,1679.0,4.0,0.6517,0.8605,0.6246,0.1702
FORD,MONDEO,3,1711,78686,True,0.6664,0.7141,False,1.0414,12860.29411764706,3960.0,75.37688442211055,1597.0,4.0,0.6722,0.8577,0.6246,0.2797
FORD,MONDEO,4,883,107705,True,0.5862,0.6282,False,1.4975,12860.29411764706,4960.0,64.69849246231156,1645.0,4.0,0.5195,0.5844,0.6246,0.1996
FORD,MONDEO STATIONCAR,1,2,30057,True,0.8461,0.8697,False,0.3374,12503.063725490196,5140.0,70.48253788185723,1721.5,4.0,0.5959,0.7589,0.6246,0.1452
FORD,MONDEO STATIONCAR,2,16,83629,True,0.7926,0.8317,False,0.5283,12612.980769230766,4300.0,65.69386539606909,1679.0,4.0,0.5351,0.6273,0.6246,0.1702
FORD,MONDEO STATIONCAR,3,35,78686,True,0.6664,0.7141,False,1.0414,12860.29411764706,4960.0,69.14753594460875,1617.0,4.0,0.5999,0.7303,0.6246,0.2368
FORD,MONDEO STATIONCAR,4,2391,107705,True,0.5862,0.6282,False,1.4975,14656.424581005585,5980.0,65.39682539682539,1576.0,4.0,0.5536,0.6102,0.6246,0.3054
FORD,NY Focus,3,2243,416770,True,0.6391,0.6522,False,0.9444,12036.057692307691,920.0,67.10430342815462,1371.0,3.0,0.4929,0.6731,0.1454,0.5637
FORD,PUMA,1,1795,39616,True,0.8956,0.8739,False,0.1853,11176.339285714288,1520.0,70.04573170731707,1315.0,3.0,0.5457,0.7504,0.1454,0.6345
FORD,S-MAX,1,851,13113,True,0.7835,0.7957,False,0.4762,13246.03174603175,4640.0,69.23837784371908,1976.0,4.0,0.5643,0.7346,0.6246,0.0479
FORD,S-MAX,2,2672,31007,True,0.7526,0.7751,False,0.6307,13117.499999999998,4960.0,68.84480746791131,1806.0,4.0,0.5696,0.7217,0.6246,0.1066
FORD,S-MAX,3,1341,36288,True,0.6256,0.6575,False,1.2584,14181.08108108108,5980.0,71.00591715976331,1757.0,4.0,0.6008,0.7761,0.6246,0.1266
FORD,S-MAX,4,2162,48107,True,0.5747,0.6192,False,1.6233,15709.580838323353,6800.0,60.98283007696862,1690.0,4.0,0.4404,0.4413,0.6246,0.1617
FORD,Transit Custom Kombi,1,1336,187503,True,0.7751,0.8142,False,0.6502,16925.8064516129,8760.0,36.075471698113205,2476.0,4.0,0.1896,0.0007,0.6246,0.0093
FORD,Transit Custom Kombi,2,883,10804,True,0.7292,0.7626,False,0.9,16500.0,8080.0,36.7112810707457,2490.0,4.0,0.19,0.0021,0.6246,0.0079
HONDA,CIVIC,1,158,65097,True,0.8575,0.8574,False,0.3232,12772.959183673469,2440.0,95.03589121423516,1407.0,4.0,0.787,0.9936,0.6246,0.5143
HONDA,CIVIC,2,1173,89339,True,0.8164,0.8161,False,0.4915,12772.959183673469,2440.0,68.69125090383226,1403.0,4.0,0.648,0.7132,0.6246,0.52
HONDA,CIVIC,3,1612,82794,True,0.7241,0.7334,False,0.8924,10248.046874999998,2780.0,62.32294617563739,1412.0,4.0,0.5281,0.4785,0.6246,0.5072
HONDA,CIVIC,4,635,131886,True,0.5579,0.5743,False,1.8911,15265.243902439028,3480.0,75.47169811320754,1378.0,4.0,0.7304,0.8634,0.6246,0.5565
HONDA,CR-V,1,188,47322,True,0.8995,0.8981,False,0.238,14901.785714285714,3260.0,63.23877068557919,1703.0,4.0,0.4742,0.5136,0.6246,0.1502
HONDA,CR-V,2,620,79171,True,0.8523,0.8564,False,0.4479,12517.500000000002,3600.0,63.23877068557919,1639.0,4.0,0.4857,0.5136,0.6246,0.2074
HONDA,CR-V,3,973,79705,True,0.7916,0.8008,False,0.7297,13385.20408163265,4960.0,67.00738216922203,1639.0,4.0,0.5633,0.6688,0.6246,0.2074
HONDA,CR-V,4,566,78095,True,0.671,0.707,False,1.433,20520.49180327869,6800.0,68.53582554517133,1605.0,4.0,0.5948,0.7082,0.6246,0.2668
HONDA,JAZZ,1,435,95271,True,0.9034,0.8759,False,0.208,9306.691449814129,1400.0,54.628224582701066,1318.0,4.0,0.4238,0.221,0.6246,0.6295
HONDA,JAZZ,2,1190,106844,True,0.8624,0.8146,False,0.3201,12517.500000000002,1600.0,64.54388984509467,1164.0,4.0,0.6352,0.578,0.6246,0.794
HONDA,JAZZ,3,1216,122094,True,0.7873,0.7331,False,0.6418,13246.03174603175,1760.0,64.54388984509467,1154.0,4.0,0.6385,0.578,0.6246,0.8104
HONDA,JAZZ,4,1658,168923,True,0.6556,0.611,False,1.3129,13755.494505494507,1760.0,63.2582322357019,1154.0,4.0,0.6073,0.5157,0.6246,0.8104
HYUNDAI,I10,1,6503,96744,True,0.8253,0.7913,False,0.302,9934.8092,1400.0369,47.4494,1039.0017,3.0,0.2476,0.0522,0.1454,0.8891
HYUNDAI,I10,2,7570,132410,True,0.7866,0.7379,False,0.4184,10015.8676,1399.4927,48.9079,1008.0,3.0,0.2699,0.088,0.1454,0.9113
HYUNDAI,I10,3,9314,124629,True,0.6633,0.6003,False,0.8569,11753.8552,920.0,46.8155,1040.991,3.0,0.2437,0.0451,0.1454,0.8877
HYUNDAI,I10,4,7430,112982,True,0.611,0.5407,False,1.1222,11697.7577,920.0,59.8094,1031.7203,4.0,0.5669,0.4013,0.6246,0.8943
HYUNDAI,I20,1,3628,43398,True,0.8625,0.8482,False,0.2516,10980.263157894737,1520.0,61.046553740130996,1191.0,3.0,0.4147,0.4428,0.1454,0.7482
HYUNDAI,I20,2,5044,73819,True,0.7911,0.7689,False,0.4373,11753.521126760563,1600.0,55.67567567567568,1131.0,4.0,0.4879,0.2682,0.6246,0.8319
HYUNDAI,I20,3,9154,69361,True,0.6326,0.596,False,1.0613,11753.521126760563,920.0,54.54545454545454,1133.0,4.0,0.4622,0.2175,0.6246,0.8305
HYUNDAI,I20,4,7688,53123,True,0.5847,0.5522,False,1.3205,12772.959183673469,1760.0,52.15004574565416,1103.0,4.0,0.4325,0.1524,0.6246,0.8448
HYUNDAI,I30,1,537,27300,True,0.8483,0.8515,False,0.2746,11808.962264150945,1600.0,65.55308092056421,1382.0,3.0,0.464,0.6202,0.1454,0.5515
HYUNDAI,I30,2,1312,58749,True,0.7083,0.7207,False,0.6256,12272.058823529414,1600.0,65.45589325426242,1353.0,3.0,0.4659,0.6116,0.1454,0.5823
HYUNDAI,I30,3,2371,57364,True,0.5866,0.5988,False,1.1097,9716.666666666666,2780.0,57.857142857142854,1392.0,4.0,0.4666,0.3455,0.6246,0.5322
HYUNDAI,I30,4,4783,55943,True,0.5276,0.5222,False,1.5351,10248.046874999998,2780.0,56.78820791311094,1410.0,4.0,0.4427,0.3069,0.6246,0.5093
HYUNDAI,I30CW,2,296,58749,True,0.7083,0.7207,False,0.6256,13039.062500000002,1760.0,62.62411347517731,1456.0,4.0,0.5209,0.49,0.6246,0.4428
HYUNDAI,I30CW,3,1642,57364,True,0.5866,0.5988,False,1.1097,11023.109243697478,2780.0,56.21096460791117,1438.0,4.0,0.4248,0.284,0.6246,0.4771
HYUNDAI,I30CW,4,2538,55943,True,0.5276,0.5222,False,1.5351,11817.567567567568,3960.0,45.11278195488722,1463.0,4.0,0.2865,0.0279,0.6246,0.4256
HYUNDAI,I40,2,133,18156,True,0.7616,0.7985,False,0.5053,12089.861751152073,3600.0,63.29884357881924,1626.0,4.0,0.4908,0.5172,0.6246,0.2239
HYUNDAI,I40,3,783,16938,True,0.6508,0.6777,False,0.8896,11259.656652360512,2920.0,53.83153894870171,1588.0,4.0,0.3437,0.1953,0.6246,0.2933
HYUNDAI,I40,4,484,1635,False,0.5914,0.6064,True,1.0978,11817.567567567568,2920.0,60.24096385542169,1635.0,4.0,0.4387,0.417,0.6246,0.2139
HYUNDAI,IX20,2,403,20445,True,0.7775,0.7176,False,0.4247,13986.033519553073,2580.0,51.39751552795031,1288.0,4.0,0.3843,0.1323,0.6246,0.6538
HYUNDAI,IX20,3,761,20613,True,0.5893,0.5326,False,1.1179,13986.033519553073,2580.0,51.437451437451436,1287.0,4.0,0.3863,0.1352,0.6246,0.6567
HYUNDAI,IX20,4,477,7109,True,0.5465,0.5105,False,1.3869,13986.033519553073,2920.0,50.84745762711865,1320.0,4.0,0.3724,0.1202,0.6246,0.6245
HYUNDAI,Ioniq,1,778,52599,True,0.8665,0.879,False,0.2469,4928.149606299213,920.0,48.73737373737374,1584.0,4.0,0.2898,0.0851,0.6246,0.299
HYUNDAI,Ioniq,2,1056,12193,True,0.8346,0.8493,False,0.3515,5337.953091684436,1040.0,48.584015103838894,1589.0,4.0,0.2872,0.0837,0.6246,0.2897
HYUNDAI,Ioniq,3,5,0,False,,,True,,8515.306122448981,920.0,52.41004752206382,1473.0,4.0,0.3474,0.1567,0.6246,0.4084
HYUNDAI,KONA,1,1777,48109,True,0.8629,0.8574,False,0.236,12036.057692307691,1600.0,65.65055762081784,1383.0,3.0,0.4664,0.6259,0.1454,0.5494
HYUNDAI,KONA,2,2120,2452,True,0.8344,0.8194,False,0.2807,12517.500000000002,1600.0,66.94465504169825,1320.0,3.0,0.5022,0.6674,0.1454,0.6245
HYUNDAI,Tucson,1,2128,131659,True,0.8399,0.8401,False,0.2864,6915.745856353591,920.0,68.70783601453036,1921.0,4.0,0.5563,0.7146,0.6246,0.0579
HYUNDAI,Tucson,2,1117,91664,True,0.7843,0.7897,False,0.4253,12860.29411764706,4160.0,65.04065040650407,1629.0,4.0,0.5338,0.6044,0.6246,0.221
HYUNDAI,Tucson,3,340,839,False,0.7068,0.7151,True,0.6744,12612.980769230766,3960.0,60.27727546714889,1599.0,4.0,0.453,0.4199,0.6246,0.2783
HYUNDAI,i10 AC3,1,1356,96744,True,0.8253,0.7913,False,0.302,9341.417910447763,1400.0,47.49518304431599,1038.0,3.0,0.2493,0.0551,0.1454,0.8906
HYUNDAI,i30 Stc.,1,1027,27300,True,0.8483,0.8515,False,0.2746,11379.545454545456,1520.0,64.03190717911531,1384.0,3.0,0.428,0.5501,0.1454,0.5465
HYUNDAI,i30 Stc.,2,1225,58749,True,0.7083,0.7207,False,0.6256,12272.058823529414,1760.0,64.07837445573294,1410.0,3.0,0.4212,0.5515,0.1454,0.5093
HYUNDAI,i30 Stc.,3,1,57364,True,0.5866,0.5988,False,1.1097,11023.109243697478,2920.0,63.65372374283895,1571.0,4.0,0.5191,0.5372,0.6246,0.3155
KIA,CEE'D SW,1,1,46634,True,0.8211,0.8291,False,0.3153,5315.286624203823,920.0,47.88557213930348,1608.0,4.0,0.2734,0.068,0.6246,0.2604
KIA,CEE'D SW,3,2,64332,True,0.6033,0.6209,False,1.0428,16470.394736842107,4320.0,53.50877192982456,1368.0,4.0,0.394,0.1853,0.6246,0.5701
KIA,CEE'D SW,4,2609,50209,True,0.5093,0.5154,False,1.7026,11817.567567567568,3960.0,58.17932922655715,1461.0,4.0,0.4478,0.3484,0.6246,0.4313
KIA,CEED,1,5444,46634,True,0.8211,0.8291,False,0.3153,5932.464454976303,1040.0,47.801857585139324,1615.0,4.0,0.2683,0.0637,0.6246,0.2454
KIA,CEED,2,3455,58485,True,0.7391,0.7502,False,0.5122,11808.962264150945,2580.0,68.1663258350375,1437.0,4.0,0.633,0.6989,0.6246,0.4807
KIA,CEED,3,3721,64332,True,0.6033,0.6209,False,1.0428,11557.268722466959,2780.0,63.34231805929919,1415.0,4.0,0.5481,0.5193,0.6246,0.505
KIA,CEED,4,2372,50209,True,0.5093,0.5154,False,1.7026,11557.268722466959,2920.0,63.34231805929919,1419.0,4.0,0.5473,0.5193,0.6246,0.5014
KIA,Niro,1,2620,69639,True,0.867,0.8704,False,0.2309,5664.027149321267,920.0,47.47847478474785,1626.0,4.0,0.259,0.0536,0.6246,0.2239
KIA,Niro,2,3580,11722,True,0.8402,0.843,False,0.295,5946.555819477435,1080.0,47.713226205191596,1618.0,4.0,0.2654,0.0622,0.6246,0.2346
KIA,Niro,3,9,1,False,1.0,,True,,9519.011406844107,920.0,50.7227332457293,1522.0,4.0,0.3174,0.1152,0.6246,0.3619
KIA,Optima,1,531,9603,True,0.825,0.8422,False,0.3172,6485.751295336788,1140.0,60.80428954423593,1865.0,4.0,0.4205,0.4356,0.6246,0.0765
KIA,Optima,2,1689,9629,True,0.7969,0.8131,False,0.406,6485.751295336788,1140.0,61.832061068702295,1838.0,4.0,0.439,0.4657,0.6246,0.0937
KIA,Optima,3,121,2656,True,0.6465,0.666,False,0.9478,12089.861751152073,3960.0,64.797507788162,1605.0,4.0,0.538,0.5944,0.6246,0.2668
KIA,PICANTO,1,3420,84326,True,0.8403,0.7996,False,0.2695,10135.627530364374,1400.0,48.003894839337875,1027.0,3.0,0.2597,0.0722,0.1454,0.8999
KIA,PICANTO,2,6180,78492,True,0.7628,0.7046,False,0.4611,10014.0,1400.0,48.811881188118804,1013.0,3.0,0.2684,0.0866,0.1454,0.9077
KIA,PICANTO,3,11784,77390,True,0.65,0.5884,False,0.8819,10260.245901639346,920.0,52.1505376344086,930.0,3.0,0.3161,0.1538,0.1454,0.9778
KIA,PICANTO,4,11511,76519,True,0.5555,0.49,False,1.3896,10260.245901639346,920.0,52.577319587628864,970.0,3.0,0.3117,0.1609,0.1454,0.9378
KIA,RIO,1,978,29219,True,0.8445,0.8348,False,0.2619,11379.545454545456,1600.0,54.02097902097902,1178.0,4.0,0.438,0.1967,0.6246,0.7611
KIA,RIO,2,4516,54723,True,0.767,0.7464,False,0.4783,10260.245901639346,1520.0,62.05733558178752,1184.0,3.0,0.4312,0.4728,0.1454,0.7561
KIA,RIO,3,10221,57297,True,0.6266,0.6142,False,1.0175,11753.521126760563,920.0,52.77540563620837,1185.0,4.0,0.4201,0.1638,0.6246,0.7539
KIA,RIO,4,5832,37099,True,0.5441,0.5194,False,1.3792,11753.521126760563,920.0,54.15944540727903,1154.0,4.0,0.4521,0.2053,0.6246,0.8104
KIA,SPORTAGE,1,1070,174598,True,0.8311,0.8336,False,0.2941,6106.097560975611,920.0,68.03699897225077,1945.0,4.0,0.546,0.6974,0.6246,0.0494
KIA,SPORTAGE,2,903,181336,True,0.764,0.7728,False,0.4776,12860.29411764706,4640.0,60.45949214026602,1654.0,4.0,0.4374,0.4242,0.6246,0.1896
KIA,SPORTAGE,3,295,94940,True,0.6414,0.6636,False,0.9643,15745.283018867925,3960.0,63.211125158027805,1545.0,4.0,0.5104,0.5114,0.6246,0.3362
KIA,SPORTAGE,4,114,30087,True,0.5731,0.5898,False,1.3038,15709.580838323353,4960.0,62.15234857849197,1551.0,4.0,0.4916,0.4757,0.6246,0.3319
KIA,Stonic,1,829,35396,True,0.863,0.8526,False,0.2318,11176.339285714288,1600.0,66.44093303235515,1278.0,3.0,0.5029,0.6516,0.1454,0.6674
KIA,Stonic,2,1305,2974,True,0.8362,0.8147,False,0.2993,12517.500000000002,1600.0,63.18965517241379,1180.0,3.0,0.4496,0.5086,0.1454,0.7582
KIA,VENGA,1,1,15226,True,0.8792,0.8455,False,0.1983,14813.609467455624,3260.0,69.7408536585366,1312.0,4.0,0.688,0.7461,0.6246,0.6381
KIA,VENGA,2,325,33571,True,0.7956,0.7372,False,0.3746,13986.033519553073,2580.0,51.238390092879264,1294.0,4.0,0.3795,0.1252,0.6246,0.6474
KIA,VENGA,3,1053,30990,True,0.6245,0.5713,False,0.9621,13986.033519553073,2580.0,51.15919629057187,1298.0,4.0,0.378,0.1237,0.6246,0.6438
KIA,VENGA,4,1107,13810,True,0.5513,0.525,False,1.3256,13986.033519553073,2920.0,50.84745762711865,1319.0,4.0,0.3729,0.1202,0.6246,0.6273
KIA,XCeed,1,2163,12905,True,0.8621,0.8555,False,0.236,5689.772727272728,920.0,47.683755404570725,1619.0,4.0,0.2643,0.0608,0.6246,0.2325
KIA,XCeed,2,41,0,False,,,True,,14144.067796610172,3260.0,72.53521126760563,1420.0,4.0,0.6916,0.809,0.6246,0.4986
MAZDA,2,1,3,41381,True,0.8765,0.8604,False,0.2715,10980.263157894737,1520.0,57.84399649430325,1141.0,4.0,0.5216,0.3391,0.6246,0.8233
MAZDA,2,2,2,53479,True,0.7871,0.7603,False,0.5109,11542.994645588988,1260.0,61.67605080529004,1070.5,4.0,0.5906,0.4628,0.6246,0.8591
MAZDA,2,3,1895,52200,True,0.6485,0.6041,False,0.9773,12036.057692307691,920.0,62.85714285714286,1050.0,4.0,0.6114,0.4979,0.6246,0.8755
MAZDA,2,4,989,79025,True,0.5504,0.5253,False,1.6368,12517.500000000002,920.0,57.03771849126035,1087.0,4.0,0.5166,0.3183,0.6246,0.8505
MAZDA,3,1,1,31910,True,0.847,0.8429,False,0.3129,11590.277777777777,1600.0,61.47540983606557,1464.0,4.0,0.5005,0.4571,0.6246,0.4227
MAZDA,3,2,4,57609,True,0.738,0.737,False,0.6163,13379.49635161327,2850.0,63.48304493012869,1386.5,4.0,0.5589,0.5258,0.6246,0.5429
MAZDA,3,3,2256,37517,True,0.6798,0.677,False,0.9195,12772.959183673469,1760.0,66.92015209125475,1347.0,4.0,0.639,0.666,0.6246,0.593
MAZDA,3,4,937,51449,True,0.5576,0.5637,False,1.6594,15745.283018867925,3480.0,57.80780780780781,1349.0,4.0,0.4737,0.3369,0.6246,0.5894
MAZDA,CX-3,1,4,27663,True,0.8815,0.8758,False,0.2783,14726.470588235296,3260.0,66.2202380952381,1344.0,4.0,0.6285,0.6431,0.6246,0.598
MAZDA,CX-3,2,2245,22387,True,0.8027,0.786,False,0.4905,14555.232558139538,3260.0,69.29133858267717,1270.0,4.0,0.6903,0.7375,0.6246,0.671
MAZDA,CX-3,3,1306,654,False,0.7034,0.7007,True,0.7518,14813.609467455624,2580.0,71.54471544715447,1230.0,4.0,0.7205,0.7876,0.6246,0.6967
MAZDA,CX-5,1,1291,49832,True,0.8654,0.8674,False,0.3045,15081.325301204819,3260.0,75.20198881292728,1635.0,4.0,0.6554,0.8505,0.6246,0.2139
MAZDA,CX-5,2,1847,42071,True,0.7802,0.7949,False,0.6725,14991.017964071858,4160.0,80.12422360248448,1595.0,4.0,0.7149,0.9421,0.6246,0.2825
MAZDA,CX-5,3,849,24935,True,0.6757,0.699,False,1.0622,14991.017964071858,3960.0,81.37931034482757,1501.0,4.0,0.7378,0.9478,0.6246,0.3827
MAZDA,CX-5,4,275,439,False,0.6036,,True,1.2178,14991.017964071858,3960.0,77.19928186714542,1528.0,4.0,0.7025,0.8877,0.6246,0.3562
MAZDA,MAZDA2,1,889,41381,True,0.8765,0.8604,False,0.2715,9934.523809523811,1400.0,57.84399649430325,1141.0,4.0,0.5216,0.3391,0.6246,0.8233
MAZDA,MAZDA2,2,2628,53479,True,0.7871,0.7603,False,0.5109,11277.027027027028,1520.0,59.19282511210763,1115.0,4.0,0.546,0.382,0.6246,0.8383
MAZDA,MAZDA2,3,1132,52200,True,0.6485,0.6041,False,0.9773,11277.027027027028,920.0,62.85714285714286,1050.0,4.0,0.6114,0.4979,0.6246,0.8755
MAZDA,MAZDA2,4,2834,79025,True,0.5504,0.5253,False,1.6368,12772.959183673469,1760.0,59.72850678733032,1078.0,4.0,0.5573,0.3984,0.6246,0.8534
MAZDA,MAZDA3,1,832,31910,True,0.847,0.8429,False,0.3129,12517.500000000002,1600.0,75.13661202185793,1458.0,4.0,0.6996,0.8491,0.6246,0.4385
MAZDA,MAZDA3,2,2169,57609,True,0.738,0.737,False,0.6163,12772.959183673469,2440.0,68.75,1315.0,4.0,0.6734,0.7182,0.6246,0.6345
MAZDA,MAZDA3,3,613,37517,True,0.6798,0.677,False,0.9195,12772.959183673469,1760.0,68.75,1280.0,4.0,0.6794,0.7182,0.6246,0.6645
MAZDA,MAZDA3,4,575,51449,True,0.5576,0.5637,False,1.6594,16048.076923076924,3480.0,58.86850152905198,1340.0,4.0,0.4932,0.3698,0.6246,0.6044
MAZDA,MAZDA6,1,97,18422,True,0.8515,0.8589,False,0.3191,14305.714285714286,3260.0,77.71355170199101,1584.0,4.0,0.6975,0.9006,0.6246,0.299
MAZDA,MAZDA6,2,1347,34698,True,0.7536,0.7736,False,0.6112,14991.017964071858,3260.0,79.97630331753554,1500.0,4.0,0.7344,0.9392,0.6246,0.387
MAZDA,MAZDA6,3,1402,25388,True,0.6653,0.6925,False,1.0422,14991.017964071858,2580.0,82.81998631074606,1461.0,4.0,0.7511,0.9549,0.6246,0.4313
MAZDA,MAZDA6,4,1866,28477,True,0.5748,0.5995,False,1.7979,16048.076923076924,4320.0,73.69101486748546,1547.0,4.0,0.668,0.8276,0.6246,0.334
MAZDA,Mazda CX-30,1,1397,10047,True,0.8942,0.8849,False,0.2155,13246.03174603175,1600.0,72.8476821192053,1510.0,4.0,0.6686,0.8147,0.6246,0.3691
MAZDA,Mazda CX-30,2,551,0,False,,,True,,11808.962264150945,1600.0,60.64690026954178,1511.0,4.0,0.4756,0.4299,0.6246,0.3662
MERCEDES-BENZ,A-Klasse,1,2257,248348,True,0.8524,0.855,False,0.5134,10621.457489878541,1600.0,71.75472928897587,1551.0,4.0,0.6526,0.7976,0.6246,0.3319
MERCEDES-BENZ,A-Klasse,2,3542,203456,True,0.7648,0.7741,False,0.9658,12036.057692307691,2580.0,79.8611111111111,1450.0,4.0,0.7465,0.9363,0.6246,0.4549
MERCEDES-BENZ,A-Klasse,3,1614,88386,True,0.6934,0.7016,False,1.5099,10493.999999999998,2780.0,57.34767025089606,1425.0,4.0,0.4482,0.3247,0.6246,0.4921
MERCEDES-BENZ,A-Klasse,4,669,48867,True,0.6173,0.5825,False,2.0884,11259.656652360512,2780.0,57.34767025089606,1395.0,4.0,0.4548,0.3247,0.6246,0.525
MERCEDES-BENZ,B-Klasse,1,497,22710,True,0.8768,0.8595,False,0.4318,10493.999999999998,2440.0,68.9655172413793,1608.0,4.0,0.6018,0.7246,0.6246,0.2604
MERCEDES-BENZ,B-Klasse,2,1310,32935,True,0.7916,0.778,False,0.8448,11259.656652360512,3260.0,69.18238993710692,1500.0,4.0,0.6314,0.7332,0.6246,0.387
MERCEDES-BENZ,B-Klasse,3,1078,39606,True,0.7117,0.7035,False,1.3602,11259.656652360512,2920.0,63.15789473684211,1465.0,4.0,0.5241,0.5057,0.6246,0.4192
MERCEDES-BENZ,B-Klasse,4,652,31631,True,0.5821,0.5753,False,2.6282,11817.567567567568,2920.0,64.51612903225806,1475.0,4.0,0.5552,0.5737,0.6246,0.4049
MERCEDES-BENZ,C,1,157,131344,True,0.8533,0.8598,False,0.5098,8276.02523659306,2440.0,71.25062282012955,2007.0,4.0,0.5875,0.7833,0.6246,0.0422
MERCEDES-BENZ,C,2,281,209755,True,0.804,0.8155,False,0.7387,12316.901408450702,4640.0,77.34833905112544,1780.0,4.0,0.657,0.892,0.6246,0.118
MERCEDES-BENZ,C,3,254,154136,True,0.7121,0.734,False,1.4822,12089.861751152073,3960.0,77.39938080495357,1660.0,4.0,0.6715,0.8941,0.6246,0.1853
MERCEDES-BENZ,C,4,1907,120513,True,0.6515,0.671,False,2.093,13385.20408163265,4960.0,73.95498392282958,1615.0,4.0,0.6553,0.8376,0.6246,0.2454
MERCEDES-BENZ,C-Klasse,1,2378,131344,True,0.8533,0.8598,False,0.5098,10410.714285714286,3380.0,78.4418356456777,1881.0,4.0,0.6596,0.9177,0.6246,0.0665
MERCEDES-BENZ,C-Klasse,2,4580,209755,True,0.804,0.8155,False,0.7387,11557.268722466959,3600.0,79.88826815642457,1720.0,4.0,0.6856,0.9378,0.6246,0.1466
MERCEDES-BENZ,C-Klasse,3,3682,154136,True,0.7121,0.734,False,1.4822,11557.268722466959,2920.0,77.39938080495357,1615.0,4.0,0.6835,0.8941,0.6246,0.2454
MERCEDES-BENZ,C-Klasse,4,1423,120513,True,0.6515,0.671,False,2.093,12612.980769230766,3960.0,63.897763578274756,1615.0,4.0,0.5094,0.5458,0.6246,0.2454
MERCEDES-BENZ,CLA,1,632,47642,True,0.8287,0.8356,False,0.6145,10493.999999999998,1600.0,68.98715008869468,1635.0,4.0,0.5932,0.726,0.6246,0.2139
MERCEDES-BENZ,CLA,2,763,43728,True,0.764,0.782,False,0.9895,12860.29411764706,3260.0,77.18120805369128,1535.0,4.0,0.6996,0.8863,0.6246,0.3455
MERCEDES-BENZ,CLA,3,621,13454,True,0.7213,0.7358,False,1.3939,11259.656652360512,2920.0,76.92307692307693,1530.0,4.0,0.6988,0.882,0.6246,0.3519
MERCEDES-BENZ,CLA,4,14,0,False,,,True,,13152.695808052951,2580.0,81.96721311475409,1450.0,4.0,0.7544,0.9521,0.6246,0.4549
MERCEDES-BENZ,E,1,203,104429,True,0.8525,0.8539,False,0.5155,8893.22033898305,2440.0,64.29856115107914,2224.0,4.0,0.4724,0.5629,0.6246,0.0179
MERCEDES-BENZ,E,2,210,124624,True,0.8099,0.8178,False,0.7924,12089.861751152073,3960.0,73.90180878552971,2017.5,4.0,0.6122,0.8333,0.6246,0.0408
MERCEDES-BENZ,E,3,68,103511,True,0.7278,0.7418,False,1.3517,12988.897058823528,3960.0,78.57142857142857,1845.0,4.0,0.6656,0.922,0.6246,0.0858
MERCEDES-BENZ,E,4,1682,68723,True,0.6924,0.7069,False,1.6585,14494.475138121545,6040.0,57.63688760806916,1845.0,4.0,0.3694,0.3298,0.6246,0.0858
MERCEDES-BENZ,E-Klasse,1,1223,104429,True,0.8525,0.8539,False,0.5155,8517.857142857143,1160.0,72.83834586466166,2120.0,4.0,0.6011,0.8133,0.6246,0.0351
MERCEDES-BENZ,E-Klasse,2,2440,124624,True,0.8099,0.8178,False,0.7924,11023.109243697478,3600.0,77.50677506775068,1865.0,4.0,0.6516,0.8977,0.6246,0.0765
MERCEDES-BENZ,E-Klasse,3,2218,103511,True,0.7278,0.7418,False,1.3517,12612.980769230766,3960.0,71.02272727272728,1845.0,4.0,0.5933,0.7775,0.6246,0.0858
MERCEDES-BENZ,E-Klasse,4,1254,68723,True,0.6924,0.7069,False,1.6585,13880.952380952382,4960.0,67.75067750677506,1845.0,4.0,0.5511,0.6931,0.6246,0.0858
MERCEDES-BENZ,GLA,1,1240,82811,True,0.8607,0.8576,False,0.488,8692.708333333334,1280.0,64.340239912759,1813.0,4.0,0.4916,0.5672,0.6246,0.103
MERCEDES-BENZ,GLA,2,362,61206,True,0.7919,0.7932,False,0.901,14726.470588235296,3260.0,77.44107744107744,1500.0,4.0,0.7129,0.8963,0.6246,0.387
MERCEDES-BENZ,GLA,3,229,8335,True,0.7761,0.7712,False,1.0545,13385.20408163265,2920.0,78.76712328767123,1510.0,4.0,0.7244,0.9263,0.6246,0.3691
MERCEDES-BENZ,GLB,1,1319,4599,True,0.8832,0.8834,False,0.3986,12145.83333333333,4640.0,73.39449541284404,1771.0,4.0,0.6235,0.8233,0.6246,0.1223
MERCEDES-BENZ,GLC,1,872,89581,True,0.8706,0.8766,False,0.4453,10452.19123505976,1160.0,65.89861751152074,2172.0,4.0,0.5109,0.6359,0.6246,0.0279
MERCEDES-BENZ,GLC,2,818,45668,True,0.835,0.8404,False,0.6067,14991.017964071858,5820.0,83.33333333333333,1935.0,4.0,0.678,0.9592,0.6246,0.0551
MERCEDES-BENZ,GLC,3,362,163,False,0.8344,,True,0.6923,13117.499999999998,4960.0,75.03026634382567,1900.0,4.0,0.6222,0.8448,0.6246,0.0622
MERCEDES-BENZ,GLE,1,1224,26729,True,0.8746,0.8826,False,0.487,9015.46391752577,1160.0,51.699204627621114,2770.0,4.0,0.2587,0.1423,0.6246,0.0007
MERCEDES-BENZ,GLE,2,170,22213,True,0.8632,0.8692,False,0.5414,17259.86842105263,8760.0,83.70044052863436,2335.0,6.0,0.7816,0.9607,0.9943,0.015
MERCEDES-BENZ,GLE,3,108,263,False,0.8631,,True,0.4924,17259.86842105263,8080.0,84.070796460177,2265.0,6.0,0.7833,0.9635,0.9943,0.0165
MINI,COOPER,1,591,233730,True,0.8742,0.8632,False,0.3455,11808.962264150945,1600.0,73.52941176470588,1362.0,3.0,0.5706,0.8247,0.1454,0.573
MINI,COOPER,2,1238,207265,True,0.8381,0.821,False,0.4668,12272.058823529414,1600.0,77.82101167315176,1295.0,3.0,0.6245,0.9034,0.1454,0.6459
MINI,COOPER,3,564,95067,True,0.7628,0.7402,False,0.8301,11753.521126760563,920.0,81.96721311475409,1220.0,3.0,0.6604,0.9521,0.1454,0.7039
MINI,COOPER,4,127,15589,True,0.6499,0.6302,False,1.5081,13755.494505494507,1760.0,77.25321888412017,1195.0,4.0,0.7799,0.8891,0.6246,0.7396
MITSUBISHI,ASX,1,2,11189,True,0.8713,0.8674,False,0.294,14995.857245337162,3710.0,76.0801093992369,1446.0,4.0,0.7162,0.872,0.6246,0.4642
MITSUBISHI,ASX,2,631,21868,True,0.7747,0.7784,False,0.6391,14305.714285714286,3260.0,63.75092661230541,1349.0,4.0,0.5757,0.5408,0.6246,0.5894
MITSUBISHI,ASX,3,1428,16313,True,0.6844,0.701,False,1.0923,14305.714285714286,2580.0,63.75092661230541,1349.0,4.0,0.5757,0.5408,0.6246,0.5894
MITSUBISHI,ASX,4,45,6884,True,0.6274,0.6563,False,1.5309,14555.232558139538,2580.0,63.94052044609666,1349.0,4.0,0.5796,0.5486,0.6246,0.5894
MITSUBISHI,COLT,3,1,4191,True,0.6404,0.6007,False,1.1465,12272.058823529414,920.0,52.73250239693193,1043.0,3.0,0.3021,0.1624,0.1454,0.8863
MITSUBISHI,COLT,4,2075,22318,True,0.5437,0.505,False,1.9095,12772.959183673469,1760.0,66.66666666666667,1050.0,4.0,0.693,0.6609,0.6246,0.8755
MITSUBISHI,OUTLANDER,1,1485,48836,True,0.8571,0.8661,False,0.3376,7799.065420560748,1280.0,49.42586120818772,2003.0,4.0,0.244,0.0951,0.6246,0.0451
MITSUBISHI,OUTLANDER,2,759,62797,True,0.7733,0.8005,False,0.6621,7799.065420560748,1280.0,49.823855057876195,1987.0,4.0,0.2478,0.1023,0.6246,0.0465
MITSUBISHI,OUTLANDER,3,113,21840,True,0.6581,0.6937,False,1.1648,15252.906976744187,4320.0,63.42459223367455,1751.0,4.0,0.474,0.5215,0.6246,0.1295
MITSUBISHI,OUTLANDER,4,30,10019,True,0.5465,0.5926,False,2.0912,18874.10071942446,7660.0,63.18681318681318,1820.0,4.0,0.4609,0.5072,0.6246,0.0994
MITSUBISHI,SPACE STAR,1,316,3,False,0.6667,,True,2.16,11078.301221804511,1520.0,59.716599190283404,958.0,3.0,0.4327,0.397,0.1454,0.9528
MITSUBISHI,SPACE STAR,2,1603,6,False,0.3333,,True,1.98,10260.245901639346,920.0,63.78378378378378,925.0,3.0,0.5112,0.5429,0.1454,0.9807
MITSUBISHI,SPACE STAR,3,5089,0,False,,,True,,10744.635193133046,920.0,62.76595744680851,939.0,3.0,0.4848,0.4928,0.1454,0.9735
MITSUBISHI,SPACE STAR,4,1,1,False,0.0,,True,4.32,10744.635193133046,920.0,59.89847715736041,985.0,3.0,0.4318,0.4056,0.1454,0.927
NISSAN,JUKE,1,954,126501,True,0.8339,0.8178,False,0.3297,12212.195121951221,1600.0,66.08969315499606,1292.0,3.0,0.4939,0.6402,0.1454,0.6509
NISSAN,JUKE,2,335,213358,True,0.7054,0.6907,False,0.7419,14305.714285714286,2780.0,64.1025641025641,1321.0,4.0,0.5888,0.5544,0.6246,0.6209
NISSAN,JUKE,3,883,187043,True,0.5681,0.5687,False,1.3701,13986.033519553073,2580.0,64.1025641025641,1326.0,4.0,0.5878,0.5544,0.6246,0.6159
NISSAN,JUKE,4,547,48657,True,0.5329,0.5351,False,1.6338,14991.017964071858,2780.0,68.47133757961784,1281.0,4.0,0.6719,0.7046,0.6246,0.6609
NISSAN,MICRA,1,562,50537,True,0.7806,0.7497,False,0.4701,11176.339285714288,1520.0,60.01765225066196,1156.0,3.0,0.4104,0.4113,0.1454,0.8054
NISSAN,MICRA,2,1975,71314,True,0.7194,0.6643,False,0.6451,11028.634361233482,1520.0,56.84754521963824,1147.0,3.0,0.3617,0.3097,0.1454,0.8162
NISSAN,MICRA,3,2662,72807,True,0.6564,0.5888,False,0.9298,12517.500000000002,920.0,56.13701236917221,1051.0,3.0,0.3586,0.2811,0.1454,0.872
NISSAN,MICRA,4,2665,110268,True,0.5941,0.5347,False,1.2441,12517.500000000002,920.0,56.89488910318226,1049.0,3.0,0.3754,0.3119,0.1454,0.8791
NISSAN,NOTE,2,336,64289,True,0.8016,0.7648,False,0.4346,11753.521126760563,920.0,51.52838427947598,1145.0,3.0,0.2765,0.1381,0.1454,0.819
NISSAN,NOTE,3,3290,86983,True,0.6676,0.6264,False,0.8922,11753.521126760563,920.0,52.120141342756185,1141.0,3.0,0.2838,0.1509,0.1454,0.8233
NISSAN,NOTE,4,2058,106221,True,0.5496,0.5332,False,1.4952,14813.609467455624,2580.0,54.0765391014975,1211.0,4.0,0.4312,0.201,0.6246,0.7167
NISSAN,QASHQAI,1,5162,262616,True,0.8365,0.8375,False,0.3627,13176.315789473685,2440.0,76.3157894736842,1452.0,4.0,0.7164,0.8777,0.6246,0.4506
NISSAN,QASHQAI,2,11412,327499,True,0.7368,0.7434,False,0.7637,13176.315789473685,3260.0,58.74222529371113,1474.0,4.0,0.453,0.3684,0.6246,0.407
NISSAN,QASHQAI,3,5006,257075,True,0.5693,0.5938,False,1.6314,13986.033519553073,2580.0,59.109874826147426,1470.0,4.0,0.4586,0.377,0.6246,0.4134
NISSAN,QASHQAI,4,2142,187138,True,0.4595,0.4917,False,2.3447,14813.609467455624,3960.0,61.25356125356125,1404.0,4.0,0.5161,0.4499,0.6246,0.5186
NISSAN,Qashqai J11A,2,1,327499,True,0.7368,0.7434,False,0.7637,13986.033519553073,2580.0,58.419243986254294,1455.0,4.0,0.4557,0.3584,0.6246,0.4456
NISSAN,Qashqai J11A,3,1839,257075,True,0.5693,0.5938,False,1.6314,12089.861751152073,2780.0,59.90133897110642,1419.0,4.0,0.4912,0.407,0.6246,0.5014
NISSAN,X-TRAIL,1,217,41692,True,0.8302,0.8382,False,0.3676,14813.609467455624,3260.0,70.86614173228347,1651.0,4.0,0.6114,0.7704,0.6246,0.1938
NISSAN,X-TRAIL,2,727,73863,True,0.7195,0.742,False,0.7599,14813.609467455624,4960.0,70.65217391304347,1675.0,4.0,0.6048,0.7647,0.6246,0.1753
NISSAN,X-TRAIL,3,559,15404,True,0.6167,0.6488,False,1.2521,13880.952380952382,4960.0,56.42081004399845,1701.5,4.0,0.3634,0.2911,0.6246,0.1524
NISSAN,X-TRAIL,4,10,16022,True,0.526,0.573,False,1.956,16817.30769230769,8080.0,64.70588235294119,1743.0,4.0,0.5065,0.5858,0.6246,0.1309
OPEL,ASTRA,1,486,127215,True,0.8202,0.8299,False,0.3681,9779.296875,1520.0,62.451811873554355,1381.0,3.0,0.3956,0.4828,0.1454,0.5529
OPEL,ASTRA,2,6785,289595,True,0.735,0.7453,False,0.615,11277.027027027028,1600.0,69.39625260235947,1350.0,4.0,0.6746,0.7403,0.6246,0.5851
OPEL,ASTRA,3,5188,306041,True,0.6569,0.67,False,0.9274,11817.567567567568,1760.0,66.5335994677312,1378.0,4.0,0.6259,0.6545,0.6246,0.5565
OPEL,ASTRA,4,2314,307070,True,0.5814,0.5891,False,1.3954,14555.232558139538,2780.0,61.107574793125394,1503.0,4.0,0.486,0.4456,0.6246,0.3791
OPEL,ASTRA SPORTS TOURER,1,3,127215,True,0.8202,0.8299,False,0.3681,9540.0,3380.0,63.424947145877375,1419.0,3.0,0.4054,0.5229,0.1454,0.5014
OPEL,ASTRA SPORTS TOURER,2,84,289595,True,0.735,0.7453,False,0.615,9975.28517110266,2780.0,58.14788226848528,1425.0,4.0,0.4593,0.3469,0.6246,0.4921
OPEL,ASTRA SPORTS TOURER,3,103,306041,True,0.6569,0.67,False,0.9274,10248.046874999998,2780.0,57.67790262172284,1466.0,4.0,0.4364,0.3312,0.6246,0.417
OPEL,ASTRA SPORTS TOURER,4,1133,307070,True,0.5814,0.5891,False,1.3954,15265.243902439028,3960.0,55.89307411907655,1585.0,4.0,0.3845,0.2754,0.6246,0.2969
OPEL,CORSA,1,5803,295544,True,0.7965,0.7836,False,0.4482,10563.291139240508,1520.0,50.2283105022831,1122.0,3.0,0.2662,0.1109,0.1454,0.8355
OPEL,CORSA,2,4411,421043,True,0.6686,0.6578,False,0.9742,12517.500000000002,1600.0,55.04587155963303,1199.0,4.0,0.451,0.2353,0.6246,0.7296
OPEL,CORSA,3,7154,427101,True,0.5896,0.5793,False,1.2493,12517.500000000002,1760.0,54.17024935511608,1199.0,4.0,0.4367,0.2067,0.6246,0.7296
OPEL,CORSA,4,10276,376221,True,0.5523,0.5367,False,1.4492,12772.959183673469,1760.0,54.35720448662641,1163.0,4.0,0.4524,0.211,0.6246,0.7976
OPEL,Crossland X,1,1301,21444,True,0.8614,0.8473,False,0.2652,10932.314410480352,1520.0,60.178306092124814,1346.0,3.0,0.3703,0.4156,0.1454,0.5944
OPEL,Crossland X,2,2940,2,False,1.0,,True,,12036.057692307691,1600.0,60.267857142857146,1315.0,3.0,0.3797,0.4185,0.1454,0.6345
OPEL,Grandland X,1,1365,34208,True,0.862,0.8521,False,0.2642,6435.732647814911,1040.0,70.97118463180362,1874.0,4.0,0.5889,0.7747,0.6246,0.0708
OPEL,Grandland X,2,1310,1,False,1.0,,True,,11808.962264150945,2440.0,64.73364801078894,1503.0,3.0,0.4131,0.5873,0.1454,0.3791
OPEL,INSIGNIA,1,72,48335,True,0.8034,0.8326,False,0.4102,11211.538461538463,3600.0,63.69426751592356,1635.0,4.0,0.4995,0.5386,0.6246,0.2139
OPEL,INSIGNIA,2,1894,126451,True,0.6999,0.7375,False,0.7666,14991.428571428569,4160.0,77.51441383728378,1552.0,4.0,0.7028,0.8991,0.6246,0.329
OPEL,INSIGNIA,3,1561,127424,True,0.6469,0.6864,False,1.0688,11817.567567567568,2780.0,59.434506635891516,1733.0,4.0,0.4096,0.3884,0.6246,0.1402
OPEL,INSIGNIA,4,825,73713,True,0.61,0.6333,False,1.3343,11817.567567567568,3960.0,64.50200903047846,1733.0,4.0,0.5012,0.5715,0.6246,0.1402
OPEL,KARL,2,3758,52096,True,0.7832,0.7177,False,0.4827,10260.245901639346,920.0,53.24298160696999,1033.0,3.0,0.3109,0.1767,0.1454,0.8948
OPEL,KARL,3,5162,1247,False,0.7081,0.6897,True,0.7014,10260.245901639346,920.0,53.191489361702125,1034.0,3.0,0.3092,0.1738,0.1454,0.8934
OPEL,MERIVA,2,51,36877,True,0.7295,0.6986,False,0.5841,13532.432432432433,1760.0,59.823249490142764,1471.0,4.0,0.4702,0.4013,0.6246,0.4106
OPEL,MERIVA,3,917,49159,True,0.6657,0.6402,False,0.8205,13986.033519553073,2580.0,58.54956753160346,1437.0,4.0,0.4649,0.3627,0.6246,0.4807
OPEL,MERIVA,4,1638,60529,True,0.5725,0.5539,False,1.4269,15265.243902439028,3480.0,57.704918032786885,1475.0,4.0,0.4347,0.3326,0.6246,0.4049
OPEL,Mokka,1,646,121755,True,0.7638,0.7519,False,0.5379,12212.195121951221,1600.0,72.28915662650603,1299.0,3.0,0.5743,0.8047,0.1454,0.6416
OPEL,Mokka,2,6,229606,True,0.6605,0.6496,False,0.954,14902.313715763741,3780.0,69.54760297096556,1481.0,4.0,0.6385,0.7425,0.6246,0.3991
OPEL,Mokka,3,924,86278,True,0.6271,0.6244,False,1.1697,14991.017964071858,3480.0,69.54760297096556,1481.0,4.0,0.6385,0.7425,0.6246,0.3991
OPEL,Mokka,4,110,66,False,0.6212,,True,1.2568,16048.076923076924,3480.0,62.58148631029987,1527.0,4.0,0.5026,0.4871,0.6246,0.3584
OPEL,ZAFIRA,2,227,80525,True,0.7151,0.7296,False,0.6847,15549.68944099379,4160.0,60.55261610817166,1701.0,4.0,0.4311,0.4256,0.6246,0.1545
OPEL,ZAFIRA,3,652,128886,True,0.6323,0.6491,False,1.0585,15265.243902439028,3480.0,59.434506635891516,1701.0,4.0,0.4125,0.3884,0.6246,0.1545
OPEL,ZAFIRA,4,504,94820,True,0.5396,0.5607,False,1.651,15709.580838323353,4960.0,59.434506635891516,1667.0,4.0,0.4175,0.3884,0.6246,0.1795
PEUGEOT,107,3,2912,77732,True,0.6896,0.6367,False,0.8557,10744.635193133046,920.0,56.81818181818181,880.0,3.0,0.3976,0.3083,0.1454,0.9993
PEUGEOT,107,4,14763,102841,True,0.5892,0.5434,False,1.4139,10744.635193133046,920.0,55.248618784530386,905.0,3.0,0.3636,0.2425,0.1454,0.9936
PEUGEOT,108,1,3639,37512,True,0.8554,0.8232,False,0.3046,8429.292929292931,1280.0,55.38140020898641,957.0,3.0,0.3623,0.2554,0.1454,0.9549
PEUGEOT,108,2,5149,88501,True,0.8012,0.7496,False,0.4745,8662.629757785468,1280.0,55.49738219895288,954.0,3.0,0.3647,0.2597,0.1454,0.9564
PEUGEOT,108,3,6801,16649,True,0.7497,0.6811,False,0.6478,9519.011406844107,920.0,53.684210526315795,950.0,3.0,0.3314,0.191,0.1454,0.9614
PEUGEOT,2008,1,4184,85209,True,0.7987,0.7843,False,0.4753,10932.314410480352,1600.0,73.95993836671803,1298.0,3.0,0.5919,0.8391,0.1454,0.6438
PEUGEOT,2008,2,7834,100429,True,0.6705,0.6648,False,0.8967,9540.0,1960.0,56.646525679758305,1293.0,4.0,0.467,0.2997,0.6246,0.6488
PEUGEOT,2008,3,4085,35934,True,0.5983,0.5947,False,1.2676,12272.058823529414,920.0,53.57142857142857,1211.0,3.0,0.281,0.1881,0.1454,0.7167
PEUGEOT,2008,4,656,11,False,0.6364,,True,0.7418,12272.058823529414,920.0,49.586776859504134,1210.0,3.0,0.2374,0.0994,0.1454,0.7203
PEUGEOT,206 +,4,4125,4178,True,0.5404,0.4924,False,1.6328,10493.999999999998,2780.0,45.37205081669691,1102.0,4.0,0.372,0.0308,0.6246,0.8462
PEUGEOT,207,3,2,37553,True,0.5388,0.5248,False,1.4765,17400.468975468975,4310.0,61.05287475815068,1441.5,4.0,0.5038,0.4442,0.6246,0.4714
PEUGEOT,207,4,4321,169921,True,0.4937,0.4778,False,1.8204,11259.656652360512,2920.0,50.151975683890576,1316.0,4.0,0.3677,0.108,0.6246,0.6316
PEUGEOT,208,1,8292,90119,True,0.7813,0.7595,False,0.5116,9555.343511450383,1520.0,61.61532056619483,1195.0,3.0,0.4222,0.4614,0.1454,0.7396
PEUGEOT,208,2,21491,138946,True,0.7024,0.6809,False,0.7904,7878.378378378378,1520.0,57.70750988142292,1242.0,4.0,0.4905,0.334,0.6246,0.6803
PEUGEOT,208,3,16584,140284,True,0.6102,0.5907,False,1.2013,10744.635193133046,920.0,57.14285714285714,1155.0,3.0,0.3657,0.3212,0.1454,0.8076
PEUGEOT,208,4,6361,3451,True,0.5795,0.5555,False,1.4633,10744.635193133046,920.0,51.36986301369863,1168.0,3.0,0.2654,0.1309,0.1454,0.7818
PEUGEOT,3008,1,5339,96939,True,0.8214,0.8278,False,0.3842,6386.4795918367345,920.0,71.58234660925726,1858.0,4.0,0.5988,0.7904,0.6246,0.0808
PEUGEOT,3008,2,4575,58940,True,0.6984,0.7018,False,0.7857,11023.109243697478,3260.0,60.87507926442613,1500.0,4.0,0.4833,0.4371,0.6246,0.387
PEUGEOT,3008,3,791,56583,True,0.5461,0.5628,False,1.4745,12272.058823529414,2920.0,58.666666666666664,1500.0,4.0,0.4475,0.3655,0.6246,0.387
PEUGEOT,3008,4,1130,33500,True,0.4982,0.5119,False,1.8572,13385.20408163265,4960.0,53.333333333333336,1614.0,4.0,0.3272,0.1781,0.6246,0.2539
PEUGEOT,308,1,1770,38831,True,0.8038,0.8171,False,0.4265,8573.529411764704,2440.0,66.25258799171843,1449.0,4.0,0.6015,0.6445,0.6246,0.4592
PEUGEOT,308,2,7555,73651,True,0.6965,0.7157,False,0.799,8381.78913738019,2440.0,62.76747503566334,1437.0,4.0,0.5307,0.4943,0.6246,0.4807
PEUGEOT,308,3,8300,62729,True,0.5898,0.6028,False,1.2282,8381.78913738019,1960.0,60.773480662983424,1448.0,4.0,0.4968,0.4342,0.6246,0.4614
PEUGEOT,308,4,4026,70894,True,0.5217,0.5263,False,1.6858,12316.901408450702,3960.0,51.09034267912772,1464.0,4.0,0.3331,0.1223,0.6246,0.4227
PEUGEOT,5008,1,695,28010,True,0.7913,0.8027,False,0.4791,11506.578947368418,3380.0,59.040590405904055,1626.0,4.0,0.4192,0.3741,0.6246,0.2239
PEUGEOT,5008,2,2119,10086,True,0.6205,0.643,False,1.0689,11259.656652360512,3380.0,59.07692307692307,1589.0,4.0,0.4331,0.3755,0.6246,0.2897
PEUGEOT,5008,3,353,11337,True,0.5025,0.5257,False,1.743,12316.901408450702,3960.0,55.81395348837209,1615.0,4.0,0.3727,0.2725,0.6246,0.2454
PEUGEOT,5008,4,913,6766,True,0.4845,0.5101,False,1.9682,13880.952380952382,4960.0,51.99746353836398,1668.0,4.0,0.2963,0.1466,0.6246,0.1781
PEUGEOT,508,1,1749,8420,True,0.8144,0.8241,False,0.3784,6570.866141732284,1140.0,71.89189189189189,1814.0,4.0,0.6078,0.8004,0.6246,0.1009
PEUGEOT,508,2,582,5014,True,0.731,0.7606,False,0.7545,9540.0,2440.0,62.745098039215684,1540.0,4.0,0.5015,0.4914,0.6246,0.3419
PEUGEOT,508,3,559,14828,True,0.6495,0.6924,False,1.0507,11023.109243697478,2920.0,56.0,1600.0,4.0,0.382,0.2797,0.6246,0.274
PEUGEOT,508,4,1835,4795,True,0.6344,0.669,False,1.1508,12612.980769230766,3960.0,61.27305175490779,1618.0,4.0,0.46,0.4514,0.6246,0.2346
RENAULT,CLIO,1,4448,94233,True,0.7502,0.7363,False,0.5176,10744.635193133046,1520.0,63.51931330472103,1165.0,3.0,0.4671,0.5322,0.1454,0.7868
RENAULT,CLIO,2,556,131491,True,0.5957,0.5832,False,1.069,9779.296875,1400.0,63.51931330472103,1165.0,3.0,0.4671,0.5322,0.1454,0.7868
RENAULT,CLIO,3,68,119224,True,0.5207,0.5125,False,1.49,9437.05035971223,1960.0,52.50596658711217,1196.0,4.0,0.4146,0.1595,0.6246,0.7375
RENAULT,CLIO,4,3217,139325,True,0.4684,0.4556,False,1.8945,13532.432432432433,2580.0,46.84838160136287,1174.0,4.0,0.3647,0.0465,0.6246,0.7704
RENAULT,Captur,1,5636,105535,True,0.8303,0.8096,False,0.3343,11590.277777777777,1600.0,52.34375,1370.0,4.0,0.3786,0.1552,0.6246,0.568
RENAULT,Captur,2,5436,128897,True,0.7314,0.7087,False,0.639,12272.058823529414,2440.0,52.88461538461539,1248.0,3.0,0.2617,0.1652,0.1454,0.6774
RENAULT,Captur,3,7019,45734,True,0.6211,0.6042,False,1.0137,12272.058823529414,1760.0,55.932203389830505,1245.0,0.0,0.2773,0.2775,0.0093,0.6788
RENAULT,Captur,4,790,0,False,,,True,,12272.058823529414,920.0,51.36186770428015,1286.0,3.0,0.2401,0.1295,0.1454,0.6588
RENAULT,GRAND SCENIC,1,97,3939,True,0.7075,0.7228,False,0.6277,11211.538461538463,3600.0,50.720461095100866,1735.0,4.0,0.2712,0.113,0.6246,0.1366
RENAULT,GRAND SCENIC,2,1796,7127,True,0.6148,0.6369,False,1.0094,11211.538461538463,3380.0,50.720461095100866,1615.0,4.0,0.293,0.113,0.6246,0.2454
RENAULT,GRAND SCENIC,3,1363,7222,True,0.5115,0.5411,False,1.5478,10752.04918032787,2920.0,53.60688285903375,1600.0,0.0,0.1524,0.1896,0.0093,0.274
RENAULT,GRAND SCENIC,4,2013,17063,True,0.4887,0.5085,False,1.8961,12316.901408450702,3960.0,56.37110980622431,1615.0,4.0,0.3806,0.2883,0.6246,0.2454
RENAULT,Kadjar,1,349,59960,True,0.7932,0.7925,False,0.4426,12971.502590673575,2440.0,71.67710508002784,1437.0,4.0,0.6802,0.7933,0.6246,0.4807
RENAULT,Kadjar,2,2599,68929,True,0.7076,0.7125,False,0.7891,11259.656652360512,2780.0,64.42953020134229,1455.0,4.0,0.5616,0.5701,0.6246,0.4456
RENAULT,Kadjar,3,1400,438,False,0.5936,,True,1.381,9975.28517110266,2780.0,55.670103092783506,1455.0,0.0,0.2253,0.2668,0.0093,0.4456
RENAULT,MEGANE,1,1293,12718,True,0.7718,0.7803,False,0.4823,7363.235294117648,1200.0,42.99065420560748,1605.0,4.0,0.2475,0.0136,0.6246,0.2668
RENAULT,MEGANE,2,3469,32455,True,0.6393,0.6597,False,0.9778,9716.666666666666,2440.0,58.39942321557318,1387.0,4.0,0.4734,0.3555,0.6246,0.5415
RENAULT,MEGANE,3,2940,46534,True,0.5209,0.5382,False,1.5894,9173.076923076922,1960.0,59.31612002791347,1383.0,0.0,0.3047,0.3841,0.0093,0.5494
RENAULT,MEGANE,4,1575,74840,True,0.4898,0.4992,False,1.9164,9173.076923076922,1960.0,55.823569951757406,1450.0,4.0,0.4154,0.274,0.6246,0.4549
RENAULT,MEGANE SPORT TOURER,1,3,12718,True,0.7718,0.7803,False,0.4823,6588.1578947368425,1140.0,39.78622327790974,1684.0,4.0,0.2222,0.0036,0.6246,0.1652
RENAULT,MEGANE SPORT TOURER,2,8,32455,True,0.6393,0.6597,False,0.9778,9716.666666666666,2780.0,56.44599303135889,1435.0,4.0,0.4311,0.2926,0.6246,0.4871
RENAULT,MEGANE SPORT TOURER,3,11,46534,True,0.5209,0.5382,False,1.5894,9437.05035971223,2780.0,56.682995101469565,1443.0,4.0,0.4341,0.3054,0.6246,0.47
RENAULT,MEGANE SPORT TOURER,4,1636,74840,True,0.4898,0.4992,False,1.9164,11557.268722466959,2920.0,60.44776119402985,1340.0,4.0,0.5197,0.4227,0.6246,0.6044
RENAULT,Ny Clio,1,506,94233,True,0.7502,0.7363,False,0.5176,11590.277777777777,1600.0,55.09181969949917,1198.0,3.0,0.3086,0.2368,0.1454,0.7332
RENAULT,Ny Clio,2,10589,131491,True,0.5957,0.5832,False,1.069,11379.545454545456,1600.0,56.65236051502146,1165.0,3.0,0.3523,0.3026,0.1454,0.7868
RENAULT,Ny Clio,3,11367,119224,True,0.5207,0.5125,False,1.49,11277.027027027028,920.0,54.14273995077932,1164.0,0.0,0.2628,0.2024,0.0093,0.794
RENAULT,Ny Clio,4,4514,139325,True,0.4684,0.4556,False,1.8945,10744.635193133046,1760.0,52.030158736077496,1241.0,4.0,0.3982,0.1481,0.6246,0.6838
RENAULT,SCENIC,1,12,2211,True,0.8051,0.7952,False,0.3746,12213.917234201417,3430.0,60.5826246453895,1633.0,4.0,0.4445,0.427,0.6246,0.2182
RENAULT,SCENIC,2,721,10620,True,0.6681,0.6645,False,0.8375,10493.999999999998,2780.0,53.820598006644516,1505.0,0.0,0.1745,0.1938,0.0093,0.3741
RENAULT,SCENIC,3,237,17592,True,0.5624,0.5634,False,1.2526,10752.04918032787,2920.0,54.21686746987952,1491.0,0.0,0.1854,0.2082,0.0093,0.3927
RENAULT,SCENIC,4,907,25944,True,0.5178,0.5206,False,1.6877,11817.567567567568,3960.0,55.47945205479452,1460.0,4.0,0.4036,0.2582,0.6246,0.4356
RENAULT,TWINGO,1,18,2565,True,0.8242,0.7777,False,0.3547,10956.288784187545,1520.0,54.60060667340748,989.0,3.0,0.3383,0.2196,0.1454,0.9242
RENAULT,TWINGO,2,617,17066,True,0.696,0.6314,False,0.6746,10518.90756302521,920.0,55.31914893617021,940.0,0.0,0.323,0.2532,0.0093,0.9678
RENAULT,TWINGO,3,2682,8312,True,0.593,0.5284,False,1.1643,10518.90756302521,920.0,55.31914893617021,940.0,3.0,0.3638,0.2532,0.1454,0.9678
RENAULT,TWINGO,4,4128,18724,True,0.5346,0.496,False,1.5595,11277.027027027028,920.0,54.02750491159136,1018.0,4.0,0.4674,0.1981,0.6246,0.9049
SEAT,Arona,1,1308,67596,True,0.831,0.8191,False,0.3865,12212.195121951221,1600.0,64.8,1250.0,3.0,0.4767,0.5959,0.1454,0.676
SEAT,Arona,2,1885,4394,True,0.7403,0.7198,False,0.6595,11379.545454545456,1600.0,68.32797427652733,1241.0,3.0,0.5312,0.7017,0.1454,0.6838
SEAT,Ateca,1,514,54589,True,0.88,0.8844,False,0.22,12272.058823529414,1600.0,75.75757575757576,1453.0,4.0,0.7113,0.8684,0.6246,0.4485
SEAT,Ateca,2,1098,20309,True,0.8585,0.8595,False,0.27,12971.502590673575,2440.0,75.44581618655693,1458.0,4.0,0.7061,0.8619,0.6246,0.4385
SEAT,Ateca,3,163,0,False,,,True,,13532.432432432433,1760.0,75.29089664613278,1461.0,4.0,0.7007,0.8541,0.6246,0.4313
SEAT,IBIZA,1,1050,69004,True,0.7981,0.7947,False,0.4673,11176.339285714288,1520.0,66.55710764174198,1193.0,3.0,0.5208,0.6559,0.1454,0.7461
SEAT,IBIZA,2,2254,102239,True,0.6713,0.6685,False,0.8267,11753.521126760563,1600.0,70.13201320132013,1171.0,3.0,0.5755,0.7532,0.1454,0.7761
SEAT,IBIZA,3,1248,96267,True,0.6033,0.6059,False,1.2005,12272.058823529414,1760.0,53.182917002417405,1160.0,4.0,0.434,0.1724,0.6246,0.8019
SEAT,IBIZA,4,2585,71299,True,0.5469,0.5544,False,1.6748,12272.058823529414,1960.0,53.01204819277108,1164.0,3.5,0.3214,0.1667,0.2643,0.794
SEAT,Ibiza GP2,2,461,102239,True,0.6713,0.6685,False,0.8267,10744.635193133046,920.0,61.457418788410884,1156.0,3.0,0.4325,0.4557,0.1454,0.8054
SEAT,Ibiza GP2,3,1571,96267,True,0.6033,0.6059,False,1.2005,10744.635193133046,920.0,61.511423550087876,1177.0,3.0,0.4257,0.4585,0.1454,0.7639
SEAT,LEON,1,2351,104143,True,0.811,0.8223,False,0.3504,10698.717948717951,1520.0,70.19783024888322,1477.0,4.0,0.645,0.7546,0.6246,0.4013
SEAT,LEON,2,3358,102045,True,0.7926,0.8069,False,0.4209,11808.962264150945,1600.0,79.53723788864787,1380.0,4.0,0.765,0.9335,0.6246,0.5544
SEAT,LEON,3,2606,72729,True,0.729,0.756,False,0.7075,12272.058823529414,920.0,70.92198581560284,1344.0,4.0,0.6929,0.7718,0.6246,0.598
SEAT,LEON,4,891,40450,True,0.6145,0.6353,False,1.4625,12272.058823529414,2780.0,60.15625,1325.0,4.0,0.5176,0.4134,0.6246,0.6173
SEAT,MII,2,2523,12870,True,0.7688,0.7248,False,0.5133,10260.245901639346,1400.0,44.31017119838872,993.0,3.0,0.2387,0.0222,0.1454,0.9199
SEAT,MII,3,5451,15576,True,0.7249,0.678,False,0.6296,10260.245901639346,920.0,44.35483870967742,993.0,3.0,0.2398,0.0243,0.1454,0.9199
SEAT,MII,4,3931,557,False,0.6804,0.6259,True,0.8384,10260.245901639346,920.0,46.80851063829787,940.0,3.0,0.2583,0.0422,0.1454,0.9678
SEAT,TOLEDO,2,760,4028,True,0.7011,0.7284,False,0.8011,12036.057692307691,1520.0,65.48100242522231,1241.0,4.0,0.6314,0.6144,0.6246,0.6838
SEAT,TOLEDO,3,1548,3298,True,0.651,0.6809,False,1.0722,12272.058823529414,920.0,65.3225806451613,1240.0,4.0,0.6287,0.6073,0.6246,0.6881
SEAT,TOLEDO,4,268,91,False,0.4945,,True,2.2637,12772.959183673469,1760.0,65.53191489361703,1175.0,4.0,0.6497,0.6173,0.6246,0.7682
SKODA,CITIGO,1,2,22345,True,0.8623,0.8267,False,0.2442,11028.634361233482,1520.0,45.22096608427543,973.0,3.0,0.245,0.0293,0.1454,0.9335
SKODA,CITIGO,2,7757,43713,True,0.7709,0.7206,False,0.4655,10260.245901639346,1400.0,44.35483870967742,992.0,3.0,0.2402,0.0243,0.1454,0.922
SKODA,CITIGO,3,10936,36954,True,0.7612,0.7144,False,0.5067,10260.245901639346,920.0,44.265593561368206,994.0,3.0,0.2375,0.0207,0.1454,0.9177
SKODA,CITIGO,4,9173,1079,False,0.7312,0.6817,True,0.6198,10260.245901639346,920.0,46.80851063829787,940.0,3.0,0.2583,0.0422,0.1454,0.9678
SKODA,FABIA,1,5800,82800,True,0.8203,0.8058,False,0.3264,10932.314410480352,1520.0,59.6252129471891,1171.0,3.0,0.3959,0.3941,0.1454,0.7761
SKODA,FABIA,2,9885,106029,True,0.76,0.7447,False,0.4963,11028.634361233482,1520.0,59.982862039417306,1173.0,3.0,0.4026,0.4092,0.1454,0.7718
SKODA,FABIA,3,7331,91806,True,0.7053,0.6864,False,0.7484,11753.521126760563,920.0,57.59162303664921,1178.0,4.0,0.5038,0.3283,0.6246,0.7611
SKODA,FABIA,4,2181,90917,True,0.5939,0.5767,False,1.2572,13039.062500000002,1760.0,54.03087478559176,1164.0,4.0,0.446,0.1996,0.6246,0.794
SKODA,FABIA COMBI,1,4,82800,True,0.8203,0.8058,False,0.3264,11379.545454545456,1600.0,67.53650263666958,1198.0,3.0,0.5354,0.6903,0.1454,0.7332
SKODA,FABIA COMBI,2,35,106029,True,0.76,0.7447,False,0.4963,11028.634361233482,1600.0,59.171639914025704,1185.0,3.0,0.3843,0.3798,0.1454,0.7539
SKODA,FABIA COMBI,3,1633,91806,True,0.7053,0.6864,False,0.7484,13039.062500000002,1760.0,55.45774647887324,1136.0,4.0,0.4813,0.2568,0.6246,0.8276
SKODA,FABIA COMBI,4,6407,90917,True,0.5939,0.5767,False,1.2572,13039.062500000002,1760.0,53.11973018549747,1186.0,4.0,0.4218,0.1681,0.6246,0.7518
SKODA,KAMIQ,1,3582,12201,True,0.8794,0.87,False,0.2464,12212.195121951221,1600.0,63.930544593528026,1288.0,3.0,0.448,0.5472,0.1454,0.6538
SKODA,KAMIQ,2,33,1,False,1.0,,True,,11590.277777777777,1600.0,81.96721311475409,1321.0,4.0,0.7876,0.9521,0.6246,0.6209
SKODA,KAROQ,1,1401,71723,True,0.8871,0.8869,False,0.1911,12272.058823529414,2440.0,75.49759780370624,1457.0,4.0,0.7081,0.8648,0.6246,0.4413
SKODA,KAROQ,2,1554,3822,True,0.8736,0.8684,False,0.2212,12772.959183673469,2440.0,73.8255033557047,1461.5,4.0,0.6873,0.829,0.6246,0.427
SKODA,KODIAQ,1,903,45875,True,0.8696,0.8796,False,0.2343,13176.315789473685,4160.0,63.84213580963436,1754.0,4.0,0.4852,0.5443,0.6246,0.128
SKODA,KODIAQ,2,1205,10614,True,0.8546,0.8604,False,0.2669,13908.333333333336,4640.0,64.78209658421673,1758.0,4.0,0.5079,0.5908,0.6246,0.1252
SKODA,KODIAQ,3,1,0,False,,,True,,18544.444444444445,5140.0,71.89542483660131,1836.0,4.0,0.6073,0.8019,0.6246,0.0951
SKODA,OCTAVIA,1,5539,95992,True,0.8478,0.8727,False,0.2793,10493.999999999998,1600.0,71.70795306388526,1465.0,4.0,0.6686,0.7947,0.6246,0.4192
SKODA,OCTAVIA,2,9832,110041,True,0.803,0.8375,False,0.4079,12036.057692307691,1600.0,80.88235294117648,1354.0,4.0,0.7764,0.9464,0.6246,0.5794
SKODA,OCTAVIA,3,6057,74248,True,0.7152,0.7521,False,0.7254,12272.058823529414,1760.0,78.02224371373308,1327.0,4.0,0.7641,0.9077,0.6246,0.6144
SKODA,OCTAVIA,4,3082,60092,True,0.6132,0.6432,False,1.294,12517.500000000002,2580.0,62.60162601626017,1320.0,4.0,0.5566,0.4886,0.6246,0.6245
SKODA,OCTAVIA COMBI,1,38,95992,True,0.8478,0.8727,False,0.2793,5550.9977827051,1040.0,64.55399061032864,1703.0,4.0,0.5075,0.5801,0.6246,0.1502
SKODA,OCTAVIA COMBI,2,101,110041,True,0.803,0.8375,False,0.4079,12089.861751152073,2780.0,76.17728531855956,1384.0,4.0,0.7341,0.8748,0.6246,0.5465
SKODA,OCTAVIA COMBI,3,5002,74248,True,0.7152,0.7521,False,0.7254,12517.500000000002,1760.0,76.29629629629629,1342.0,4.0,0.7457,0.8763,0.6246,0.6009
SKODA,OCTAVIA COMBI,4,3291,60092,True,0.6132,0.6432,False,1.294,13246.03174603175,2920.0,60.15625,1367.0,4.0,0.5084,0.4134,0.6246,0.5715
SKODA,RAPID,2,1086,22193,True,0.7384,0.7521,False,0.5806,11536.866359447005,1520.0,66.39344262295081,1216.0,3.0,0.5096,0.6488,0.1454,0.7082
SKODA,RAPID,3,1349,14711,True,0.6936,0.7001,False,0.7825,12272.058823529414,920.0,65.53191489361703,1205.0,4.0,0.6407,0.6173,0.6246,0.7232
SKODA,RAPID,4,446,13,False,0.4615,,True,1.6077,12517.500000000002,920.0,65.53191489361703,1175.0,4.0,0.6497,0.6173,0.6246,0.7682
SKODA,RAPID SPACEBACK,2,1100,22193,True,0.7384,0.7521,False,0.5806,11753.521126760563,1520.0,66.77658697444352,1213.0,4.0,0.6617,0.6631,0.6246,0.7139
SKODA,RAPID SPACEBACK,3,1267,14711,True,0.6936,0.7001,False,0.7825,12272.058823529414,920.0,63.63636363636363,1210.0,4.0,0.599,0.5351,0.6246,0.7203
SKODA,RAPID SPACEBACK,4,89,13,False,0.4615,,True,1.6077,12517.500000000002,920.0,65.81196581196582,1170.0,4.0,0.66,0.633,0.6246,0.7804
SKODA,SCALA,1,1824,7892,True,0.8571,0.8465,False,0.303,11379.545454545456,1600.0,64.54122764825286,1281.0,3.0,0.4637,0.5758,0.1454,0.6609
SKODA,SCALA,2,561,0,False,,,True,,11379.545454545456,1600.0,67.19367588932806,1287.0,3.0,0.5137,0.6774,0.1454,0.6567
SKODA,SUPERB,1,811,38541,True,0.8352,0.859,False,0.2973,9540.0,2440.0,65.94724220623502,1674.0,4.0,0.5418,0.6381,0.6246,0.1767
SKODA,SUPERB,2,1826,41662,True,0.7873,0.8175,False,0.4271,12772.959183673469,2440.0,71.0364943290912,1562.0,4.0,0.6408,0.779,0.6246,0.3197
SKODA,SUPERB,3,886,22718,True,0.6775,0.7203,False,0.8437,12272.058823529414,2920.0,72.6552179656539,1555.0,4.0,0.6576,0.8104,0.6246,0.3247
SKODA,SUPERB,4,201,10787,True,0.6314,0.6571,False,1.0862,15523.668639053254,5140.0,64.2186821588815,1574.0,4.0,0.5297,0.5601,0.6246,0.3112
SKODA,SUPERB COMBI,1,337,38541,True,0.8352,0.859,False,0.2973,6570.866141732284,920.0,62.87588846364134,1829.0,4.0,0.4577,0.5014,0.6246,0.098
SKODA,SUPERB COMBI,2,27,41662,True,0.7873,0.8175,False,0.4271,12316.901408450702,4640.0,78.65168539325842,1678.0,4.0,0.6837,0.9235,0.6246,0.1731
SKODA,SUPERB COMBI,3,461,22718,True,0.6775,0.7203,False,0.8437,13385.20408163265,4960.0,66.28056628056628,1579.0,4.0,0.5712,0.6459,0.6246,0.304
SKODA,SUPERB COMBI,4,1457,10787,True,0.6314,0.6571,False,1.0862,14414.835164835165,4960.0,62.843197071384985,1596.0,4.0,0.4915,0.4957,0.6246,0.2811
SUZUKI,ALTO,3,1145,50987,True,0.6726,0.6094,False,0.9075,10260.245901639346,920.0,53.475935828877006,935.0,3.0,0.3305,0.1838,0.1454,0.975
SUZUKI,ALTO,4,5609,26972,True,0.6168,0.5692,False,1.2476,11028.634361233482,920.0,53.763440860215056,930.0,3.0,0.3354,0.1924,0.1454,0.9778
SUZUKI,BALENO,1,902,5787,True,0.7674,0.7564,False,0.5555,10698.717948717951,1520.0,68.53582554517133,981.0,4.0,0.7274,0.7082,0.6246,0.9299
SUZUKI,BALENO,2,6432,7448,True,0.721,0.6964,False,0.7533,10518.90756302521,1520.0,67.2782874617737,981.0,4.0,0.7142,0.6817,0.6246,0.9299
SUZUKI,BALENO,3,1539,2,False,1.0,,True,,10518.90756302521,920.0,68.39378238341969,965.0,4.0,0.7278,0.7031,0.6246,0.9442
SUZUKI,Celerio,1,334,14765,True,0.8726,0.8501,False,0.2338,8877.659574468087,1400.0,54.94505494505494,910.0,3.0,0.3564,0.231,0.1454,0.9864
SUZUKI,Celerio,2,3625,37266,True,0.8286,0.7864,False,0.3658,9005.395683453238,920.0,54.94505494505494,910.0,3.0,0.3564,0.231,0.1454,0.9864
SUZUKI,Celerio,3,4432,2678,True,0.7733,0.7319,False,0.5458,9005.395683453238,920.0,54.94505494505494,910.0,3.0,0.3564,0.231,0.1454,0.9864
SUZUKI,IGNIS,1,3198,26115,True,0.8587,0.8291,False,0.2421,10345.041322314051,1400.0,63.081695966907965,967.0,4.0,0.6267,0.5029,0.6246,0.9392
SUZUKI,IGNIS,2,3998,11272,True,0.7903,0.741,False,0.4074,11536.866359447005,1520.0,71.50595882990248,923.0,4.0,0.7769,0.7861,0.6246,0.9821
SUZUKI,IGNIS,3,1,1,False,1.0,,True,,12517.500000000002,920.0,67.90123456790123,972.0,4.0,0.7225,0.696,0.6246,0.9356
SUZUKI,IGNIS,4,3,576,False,0.5799,0.5448,True,1.3844,16256.493506493509,3480.0,65.71428571428571,1050.0,,0.7003,0.6302,,0.8755
SUZUKI,SPLASH,3,974,17987,True,0.6655,0.5842,False,0.8146,11753.521126760563,920.0,46.51162790697674,1075.0,3.0,0.2342,0.0386,0.1454,0.8562
SUZUKI,SPLASH,4,4155,13990,True,0.5552,0.5066,False,1.2992,12036.057692307691,920.0,46.51162790697674,1065.0,3.0,0.2353,0.0386,0.1454,0.8619
SUZUKI,SWIFT,1,4456,55935,True,0.863,0.8505,False,0.2486,9741.245136186772,1400.0,62.37218813905931,978.0,4.0,0.6138,0.48,0.6246,0.932
SUZUKI,SWIFT,2,4753,60362,True,0.773,0.7437,False,0.5285,10518.90756302521,1520.0,69.84126984126985,966.0,4.0,0.7493,0.7475,0.6246,0.9406
SUZUKI,SWIFT,3,5506,54526,True,0.6868,0.6603,False,0.8286,10744.635193133046,920.0,61.6822429906542,1071.0,4.0,0.591,0.4642,0.6246,0.8577
SUZUKI,SWIFT,4,7834,52313,True,0.5563,0.5378,False,1.3695,12272.058823529414,920.0,66.66666666666667,1035.0,4.0,0.6963,0.6609,0.6246,0.892
SUZUKI,SX4,2,3,21406,True,0.7973,0.786,False,0.4229,13039.062500000002,2440.0,66.39676113360323,1235.0,3.0,0.5074,0.6502,0.1454,0.6931
SUZUKI,SX4,3,459,21864,True,0.67,0.6505,False,0.8234,15549.68944099379,3480.0,72.42798353909464,1215.0,4.0,0.733,0.8069,0.6246,0.711
SUZUKI,SX4,4,1154,16264,True,0.5483,0.5319,False,1.4066,15549.68944099379,3480.0,70.96774193548387,1240.0,4.0,0.7116,0.7732,0.6246,0.6881
SUZUKI,SX4 COMBIBACK,4,2103,16264,True,0.5483,0.5319,False,1.4066,15549.68944099379,3480.0,72.42798353909464,1215.0,4.0,0.733,0.8069,0.6246,0.711
SUZUKI,SX4 S-Cross,1,2232,1053,False,0.8974,,True,0.1872,11590.277777777777,1520.0,73.18952234206472,1292.0,4.0,0.7278,0.8205,0.6246,0.6509
SUZUKI,SX4 S-Cross,2,3828,4,False,0.5,,True,3.15,12517.500000000002,1600.0,67.37880032867707,1217.0,3.0,0.5271,0.6845,0.1454,0.706
SUZUKI,SX4 S-Cross,3,2572,3,False,0.6667,,True,0.3,13532.432432432433,1760.0,73.33333333333333,1200.0,4.0,0.7437,0.8219,0.6246,0.7268
SUZUKI,SX4 S-Cross,4,355,0,False,,,True,,13532.432432432433,1760.0,75.86206896551724,1160.0,4.0,0.783,0.8705,0.6246,0.8019
SUZUKI,VITARA,1,2887,60875,True,0.8705,0.8608,False,0.2398,11808.962264150945,1520.0,73.92996108949417,1270.0,4.0,0.739,0.8348,0.6246,0.671
SUZUKI,VITARA,2,3549,51128,True,0.8042,0.7919,False,0.4095,13246.03174603175,2440.0,73.88748950461797,1216.0,4.0,0.7446,0.8312,0.6246,0.7082
SUZUKI,VITARA,3,3088,1946,False,0.7713,0.7576,True,0.5221,13246.03174603175,1760.0,73.88748950461797,1191.0,4.0,0.7526,0.8312,0.6246,0.7482
TOYOTA,AURIS,2,4405,94374,True,0.7902,0.8002,False,0.5242,9779.296875,1400.0,48.993288590604024,1490.0,4.0,0.3116,0.0908,0.6246,0.3941
TOYOTA,AURIS,3,4426,75949,True,0.7398,0.7389,False,0.7393,9272.222222222223,920.0,51.77304964539007,1440.0,4.0,0.3541,0.1438,0.6246,0.4742
TOYOTA,AURIS,4,2139,79221,True,0.6213,0.6148,False,1.2628,14813.609467455624,2920.0,69.28571428571428,1370.0,4.0,0.669,0.7361,0.6246,0.568
TOYOTA,AVENSIS,2,1027,18200,True,0.787,0.8288,False,0.5656,16048.076923076924,3480.0,70.68062827225131,1528.0,4.0,0.642,0.7668,0.6246,0.3562
TOYOTA,AVENSIS,3,2510,21056,True,0.7125,0.7547,False,0.8955,16256.493506493509,3480.0,70.68062827225131,1522.0,4.0,0.6432,0.7668,0.6246,0.3619
TOYOTA,AVENSIS,4,1352,39032,True,0.6318,0.6637,False,1.2676,16256.493506493509,3960.0,70.611680640586,1526.0,4.0,0.641,0.7632,0.6246,0.3598
TOYOTA,AVENSIS STW,2,1,18200,True,0.787,0.8288,False,0.5656,12089.861751152073,4640.0,65.625,1600.0,4.0,0.5537,0.623,0.6246,0.274
TOYOTA,AVENSIS STW,3,8,21056,True,0.7125,0.7547,False,0.8955,13252.34845799362,3960.0,64.56674212717792,1604.5,4.0,0.5328,0.583,0.6246,0.2697
TOYOTA,AVENSIS STW,4,2723,39032,True,0.6318,0.6637,False,1.2676,16470.394736842107,4320.0,65.47619047619048,1532.0,4.0,0.5637,0.613,0.6246,0.3491
TOYOTA,AYGO,1,7730,117950,True,0.8629,0.8333,False,0.2523,9341.417910447763,1400.0,54.92227979274612,965.0,3.0,0.3466,0.2282,0.1454,0.9442
TOYOTA,AYGO,2,12014,129893,True,0.8232,0.781,False,0.3827,9519.011406844107,1280.0,53.403141361256544,965.0,3.0,0.323,0.181,0.1454,0.9442
TOYOTA,AYGO,3,14633,98229,True,0.7013,0.6499,False,0.7632,9519.011406844107,920.0,53.125,960.0,3.0,0.3189,0.1702,0.1454,0.9506
TOYOTA,AYGO,4,9396,93510,True,0.5854,0.5433,False,1.3321,10744.635193133046,920.0,54.28881650380022,921.0,3.0,0.3451,0.2096,0.1454,0.9835
TOYOTA,AYGO 3/5-DØRS,1,2,117950,True,0.8629,0.8333,False,0.2523,10240.334426339214,1520.0,55.613850996852044,953.0,3.0,0.3677,0.2647,0.1454,0.9585
TOYOTA,AYGO 3/5-DØRS,3,2,98229,True,0.7013,0.6499,False,0.7632,10886.634777183264,920.0,55.248618784530386,905.0,3.5,0.3993,0.2425,0.2643,0.9936
TOYOTA,AYGO 3/5-DØRS,4,5816,93510,True,0.5854,0.5433,False,1.3321,11277.027027027028,920.0,55.248618784530386,905.0,3.0,0.3636,0.2425,0.1454,0.9936
TOYOTA,AYGO 5-DØRS,1,1,117950,True,0.8629,0.8333,False,0.2523,10135.627530364374,1400.0,54.97925311203319,964.0,3.0,0.3501,0.2339,0.1454,0.9478
TOYOTA,AYGO 5-DØRS,2,3,129893,True,0.8232,0.781,False,0.3827,10260.245901639346,1520.0,53.125,965.0,3.0,0.3176,0.1702,0.1454,0.9442
TOYOTA,AYGO 5-DØRS,3,3,98229,True,0.7013,0.6499,False,0.7632,10518.90756302521,920.0,55.248618784530386,905.0,3.0,0.3636,0.2425,0.1454,0.9936
TOYOTA,AYGO 5-DØRS,4,3262,93510,True,0.5854,0.5433,False,1.3321,11277.027027027028,920.0,55.248618784530386,905.0,3.0,0.3636,0.2425,0.1454,0.9936
TOYOTA,Aygo X,1,2868,9,False,1.0,,True,,10135.627530364374,1400.0,51.40640155189137,1031.0,3.0,0.2898,0.1338,0.1454,0.8963
TOYOTA,COROLLA,1,3481,62624,True,0.8911,0.8956,False,0.2168,9306.691449814129,1400.0,48.97959183673469,1471.0,4.0,0.3142,0.0894,0.6246,0.4106
TOYOTA,COROLLA,2,1855,154,False,0.8052,,True,0.6971,7518.01801801802,1200.0,49.14675767918089,1468.0,4.0,0.3166,0.0923,0.6246,0.4156
TOYOTA,COROLLA,3,2,119,False,0.7479,,True,0.7424,21178.6051212938,9340.0,55.932203389830505,1222.5,4.0,0.4665,0.2775,0.6246,0.7017
TOYOTA,COROLLA,4,8,9557,True,0.6085,0.6406,False,1.3276,12860.29411764706,4960.0,48.529411764705884,1360.0,4.0,0.3427,0.0808,0.6246,0.5744
TOYOTA,RAV4,1,1354,52985,True,0.8892,0.8921,False,0.2345,10474.895397489541,1520.0,78.06912991656733,1678.0,4.0,0.6766,0.9092,0.6246,0.1731
TOYOTA,RAV4,2,2737,39539,True,0.8238,0.8291,False,0.4189,12272.058823529414,1600.0,65.32951289398281,1741.0,4.0,0.5182,0.6087,0.6246,0.1323
TOYOTA,RAV4,3,702,21115,True,0.7781,0.7881,False,0.575,12860.29411764706,3960.0,63.63636363636363,1660.0,4.0,0.492,0.5351,0.6246,0.1853
TOYOTA,RAV4,4,122,11627,True,0.6274,0.6512,False,1.2363,15709.580838323353,6040.0,64.1399416909621,1694.0,4.0,0.4973,0.5572,0.6246,0.1567
TOYOTA,RAV4 Plug in,1,2963,52985,True,0.8892,0.8921,False,0.2345,5835.664335664336,920.0,67.79661016949153,2006.0,4.0,0.5434,0.6946,0.6246,0.0436
TOYOTA,RAV4 Plug in,2,1,39539,True,0.8238,0.8291,False,0.4189,11808.962264150945,1600.0,75.59145989613387,1733.0,4.0,0.6486,0.8662,0.6246,0.1402
TOYOTA,Toyota C-HR,1,2315,98743,True,0.842,0.8443,False,0.3129,9934.523809523811,1400.0,47.87234042553192,1506.0,4.0,0.2949,0.0665,0.6246,0.3712
TOYOTA,Toyota C-HR,2,3628,27669,True,0.8244,0.82,False,0.3951,8662.629757785468,1280.0,47.650562541363335,1511.0,4.0,0.2896,0.0579,0.6246,0.3662
TOYOTA,VERSO,2,899,17365,True,0.777,0.7901,False,0.5706,16802.013422818793,4320.0,68.57142857142857,1575.0,4.0,0.6046,0.711,0.6246,0.3083
TOYOTA,VERSO,3,1552,18277,True,0.6901,0.7073,False,0.9404,16802.013422818793,4320.0,68.57142857142857,1575.0,4.0,0.6046,0.711,0.6246,0.3083
TOYOTA,VERSO,4,1954,16376,True,0.6289,0.6422,False,1.277,17030.612244897962,4320.0,63.109954456733895,1575.0,4.0,0.5012,0.5043,0.6246,0.3083
TOYOTA,YARIS,1,9751,151963,True,0.8619,0.8388,False,0.2399,8429.292929292931,1280.0,56.47840531561462,1198.0,3.0,0.338,0.2954,0.1454,0.7332
TOYOTA,YARIS,2,12944,167266,True,0.8076,0.7793,False,0.3886,8429.292929292931,1280.0,46.11443210930828,1171.0,4.0,0.3601,0.0351,0.6246,0.7761
TOYOTA,YARIS,3,12563,164337,True,0.7157,0.6841,False,0.6664,10744.635193133046,920.0,47.663551401869164,1122.0,4.0,0.3842,0.0594,0.6246,0.8355
TOYOTA,YARIS,4,4492,163915,True,0.6275,0.6008,False,1.0463,12036.057692307691,1760.0,57.14285714285714,1105.0,4.0,0.5165,0.3212,0.6246,0.8426
TOYOTA,YARIS 5-DØRS,2,2,167266,True,0.8076,0.7793,False,0.3886,10575.772911299227,1780.0,56.36208368915457,1171.0,3.5,0.3779,0.2868,0.2643,0.7761
TOYOTA,YARIS 5-DØRS,3,97,164337,True,0.7157,0.6841,False,0.6664,10790.94827586207,920.0,48.34123222748815,1055.0,3.0,0.2561,0.078,0.1454,0.8677
TOYOTA,YARIS 5-DØRS,4,4440,163915,True,0.6275,0.6008,False,1.0463,12772.959183673469,1760.0,64.31718061674009,1135.0,4.0,0.6354,0.5644,0.6246,0.829
TOYOTA,Yaris Cross,1,1939,268,False,0.9291,,True,0.1524,9306.691449814129,1280.0,53.45911949685535,1272.0,3.0,0.2686,0.1824,0.1454,0.6688
VOLKSWAGEN,CADDY,1,282,55105,True,0.7873,0.8133,False,0.5999,13246.03174603175,2440.0,50.01488981536629,1665.0,4.0,0.2756,0.1037,0.6246,0.1817
VOLKSWAGEN,CADDY,2,434,70614,True,0.7038,0.7326,False,0.9662,13986.033519553073,2580.0,46.32489190858555,1529.0,4.0,0.2764,0.0365,0.6246,0.3541
VOLKSWAGEN,CADDY,3,553,68693,True,0.6488,0.6826,False,1.3026,13986.033519553073,2580.0,42.40766073871409,1484.0,4.0,0.2704,0.0079,0.6246,0.3956
VOLKSWAGEN,CADDY,4,2090,61752,True,0.6046,0.6358,False,1.8065,17030.612244897962,4320.0,41.944074567243675,1502.0,4.0,0.2669,0.0064,0.6246,0.3813
VOLKSWAGEN,CALIFORNIA,1,841,6386,True,0.858,0.8449,False,0.3182,17147.05882352941,8760.0,43.32414336352895,2526.0,4.0,0.1959,0.015,0.6246,0.005
VOLKSWAGEN,CALIFORNIA,2,420,5658,True,0.8019,0.7881,False,0.472,17607.38255033557,9180.0,42.95197188598203,2532.0,4.0,0.1942,0.0122,0.6246,0.0036
VOLKSWAGEN,CALIFORNIA,3,69,3817,True,0.7671,0.7443,False,0.6625,16817.30769230769,8080.0,41.92104192104192,2511.0,4.0,0.1912,0.005,0.6246,0.0064
VOLKSWAGEN,CALIFORNIA,4,52,1753,False,0.7188,0.6913,True,0.8476,19800.281954887214,10160.0,42.57957833815626,2407.0,4.0,0.1945,0.0093,0.6246,0.0122
VOLKSWAGEN,GOLF,1,2234,309916,True,0.8783,0.8833,False,0.2617,10698.717948717951,1520.0,71.9640179910045,1422.0,4.0,0.6882,0.8033,0.6246,0.4957
VOLKSWAGEN,GOLF,2,11701,390456,True,0.837,0.8446,False,0.3883,12036.057692307691,1600.0,69.86899563318777,1377.0,4.0,0.6737,0.7489,0.6246,0.5594
VOLKSWAGEN,GOLF,3,8415,335232,True,0.7445,0.7611,False,0.7285,12517.500000000002,1760.0,68.75934230194319,1337.0,4.0,0.669,0.7203,0.6246,0.6073
VOLKSWAGEN,GOLF,4,7626,345926,True,0.6216,0.6442,False,1.5064,12517.500000000002,2780.0,64.23982869379014,1353.0,4.0,0.5846,0.5615,0.6246,0.5823
VOLKSWAGEN,GOLF VARIANT,1,413,309916,True,0.8783,0.8833,False,0.2617,11590.277777777777,1600.0,68.52248394004283,1436.0,4.0,0.6374,0.706,0.6246,0.485
VOLKSWAGEN,GOLF VARIANT,2,26,390456,True,0.837,0.8446,False,0.3883,10752.04918032787,3380.0,59.859154929577464,1450.0,4.0,0.4805,0.4041,0.6246,0.4549
VOLKSWAGEN,GOLF VARIANT,3,1635,335232,True,0.7445,0.7611,False,0.7285,12517.500000000002,1760.0,65.59766763848395,1391.0,4.0,0.6052,0.6216,0.6246,0.5351
VOLKSWAGEN,GOLF VARIANT,4,1389,345926,True,0.6216,0.6442,False,1.5064,12517.500000000002,2920.0,59.367771781033156,1444.0,4.0,0.4739,0.3856,0.6246,0.4685
VOLKSWAGEN,Golf Sportsvan,1,458,309916,True,0.8783,0.8833,False,0.2617,12036.057692307691,1600.0,75.39410555174777,1458.0,4.0,0.7046,0.8591,0.6246,0.4385
VOLKSWAGEN,Golf Sportsvan,2,2359,390456,True,0.837,0.8446,False,0.3883,12517.500000000002,1760.0,66.3441603317208,1447.0,4.0,0.6036,0.6474,0.6246,0.4628
VOLKSWAGEN,Golf Sportsvan,3,1916,335232,True,0.7445,0.7611,False,0.7285,13039.062500000002,1760.0,64.74313863476425,1422.0,4.0,0.5809,0.5887,0.6246,0.4957
VOLKSWAGEN,PASSAT,1,1106,49158,True,0.8577,0.8828,False,0.3126,6729.8387096774195,1140.0,63.50082827167311,1813.0,4.0,0.473,0.53,0.6246,0.103
VOLKSWAGEN,PASSAT,2,8013,86903,True,0.7892,0.8305,False,0.5115,12517.500000000002,2440.0,73.04116865869854,1515.0,4.0,0.6683,0.8162,0.6246,0.3641
VOLKSWAGEN,PASSAT,3,4680,80909,True,0.6815,0.7303,False,0.9944,12089.861751152073,2780.0,72.75132275132275,1552.0,4.0,0.6591,0.8119,0.6246,0.329
VOLKSWAGEN,PASSAT,4,1231,88836,True,0.6288,0.6673,False,1.4132,13664.062499999998,3960.0,64.33479075577763,1573.0,4.0,0.5328,0.5658,0.6246,0.3126
VOLKSWAGEN,PASSAT VARIANT,1,2595,49158,True,0.8577,0.8828,False,0.3126,9540.0,1600.0,64.82525366403607,1739.0,4.0,0.5135,0.5987,0.6246,0.1338
VOLKSWAGEN,PASSAT VARIANT,2,256,86903,True,0.7892,0.8305,False,0.5115,11557.268722466959,3260.0,67.60909649661954,1636.0,4.0,0.5752,0.6917,0.6246,0.2096
VOLKSWAGEN,PASSAT VARIANT,3,697,80909,True,0.6815,0.7303,False,0.9944,12089.861751152073,3960.0,66.64647688269736,1580.0,4.0,0.5773,0.6588,0.6246,0.3026
VOLKSWAGEN,PASSAT VARIANT,4,2490,88836,True,0.6288,0.6673,False,1.4132,12316.901408450702,3960.0,62.42424242424242,1620.0,4.0,0.4743,0.4814,0.6246,0.231
VOLKSWAGEN,POLO,1,5875,214480,True,0.7987,0.7873,False,0.5804,11379.545454545456,1520.0,58.28476269775187,1237.0,3.0,0.358,0.3526,0.1454,0.6903
VOLKSWAGEN,POLO,2,13788,287803,True,0.7413,0.7228,False,0.703,10932.314410480352,1520.0,59.12162162162162,1220.0,3.0,0.3736,0.3784,0.1454,0.7039
VOLKSWAGEN,POLO,3,13288,240745,True,0.6397,0.6201,False,1.2348,11753.521126760563,920.0,58.45881310894597,1180.0,4.0,0.5197,0.3612,0.6246,0.7582
VOLKSWAGEN,POLO,4,11149,243075,True,0.5545,0.5365,False,1.9411,12772.959183673469,1960.0,56.25,1150.0,4.0,0.4928,0.2854,0.6246,0.8133
VOLKSWAGEN,T-Cross,1,4464,25162,True,0.8633,0.8429,False,0.3769,11978.468899521533,1600.0,62.8698224852071,1334.0,3.0,0.4154,0.5,0.1454,0.6087
VOLKSWAGEN,T-Cross,2,2068,0,False,,,True,,11176.339285714288,1520.0,64.1025641025641,1318.0,3.0,0.4467,0.5544,0.1454,0.6295
VOLKSWAGEN,T-Roc,1,4230,96328,True,0.9013,0.8984,False,0.2053,12393.564356435645,1600.0,78.40342124019956,1400.0,4.0,0.7495,0.9156,0.6246,0.5215
VOLKSWAGEN,T-Roc,2,4318,4502,True,0.8827,0.8658,False,0.2457,12772.959183673469,2440.0,77.90368271954674,1395.0,4.0,0.7448,0.9049,0.6246,0.525
VOLKSWAGEN,TIGUAN,1,1329,175562,True,0.874,0.8804,False,0.2689,12772.959183673469,2440.0,69.05210295040803,1612.0,4.0,0.6022,0.7275,0.6246,0.2554
VOLKSWAGEN,TIGUAN,2,4196,124036,True,0.8201,0.8306,False,0.431,13385.20408163265,4640.0,65.71087216248507,1683.0,4.0,0.5351,0.6288,0.6246,0.1667
VOLKSWAGEN,TIGUAN,3,498,71812,True,0.7134,0.7285,False,0.8124,14991.428571428569,5980.0,67.40196078431372,1705.0,4.0,0.56,0.686,0.6246,0.1481
VOLKSWAGEN,TIGUAN,4,389,45097,True,0.6294,0.6558,False,1.3902,15709.580838323353,7080.0,61.89903846153847,1665.0,4.0,0.4573,0.4671,0.6246,0.1817
VOLKSWAGEN,TOURAN,1,2712,17508,True,0.8431,0.8497,False,0.3448,12272.058823529414,2440.0,68.19590824550527,1615.0,4.0,0.5866,0.7003,0.6246,0.2454
VOLKSWAGEN,TOURAN,2,8530,22959,True,0.7803,0.7953,False,0.5357,12971.502590673575,2580.0,67.19609040928528,1623.0,4.0,0.5724,0.6788,0.6246,0.2282
VOLKSWAGEN,TOURAN,3,3827,31430,True,0.698,0.7242,False,0.9399,13532.432432432433,2920.0,64.89675516224189,1610.0,4.0,0.5397,0.6016,0.6246,0.2575
VOLKSWAGEN,TOURAN,4,2613,41112,True,0.5983,0.6365,False,1.7369,12612.980769230766,3960.0,60.62389640965274,1640.0,4.0,0.4424,0.4285,0.6246,0.2039
VOLKSWAGEN,UP!,1,2166,51692,True,0.8674,0.8323,False,0.2849,10014.0,1400.0,44.0,1009.0,3.0,0.2344,0.0179,0.1454,0.9092
VOLKSWAGEN,UP!,2,15103,83761,True,0.7852,0.7307,False,0.519,10260.245901639346,1400.0,44.132397191574725,997.0,3.0,0.2363,0.0193,0.1454,0.9149
VOLKSWAGEN,UP!,3,23616,100999,True,0.7618,0.7074,False,0.6103,10260.245901639346,920.0,44.897959183673464,996.0,3.0,0.2401,0.0265,0.1454,0.9163
VOLKSWAGEN,UP!,4,21685,4823,True,0.7178,0.6665,False,0.743,10260.245901639346,920.0,46.80851063829787,940.0,3.0,0.2583,0.0422,0.1454,0.9678
VOLVO,V40,1,20,46416,True,0.8024,0.8052,False,0.4641,10976.987447698744,3600.0,70.10837774600286,1569.0,4.0,0.6267,0.7518,0.6246,0.3169
VOLVO,V40,2,974,87143,True,0.7318,0.7422,False,0.7182,10752.04918032787,2440.0,58.214747736093145,1536.0,4.0,0.4315,0.3505,0.6246,0.3441
VOLVO,V40,3,1252,55532,True,0.6686,0.6886,False,1.008,9437.05035971223,1960.0,58.214747736093145,1532.0,4.0,0.4325,0.3505,0.6246,0.3491
VOLVO,V40,4,575,495,False,0.604,0.6141,True,1.4018,9975.28517110266,2780.0,56.91056910569105,1476.0,4.0,0.4249,0.314,0.6246,0.4027
VOLVO,V50,4,1331,34081,True,0.5523,0.5965,False,2.1042,10248.046874999998,2780.0,54.896142433234424,1464.0,4.0,0.3853,0.2268,0.6246,0.4227
VOLVO,V60,1,1876,23044,True,0.839,0.8533,False,0.424,7563.4441087613295,920.0,87.57062146892655,2096.0,4.0,0.6836,0.9778,0.6246,0.0365
VOLVO,V60,2,1721,20087,True,0.767,0.8031,False,0.7116,10976.987447698744,3600.0,78.47533632286996,1775.0,4.0,0.6712,0.9192,0.6246,0.1209
VOLVO,V60,3,1071,21724,True,0.7017,0.7406,False,0.9875,11259.656652360512,2920.0,78.93175074183976,1691.0,4.0,0.6839,0.9292,0.6246,0.1595
VOLVO,V60,4,1002,5931,True,0.6724,0.704,False,1.2417,11817.567567567568,3960.0,58.99705014749262,1690.0,5.0,0.5144,0.3727,0.9857,0.1617
VOLVO,V70,2,1,5982,True,0.8002,0.8262,False,0.5965,11259.656652360512,2920.0,49.18949133594187,1789.0,4.0,0.2567,0.0937,0.6246,0.1123
VOLVO,V70,3,691,10371,True,0.7293,0.7697,False,0.897,11817.567567567568,3960.0,71.73678532901833,1792.0,4.0,0.6073,0.7961,0.6246,0.1094
VOLVO,V70,4,1064,22879,True,0.6565,0.7092,False,1.4058,15709.580838323353,6040.0,67.22689075630252,1785.0,5.0,0.6589,0.6803,0.9857,0.1152
VOLVO,V90,1,621,20753,True,0.8438,0.8573,False,0.4304,5946.555819477435,920.0,86.47140864714086,2153.0,4.0,0.6813,0.975,0.6246,0.0322
VOLVO,V90,2,739,6209,True,0.8032,0.8214,False,0.5684,11817.567567567568,4320.0,76.08695652173914,1879.0,4.0,0.6377,0.8734,0.6246,0.068
VOLVO,V90,3,116,0,False,,,True,,12860.29411764706,4320.0,89.77685521536067,1840.0,4.0,0.6998,0.9878,0.6246,0.0923
VOLVO,XC40,1,2409,78926,True,0.8896,0.888,False,0.2676,7847.962382445142,920.0,70.4,1841.0,3.0,0.4404,0.7575,0.1454,0.0901
VOLVO,XC40,2,1250,1476,False,0.857,0.8517,True,0.3567,14144.067796610172,4640.0,78.16862088218872,1731.0,4.0,0.6714,0.9106,0.6246,0.1438
VOLVO,XC60,1,1855,62220,True,0.8772,0.8855,False,0.3279,7072.033898305086,920.0,84.04880253050158,2198.0,4.0,0.6729,0.9621,0.6246,0.0222
VOLVO,XC60,2,2286,78959,True,0.7777,0.8022,False,0.6728,13385.20408163265,4960.0,75.06702412868633,1915.0,4.0,0.6227,0.8469,0.6246,0.0594
VOLVO,XC60,3,1368,37260,True,0.7225,0.7552,False,0.9079,12316.901408450702,3960.0,75.06702412868633,1865.0,4.0,0.6262,0.8469,0.6246,0.0765
VOLVO,XC60,4,634,22603,True,0.6791,0.7154,False,1.2697,17846.938775510203,9160.0,77.75489186405768,1890.0,5.0,0.7597,0.902,0.9857,0.0651
VOLVO,XC90,1,477,36037,True,0.8561,0.8657,False,0.3821,7799.065420560748,920.0,93.68522265109823,2414.0,4.0,0.6856,0.9921,0.6246,0.0107
VOLVO,XC90,2,449,26181,True,0.8021,0.8213,False,0.617,14991.428571428569,6720.0,79.68678028558269,2171.0,4.0,0.6609,0.9349,0.6246,0.03
VOLVO,XC90,3,427,15698,True,0.6953,0.7369,False,1.0232,15252.906976744187,7080.0,78.7655458314141,2171.0,4.0,0.6558,0.9249,0.6246,0.03
VOLVO,XC90,4,117,28567,True,0.6221,0.6634,False,1.647,21862.499999999996,12280.0,66.6062528318985,2207.0,5.0,0.6285,0.6574,0.9857,0.0207
