dmr_make,dmr_model,age_band,n_vehicles,diesel_pct,hybrid_pct,is_diesel_dominant,is_hybrid
ALFA ROMEO,GIULIETTA,1,21,1.0,0.0,True,False
ALFA ROMEO,GIULIETTA,2,373,0.126,0.0,False,False
ALFA ROMEO,GIULIETTA,3,451,0.2727,0.0,False,False
ALFA ROMEO,GIULIETTA,4,1631,0.2391,0.0,False,False
AUDI,A1 SPORTBACK,1,545,0.0,0.0,False,False
AUDI,A1 SPORTBACK,2,881,0.0897,0.0,False,False
AUDI,A1 SPORTBACK,3,1010,0.3455,0.0,False,False
AUDI,A1 SPORTBACK,4,1183,0.5283,0.0,True,False
AUDI,A3,1,188,0.0426,0.0,False,False
AUDI,A3,2,236,0.3008,0.0,False,False
AUDI,A3,3,344,0.5233,0.0,True,False
AUDI,A3,4,3184,0.6627,0.0,True,False
AUDI,A3 CABRIOLET,1,737,0.0,0.0,False,False
AUDI,A3 CABRIOLET,2,1398,0.025,0.0,False,False
AUDI,A3 CABRIOLET,3,1035,0.1758,0.0,False,False
AUDI,A3 CABRIOLET,4,140,0.2714,0.0,False,False
AUDI,A3 Limousine,1,544,0.1507,0.0,False,False
AUDI,A3 Limousine,2,1642,0.3197,0.0,False,False
AUDI,A3 Limousine,3,1529,0.6135,0.0,True,False
AUDI,A3 Limousine,4,143,0.6014,0.0,True,False
AUDI,A3 Sportback,1,3232,0.1061,0.0,False,False
AUDI,A3 Sportback,2,7443,0.3519,0.0003,False,False
AUDI,A3 Sportback,3,5621,0.6684,0.0043,True,False
AUDI,A3 Sportback,4,3262,0.7974,0.0,True,False
AUDI,A4 AVANT,1,3819,0.4205,0.0,False,False
AUDI,A4 AVANT,2,7944,0.5364,0.0,True,False
AUDI,A4 AVANT,3,5515,0.7516,0.0,True,False
AUDI,A4 AVANT,4,3978,0.7074,0.0,True,False
AUDI,A5 SPORTBACK,1,2494,0.2935,0.0,False,False
AUDI,A5 SPORTBACK,2,3463,0.4519,0.0,False,False
AUDI,A5 SPORTBACK,3,2428,0.5313,0.0,True,False
AUDI,A5 SPORTBACK,4,2118,0.6648,0.0,True,False
AUDI,A6 AVANT,1,3858,0.7548,0.0005,True,False
AUDI,A6 AVANT,2,6202,0.8717,0.0027,True,False
AUDI,A6 AVANT,3,5277,0.9585,0.0,True,False
AUDI,A6 AVANT,4,2778,0.8575,0.0,True,False
AUDI,Q2,1,6776,0.0452,0.0,False,False
AUDI,Q2,2,5242,0.389,0.0,False,False
AUDI,Q2,3,132,0.4167,0.0,False,False
AUDI,Q3,1,5255,0.0782,0.0,False,False
AUDI,Q3,2,3922,0.295,0.0,False,False
AUDI,Q3,3,1889,0.4891,0.0,False,False
AUDI,Q3,4,926,0.7873,0.0,True,False
AUDI,Q5,1,3622,0.312,0.0036,False,False
AUDI,Q5,2,4323,0.8647,0.0021,True,False
AUDI,Q5,3,3137,0.9056,0.0,True,False
AUDI,Q5,4,4081,0.9064,0.0005,True,False
BMW,1-Serie,1,5926,0.3469,0.0,False,False
BMW,1-Serie,2,4261,0.4938,0.0,False,False
BMW,1-Serie,3,2231,0.9113,0.0,True,False
BMW,1-Serie,4,1740,0.8661,0.0,True,False
BMW,2-Serie,1,3400,0.3315,0.0,False,False
BMW,2-Serie,2,2226,0.3486,0.0,False,False
BMW,2-Serie,3,2176,0.6402,0.0,True,False
BMW,3-Serie,1,14932,0.431,0.0,False,False
BMW,3-Serie,2,10628,0.6198,0.0,True,False
BMW,3-Serie,3,7410,0.9121,0.0,True,False
BMW,3-Serie,4,2868,0.8989,0.0,True,False
BMW,4-serie,1,2673,0.281,0.0,False,False
BMW,4-serie,2,4507,0.7162,0.0,True,False
BMW,4-serie,3,2624,0.7207,0.0,True,False
BMW,4-serie,4,59,0.3898,0.0,False,False
BMW,5-Serie,1,7319,0.4021,0.0,False,False
BMW,5-Serie,2,7158,0.7664,0.0,True,False
BMW,5-Serie,3,1667,0.9256,0.0,True,False
BMW,5-Serie,4,2186,0.9593,0.0,True,False
BMW,X1,1,6838,0.2748,0.0,False,False
BMW,X1,2,4760,0.7174,0.0,True,False
BMW,X1,3,611,0.8429,0.0,True,False
BMW,X1,4,983,0.8922,0.0,True,False
BMW,X3,1,3260,0.2626,0.0,False,False
BMW,X3,2,1861,0.7045,0.0,True,False
BMW,X3,3,689,0.9419,0.0,True,False
BMW,X3,4,866,0.94,0.0,True,False
BMW,X5,1,3528,0.0567,0.0,False,False
BMW,X5,2,1125,0.6196,0.0,True,False
BMW,X5,3,1428,0.9146,0.0,True,False
BMW,X5,4,1115,0.8664,0.0,True,False
CHEVROLET,AVEO,3,682,0.0,0.0,False,False
CHEVROLET,AVEO,4,5825,0.0323,0.0,False,False
CHEVROLET,SPARK,3,1462,0.0,0.0,False,False
CHEVROLET,SPARK,4,16230,0.0,0.0,False,False
CITROËN,BERLINGO,1,585,0.8239,0.0,True,False
CITROËN,BERLINGO,2,636,0.8915,0.0,True,False
CITROËN,BERLINGO,3,768,0.7083,0.0,True,False
CITROËN,BERLINGO,4,1612,0.8679,0.0,True,False
CITROËN,C1,1,8332,0.0,0.0,False,False
CITROËN,C1,2,12160,0.0,0.0,False,False
CITROËN,C1,3,11745,0.0,0.0,False,False
CITROËN,C1,4,15787,0.0001,0.0,False,False
CITROËN,C3,1,19746,0.0936,0.0,False,False
CITROËN,C3,2,18386,0.3411,0.0,False,False
CITROËN,C3,3,9459,0.5312,0.0,True,False
CITROËN,C3,4,11215,0.7775,0.0,True,False
CITROËN,C3 Aircross,1,1870,0.1289,0.0,False,False
CITROËN,C3 Aircross,2,2244,0.434,0.0,False,False
CITROËN,C3 PICASSO,2,111,1.0,0.0,True,False
CITROËN,C3 PICASSO,3,1710,0.6421,0.0,True,False
CITROËN,C3 PICASSO,4,4005,0.8874,0.0,True,False
CITROËN,C4,1,2130,0.231,0.0,False,False
CITROËN,C4,2,1994,0.9885,0.0,True,False
CITROËN,C4,3,3222,0.7477,0.0,True,False
CITROËN,C4,4,5377,0.9245,0.0,True,False
CITROËN,C4 Cactus,1,816,0.0944,0.0,False,False
CITROËN,C4 Cactus,2,5306,0.5645,0.0,True,False
CITROËN,C4 Cactus,3,5942,0.5831,0.0,True,False
CITROËN,C4 PICASSO,2,927,0.7023,0.0,True,False
CITROËN,C4 PICASSO,3,951,0.7329,0.0,True,False
CITROËN,C4 PICASSO,4,883,0.8913,0.0,True,False
CITROËN,C5 Aircross,1,5304,0.3857,0.5409,False,True
CITROËN,C5 Aircross,2,1318,0.6548,0.0,True,False
CITROËN,DS3,1,3,0.0,0.0,False,False
CITROËN,DS3,3,514,0.5564,0.0,True,False
CITROËN,DS3,4,2332,0.7067,0.0,True,False
CITROËN,GRAND C4 PICASSO,2,2804,0.7279,0.0,True,False
CITROËN,GRAND C4 PICASSO,3,4268,0.896,0.0,True,False
CITROËN,GRAND C4 PICASSO,4,4145,0.9865,0.0,True,False
CITROËN,Grand C4 SpaceTourer,1,2103,0.4612,0.0,False,False
CITROËN,Grand C4 SpaceTourer,2,1923,0.5127,0.0,True,False
DACIA,Duster,1,2033,0.1633,0.0,False,False
DACIA,Duster,2,2881,0.7206,0.0,True,False
DACIA,Duster,3,3151,0.7655,0.0,True,False
DACIA,Duster,4,11,0.3636,0.0,False,False
DACIA,Logan MCV,1,418,0.1148,0.0,False,False
DACIA,Logan MCV,2,1997,0.3876,0.0,False,False
DACIA,Logan MCV,3,3017,0.591,0.0,True,False
DACIA,Logan MCV,4,1,0.0,0.0,False,False
DACIA,SANDERO,1,1763,0.0125,0.0,False,False
DACIA,SANDERO,2,2013,0.2792,0.0,False,False
DACIA,SANDERO,3,1887,0.5305,0.0,True,False
DACIA,SANDERO,4,179,0.6704,0.0,True,False
DS,DS 3,1,5,0.0,0.0,False,False
DS,DS 3,2,891,0.9955,0.0,True,False
DS,DS 3,3,868,0.9217,0.0,True,False
FIAT,500,1,5775,0.0,0.0021,False,False
FIAT,500,2,4508,0.0002,0.0,False,False
FIAT,500,3,3752,0.0003,0.0,False,False
FIAT,500,4,8807,0.0162,0.0,False,False
FIAT,500 C,4,4111,0.0,0.0,False,False
FIAT,500C,1,2291,0.0,0.0,False,False
FIAT,500C,2,2281,0.0,0.0,False,False
FIAT,500C,3,2128,0.0005,0.0,False,False
FIAT,PANDA,1,335,0.0,0.0,False,False
FIAT,PANDA,2,962,0.0,0.0,False,False
FIAT,PANDA,3,1808,0.0017,0.0,False,False
FIAT,PANDA,4,6543,0.0021,0.0,False,False
FIAT,Punto S7,2,138,0.1957,0.0,False,False
FIAT,Punto S7,3,1232,0.1964,0.0,False,False
FIAT,Punto S7,4,712,0.2233,0.0,False,False
FORD,B-MAX,2,221,0.0543,0.0,False,False
FORD,B-MAX,3,1071,0.0542,0.0,False,False
FORD,B-MAX,4,730,0.2425,0.0,False,False
FORD,C-MAX,2,3665,0.2649,0.0,False,False
FORD,C-MAX,3,3288,0.3805,0.0,False,False
FORD,C-MAX,4,4504,0.6747,0.0,True,False
FORD,FIESTA,1,5723,0.2244,0.5647,False,True
FORD,FIESTA,2,12583,0.073,0.0,False,False
FORD,FIESTA,3,14961,0.0704,0.0,False,False
FORD,FIESTA,4,7042,0.1596,0.0,False,False
FORD,FIESTA 5 DØRS,2,21,0.0,0.0,False,False
FORD,FIESTA 5 DØRS,3,54,0.1296,0.0,False,False
FORD,FIESTA 5 DØRS,4,8430,0.4218,0.0,False,False
FORD,FOCUS,1,5781,0.4402,0.2285,False,False
FORD,FOCUS,2,12666,0.2883,0.0,False,False
FORD,FOCUS,3,5871,0.3246,0.0,False,False
FORD,FOCUS,4,3025,0.4714,0.0,False,False
FORD,FOCUS STATIONSVOGN,2,1,1.0,0.0,True,False
FORD,FOCUS STATIONSVOGN,3,9,0.8889,0.0,True,False
FORD,FOCUS STATIONSVOGN,4,3955,0.9259,0.0,True,False
FORD,GALAXY,1,176,0.8068,0.1932,True,False
FORD,GALAXY,2,974,0.9589,0.0,True,False
FORD,GALAXY,3,846,0.9669,0.0,True,False
FORD,GALAXY,4,2755,0.9652,0.0,True,False
FORD,KA,3,5966,0.0,0.0,False,False
FORD,KA,4,9289,0.0025,0.0,False,False
FORD,KUGA,1,18978,0.0818,0.9087,False,True
FORD,KUGA,2,2099,0.7137,0.0,True,False
FORD,KUGA,3,2584,0.3777,0.0,False,False
FORD,KUGA,4,477,0.935,0.0,True,False
FORD,MONDEO,1,1508,0.8853,0.002,True,False
FORD,MONDEO,2,6492,0.797,0.0,True,False
FORD,MONDEO,3,3589,0.7816,0.0,True,False
FORD,MONDEO,4,2593,0.9541,0.0,True,False
FORD,MONDEO STATIONCAR,1,2,1.0,0.0,True,False
FORD,MONDEO STATIONCAR,2,19,1.0,0.0,True,False
FORD,MONDEO STATIONCAR,3,56,0.8929,0.0,True,False
FORD,MONDEO STATIONCAR,4,6785,0.8635,0.0,True,False
FORD,NY Focus,3,2871,0.2832,0.0,False,False
FORD,PUMA,1,3111,0.0286,0.5921,False,True
FORD,S-MAX,1,2086,0.8509,0.1457,True,False
FORD,S-MAX,2,5847,0.8319,0.0,True,False
FORD,S-MAX,3,3206,0.8447,0.0,True,False
FORD,S-MAX,4,7104,0.8985,0.0,True,False
FORD,Transit Custom Kombi,1,1957,0.9949,0.0051,True,False
FORD,Transit Custom Kombi,2,1328,0.9992,0.0,True,False
HONDA,CIVIC,1,221,0.1719,0.0,False,False
HONDA,CIVIC,2,2283,0.4082,0.0,False,False
HONDA,CIVIC,3,3071,0.5757,0.0,True,False
HONDA,CIVIC,4,1129,0.2595,0.0,False,False
HONDA,CR-V,1,308,0.0,0.0,False,False
HONDA,CR-V,2,1248,0.496,0.0,False,False
HONDA,CR-V,3,2270,0.6419,0.0,True,False
HONDA,CR-V,4,1563,0.1177,0.0,False,False
HONDA,JAZZ,1,622,0.0,0.0,False,False
HONDA,JAZZ,2,1518,0.0,0.0,False,False
HONDA,JAZZ,3,1398,0.0,0.0,False,False
HONDA,JAZZ,4,2102,0.0,0.0,False,False
HYUNDAI,I10,1,9298,0.0,0.0,False,False
HYUNDAI,I10,2,8936,0.0,0.0,False,False
HYUNDAI,I10,3,10462,0.0,0.0,False,False
HYUNDAI,I10,4,9882,0.0001,0.0,False,False
HYUNDAI,I20,1,6749,0.0,0.0,False,False
HYUNDAI,I20,2,6029,0.0501,0.0,False,False
HYUNDAI,I20,3,10386,0.149,0.0,False,False
HYUNDAI,I20,4,9847,0.0768,0.0,False,False
HYUNDAI,I30,1,1132,0.0415,0.0,False,False
HYUNDAI,I30,2,1941,0.2653,0.0,False,False
HYUNDAI,I30,3,3226,0.6671,0.0,True,False
HYUNDAI,I30,4,7785,0.8073,0.0,True,False
HYUNDAI,I30CW,2,348,0.3621,0.0,False,False
HYUNDAI,I30CW,3,2129,0.7778,0.0,True,False
HYUNDAI,I30CW,4,4226,0.8796,0.0,True,False
HYUNDAI,I40,2,280,0.8321,0.0,True,False
HYUNDAI,I40,3,1525,0.9659,0.0,True,False
HYUNDAI,I40,4,1290,0.8806,0.0,True,False
HYUNDAI,IX20,2,440,0.0614,0.0,False,False
HYUNDAI,IX20,3,845,0.0509,0.0,False,False
HYUNDAI,IX20,4,675,0.4933,0.0,False,False
HYUNDAI,Ioniq,1,1765,0.0,0.4431,False,True
HYUNDAI,Ioniq,2,1929,0.0,0.4878,False,True
HYUNDAI,Ioniq,3,18,0.0,0.0556,False,False
HYUNDAI,KONA,1,9554,0.0098,0.0,False,False
HYUNDAI,KONA,2,3645,0.085,0.0,False,False
HYUNDAI,Tucson,1,3891,0.1665,0.5132,False,True
HYUNDAI,Tucson,2,2177,0.6711,0.0,True,False
HYUNDAI,Tucson,3,571,0.9527,0.0,True,False
HYUNDAI,i10 AC3,1,1669,0.0,0.0,False,False
HYUNDAI,i30 Stc.,1,1908,0.0341,0.0,False,False
HYUNDAI,i30 Stc.,2,1820,0.2549,0.0,False,False
HYUNDAI,i30 Stc.,3,1,1.0,0.0,True,False
KIA,CEE'D SW,3,4,0.5,0.0,False,False
KIA,CEE'D SW,4,4765,0.8348,0.0,True,False
KIA,CEED,1,12988,0.0164,0.3958,False,True
KIA,CEED,2,4837,0.4031,0.0,False,False
KIA,CEED,3,4751,0.5397,0.0,True,False
KIA,CEED,4,3368,0.6306,0.0,True,False
KIA,CEED SW,1,50,0.0,0.86,False,True
KIA,Niro,1,8204,0.0,0.4629,False,True
KIA,Niro,2,4436,0.0,0.8922,False,True
KIA,Niro,3,15,0.0,1.0,False,True
KIA,Optima,1,618,0.0,0.9644,False,True
KIA,Optima,2,2170,0.118,0.8567,False,True
KIA,Optima,3,289,0.699,0.0035,True,False
KIA,PICANTO,1,4137,0.0,0.0,False,False
KIA,PICANTO,2,6761,0.0,0.0,False,False
KIA,PICANTO,3,13060,0.0,0.0,False,False
KIA,PICANTO,4,14194,0.0001,0.0,False,False
KIA,RIO,1,1252,0.0,0.0,False,False
KIA,RIO,2,5221,0.0532,0.0,False,False
KIA,RIO,3,11574,0.1363,0.0,False,False
KIA,RIO,4,7337,0.2641,0.0,False,False
KIA,SPORTAGE,1,2496,0.3033,0.482,False,True
KIA,SPORTAGE,2,2155,0.8218,0.0,True,False
KIA,SPORTAGE,3,690,0.4609,0.0,False,False
KIA,SPORTAGE,4,401,0.7082,0.0,True,False
KIA,Stonic,1,1159,0.0362,0.0,False,False
KIA,Stonic,2,1731,0.0867,0.0,False,False
KIA,VENGA,1,1,0.0,0.0,False,False
KIA,VENGA,2,365,0.1096,0.0,False,False
KIA,VENGA,3,1213,0.1739,0.0,False,False
KIA,VENGA,4,1582,0.5518,0.0,True,False
KIA,XCeed,1,3460,0.0416,0.6962,False,True
KIA,XCeed,2,105,0.1524,0.0,False,False
MAZDA,2,1,3,0.0,0.0,False,False
MAZDA,2,2,3,0.0,0.0,False,False
MAZDA,2,3,2103,0.0,0.0,False,False
MAZDA,2,4,1136,0.0097,0.0,False,False
MAZDA,3,1,1,0.0,0.0,False,False
MAZDA,3,2,5,0.0,0.0,False,False
MAZDA,3,3,3189,0.1214,0.0,False,False
MAZDA,3,4,1620,0.313,0.0,False,False
MAZDA,CX-3,1,4,0.0,0.0,False,False
MAZDA,CX-3,2,3913,0.0434,0.0,False,False
MAZDA,CX-3,3,1902,0.0594,0.0,False,False
MAZDA,CX-5,1,3145,0.0442,0.0,False,False
MAZDA,CX-5,2,3719,0.2842,0.0,False,False
MAZDA,CX-5,3,1640,0.5213,0.0,True,False
MAZDA,CX-5,4,651,0.4132,0.0,False,False
MAZDA,MAZDA2,1,1336,0.0,0.0,False,False
MAZDA,MAZDA2,2,3235,0.0,0.0,False,False
MAZDA,MAZDA2,3,1240,0.0016,0.0,False,False
MAZDA,MAZDA2,4,3677,0.13,0.0,False,False
MAZDA,MAZDA3,1,1680,0.0155,0.0,False,False
MAZDA,MAZDA3,2,3353,0.0808,0.0,False,False
MAZDA,MAZDA3,3,777,0.1351,0.0,False,False
MAZDA,MAZDA3,4,927,0.5081,0.0,True,False
MAZDA,MAZDA6,1,190,0.1684,0.0,False,False
MAZDA,MAZDA6,2,3139,0.33,0.0,False,False
MAZDA,MAZDA6,3,3152,0.5016,0.0,True,False
MAZDA,MAZDA6,4,4935,0.3998,0.0,False,False
MAZDA,Mazda CX-30,1,3256,0.0052,0.0,False,False
MAZDA,Mazda CX-30,2,920,0.1043,0.0,False,False
MERCEDES-BENZ,A-Klasse,1,12406,0.3577,0.0,False,False
MERCEDES-BENZ,A-Klasse,2,13105,0.4767,0.0,False,False
MERCEDES-BENZ,A-Klasse,3,3666,0.8317,0.0,True,False
MERCEDES-BENZ,A-Klasse,4,1024,0.8184,0.0,True,False
MERCEDES-BENZ,B-Klasse,1,1455,0.4756,0.0,False,False
MERCEDES-BENZ,B-Klasse,2,2514,0.5732,0.0,True,False
MERCEDES-BENZ,B-Klasse,3,1866,0.8328,0.0,True,False
MERCEDES-BENZ,B-Klasse,4,920,0.8728,0.0,True,False
MERCEDES-BENZ,C,1,240,0.7042,0.0,True,False
MERCEDES-BENZ,C,2,1081,0.5643,0.0,True,False
MERCEDES-BENZ,C,3,857,0.6651,0.0,True,False
MERCEDES-BENZ,C,4,3242,0.8131,0.0,True,False
MERCEDES-BENZ,C-Klasse,1,14916,0.745,0.0,True,False
MERCEDES-BENZ,C-Klasse,2,19417,0.7941,0.0,True,False
MERCEDES-BENZ,C-Klasse,3,7473,0.7578,0.0021,True,False
MERCEDES-BENZ,C-Klasse,4,2312,0.936,0.0,True,False
MERCEDES-BENZ,CLA,1,4877,0.4632,0.0,False,False
MERCEDES-BENZ,CLA,2,3662,0.4885,0.0,False,False
MERCEDES-BENZ,CLA,3,1780,0.6118,0.0,True,False
MERCEDES-BENZ,CLA,4,55,0.3091,0.0,False,False
MERCEDES-BENZ,E,1,359,0.8774,0.0,True,False
MERCEDES-BENZ,E,2,908,0.7941,0.0011,True,False
MERCEDES-BENZ,E,3,353,0.7932,0.0113,True,False
MERCEDES-BENZ,E,4,2963,0.9237,0.0007,True,False
MERCEDES-BENZ,E-Klasse,1,6995,0.7318,0.0,True,False
MERCEDES-BENZ,E-Klasse,2,11481,0.8485,0.0,True,False
MERCEDES-BENZ,E-Klasse,3,4567,0.9442,0.0094,True,False
MERCEDES-BENZ,E-Klasse,4,1791,0.9537,0.0447,True,False
MERCEDES-BENZ,GLA,1,3910,0.4251,0.0,False,False
MERCEDES-BENZ,GLA,2,1416,0.226,0.0,False,False
MERCEDES-BENZ,GLA,3,714,0.5742,0.0,True,False
MERCEDES-BENZ,GLA,4,8,0.0,0.0,False,False
MERCEDES-BENZ,GLB,1,8153,0.8262,0.0,True,False
MERCEDES-BENZ,GLC,1,4579,0.8054,0.0,True,False
MERCEDES-BENZ,GLC,2,4695,0.6294,0.0,True,False
MERCEDES-BENZ,GLC,3,1223,0.785,0.0,True,False
MERCEDES-BENZ,GLE,1,3865,0.8937,0.0,True,False
MERCEDES-BENZ,GLE,2,1173,0.7894,0.0,True,False
MERCEDES-BENZ,GLE,3,774,0.739,0.0,True,False
MINI,COOPER,1,4464,0.0,0.0,False,False
MINI,COOPER,2,3505,0.0023,0.0,False,False
MINI,COOPER,3,1235,0.0032,0.0,False,False
MINI,COOPER,4,362,0.0801,0.0,False,False
MITSUBISHI,ASX,1,2,0.0,0.0,False,False
MITSUBISHI,ASX,2,1068,0.0318,0.0,False,False
MITSUBISHI,ASX,3,2858,0.0672,0.0,False,False
MITSUBISHI,ASX,4,124,0.5968,0.0,True,False
MITSUBISHI,COLT,3,2,0.0,0.0,False,False
MITSUBISHI,COLT,4,2770,0.0,0.0,False,False
MITSUBISHI,OUTLANDER,1,1685,0.0,0.9507,False,True
MITSUBISHI,OUTLANDER,2,984,0.0681,0.7612,False,True
MITSUBISHI,OUTLANDER,3,358,0.7067,0.0531,True,False
MITSUBISHI,OUTLANDER,4,310,0.9097,0.0129,True,False
MITSUBISHI,SPACE STAR,1,396,0.0,0.0,False,False
MITSUBISHI,SPACE STAR,2,1828,0.0,0.0,False,False
MITSUBISHI,SPACE STAR,3,6077,0.0,0.0,False,False
MITSUBISHI,SPACE STAR,4,4,0.25,0.0,False,False
NISSAN,JUKE,1,1714,0.0,0.0,False,False
NISSAN,JUKE,2,560,0.0911,0.0,False,False
NISSAN,JUKE,3,1431,0.2844,0.0,False,False
NISSAN,JUKE,4,1321,0.3664,0.0,False,False
NISSAN,MICRA,1,723,0.0028,0.0,False,False
NISSAN,MICRA,2,2510,0.1737,0.0,False,False
NISSAN,MICRA,3,3212,0.0,0.0,False,False
NISSAN,MICRA,4,3455,0.0023,0.0,False,False
NISSAN,NOTE,2,363,0.0165,0.0,False,False
NISSAN,NOTE,3,3777,0.1795,0.0,False,False
NISSAN,NOTE,4,2672,0.2987,0.0,False,False
NISSAN,QASHQAI,1,15109,0.0926,0.0,False,False
NISSAN,QASHQAI,2,29094,0.3601,0.0,False,False
NISSAN,QASHQAI,3,8457,0.4991,0.0,False,False
NISSAN,QASHQAI,4,6386,0.6353,0.0,True,False
NISSAN,Qashqai J11A,2,1,0.0,0.0,False,False
NISSAN,Qashqai J11A,3,3366,0.6358,0.0,True,False
NISSAN,X-TRAIL,1,533,0.2852,0.0,False,False
NISSAN,X-TRAIL,2,2214,0.6644,0.0,True,False
NISSAN,X-TRAIL,3,1601,0.8738,0.0,True,False
NISSAN,X-TRAIL,4,20,0.95,0.0,True,False
OPEL,ASTRA,1,787,0.4066,0.1309,False,False
OPEL,ASTRA,2,10324,0.2708,0.0,False,False
OPEL,ASTRA,3,8280,0.3551,0.0,False,False
OPEL,ASTRA,4,4302,0.3826,0.0,False,False
OPEL,ASTRA SPORTS TOURER,1,5,0.8,0.0,True,False
OPEL,ASTRA SPORTS TOURER,2,105,0.8952,0.0,True,False
OPEL,ASTRA SPORTS TOURER,3,162,0.9074,0.0,True,False
OPEL,ASTRA SPORTS TOURER,4,2340,0.5859,0.0,True,False
OPEL,CORSA,1,13524,0.1189,0.0,False,False
OPEL,CORSA,2,7242,0.0353,0.0,False,False
OPEL,CORSA,3,9113,0.1286,0.0,False,False
OPEL,CORSA,4,15135,0.3062,0.0,False,False
OPEL,Crossland X,1,2897,0.0162,0.0,False,False
OPEL,Crossland X,2,4765,0.1075,0.0,False,False
OPEL,Grandland X,1,1868,0.2243,0.1611,False,False
OPEL,Grandland X,2,3149,0.4973,0.0,False,False
OPEL,INSIGNIA,1,242,0.9132,0.0,True,False
OPEL,INSIGNIA,2,5772,0.4331,0.0,False,False
OPEL,INSIGNIA,3,4051,0.8605,0.0,True,False
OPEL,INSIGNIA,4,3212,0.7979,0.0,True,False
OPEL,KARL,2,5789,0.0,0.0,False,False
OPEL,KARL,3,7743,0.0,0.0,False,False
OPEL,MERIVA,2,60,0.0,0.0,False,False
OPEL,MERIVA,3,1304,0.0828,0.0,False,False
OPEL,MERIVA,4,2441,0.2675,0.0,False,False
OPEL,Mokka,1,2617,0.0245,0.0,False,False
OPEL,Mokka,2,8,0.5,0.0,False,False
OPEL,Mokka,3,1911,0.3475,0.0,False,False
OPEL,Mokka,4,197,0.4213,0.0,False,False
OPEL,ZAFIRA,1,1,0.0,0.0,False,False
OPEL,ZAFIRA,2,569,0.4236,0.0,False,False
OPEL,ZAFIRA,3,1162,0.5422,0.0,True,False
OPEL,ZAFIRA,4,1266,0.6825,0.0,True,False
PEUGEOT,107,3,3293,0.0,0.0,False,False
PEUGEOT,107,4,17547,0.0003,0.0,False,False
PEUGEOT,108,1,4865,0.0,0.0,False,False
PEUGEOT,108,2,6871,0.0,0.0,False,False
PEUGEOT,108,3,15262,0.0,0.0,False,False
PEUGEOT,2008,1,9204,0.2537,0.0,False,False
PEUGEOT,2008,2,9990,0.5553,0.0,True,False
PEUGEOT,2008,3,4899,0.3146,0.0,False,False
PEUGEOT,2008,4,830,0.3277,0.0,False,False
PEUGEOT,206 +,4,7889,0.7829,0.0,True,False
PEUGEOT,207,3,2,0.0,0.0,False,False
PEUGEOT,207,4,7394,0.8618,0.0,True,False
PEUGEOT,208,1,20671,0.1647,0.0,False,False
PEUGEOT,208,2,29903,0.705,0.0,True,False
PEUGEOT,208,3,24042,0.4754,0.0,False,False
PEUGEOT,208,4,8304,0.2822,0.0,False,False
PEUGEOT,3008,1,9023,0.308,0.6468,False,True
PEUGEOT,3008,2,9770,0.7108,0.0002,True,False
PEUGEOT,3008,3,1535,0.8547,0.0013,True,False
PEUGEOT,3008,4,2630,0.9688,0.0,True,False
PEUGEOT,308,1,2574,0.7471,0.1601,True,False
PEUGEOT,308,2,10276,0.8287,0.0,True,False
PEUGEOT,308,3,15755,0.8984,0.0,True,False
PEUGEOT,308,4,7272,0.8756,0.0,True,False
PEUGEOT,5008,1,2143,0.9076,0.0,True,False
PEUGEOT,5008,2,4599,0.7495,0.0,True,False
PEUGEOT,5008,3,700,0.9229,0.0,True,False
PEUGEOT,5008,4,2507,0.9749,0.0,True,False
PEUGEOT,508,1,4810,0.5923,0.3647,True,True
PEUGEOT,508,2,1457,0.8291,0.0014,True,False
PEUGEOT,508,3,1022,0.956,0.001,True,False
PEUGEOT,508,4,4979,0.9661,0.0002,True,False
RENAULT,CLIO,1,10667,0.036,0.0,False,False
RENAULT,CLIO,2,972,0.1121,0.0,False,False
RENAULT,CLIO,3,191,0.8429,0.0,True,False
RENAULT,CLIO,4,4790,0.5088,0.0,True,False
RENAULT,Captur,1,9743,0.0428,0.0084,False,False
RENAULT,Captur,2,11055,0.3099,0.0,False,False
RENAULT,Captur,3,9251,0.4148,0.0,False,False
RENAULT,Captur,4,1036,0.4006,0.0,False,False
RENAULT,GRAND SCENIC,1,434,0.871,0.0,True,False
RENAULT,GRAND SCENIC,2,3792,0.6975,0.0,True,False
RENAULT,GRAND SCENIC,3,2254,0.9938,0.0,True,False
RENAULT,GRAND SCENIC,4,5461,0.9361,0.0,True,False
RENAULT,Kadjar,1,1016,0.4715,0.0,False,False
RENAULT,Kadjar,2,5264,0.6166,0.0,True,False
RENAULT,Kadjar,3,3054,0.8579,0.0,True,False
RENAULT,MEGANE,1,3650,0.1447,0.0055,False,False
RENAULT,MEGANE,2,7298,0.6673,0.0,True,False
RENAULT,MEGANE,3,4558,0.8348,0.0,True,False
RENAULT,MEGANE,4,2684,0.9087,0.0,True,False
RENAULT,MEGANE SPORT TOURER,1,3,0.3333,0.0,False,False
RENAULT,MEGANE SPORT TOURER,2,19,0.9474,0.0,True,False
RENAULT,MEGANE SPORT TOURER,3,38,1.0,0.0,True,False
RENAULT,MEGANE SPORT TOURER,4,3517,0.8837,0.0,True,False
RENAULT,Ny Clio,1,1160,0.0034,0.0,False,False
RENAULT,Ny Clio,2,19630,0.3172,0.0,False,False
RENAULT,Ny Clio,3,14284,0.5007,0.0,True,False
RENAULT,Ny Clio,4,5981,0.5551,0.0,True,False
RENAULT,SCENIC,1,15,0.5333,0.0,True,False
RENAULT,SCENIC,2,1126,0.6528,0.0,True,False
RENAULT,SCENIC,3,392,0.9082,0.0,True,False
RENAULT,SCENIC,4,1985,0.7728,0.0,True,False
RENAULT,TWINGO,1,146,0.0,0.0,False,False
RENAULT,TWINGO,2,736,0.0,0.0,False,False
RENAULT,TWINGO,3,3321,0.0084,0.0,False,False
RENAULT,TWINGO,4,5250,0.2295,0.0,False,False
SEAT,Arona,1,2915,0.0086,0.0,False,False
SEAT,Arona,2,2669,0.1645,0.0,False,False
SEAT,Ateca,1,1751,0.0514,0.0,False,False
SEAT,Ateca,2,1795,0.2061,0.0,False,False
SEAT,Ateca,3,215,0.1581,0.0,False,False
SEAT,IBIZA,1,2434,0.0,0.0,False,False
SEAT,IBIZA,2,3451,0.0075,0.0,False,False
SEAT,IBIZA,3,1530,0.4281,0.0,False,False
SEAT,IBIZA,4,3843,0.5472,0.0,True,False
SEAT,Ibiza GP2,2,495,0.0545,0.0,False,False
SEAT,Ibiza GP2,3,1785,0.1053,0.0,False,False
SEAT,LEON,1,5926,0.0748,0.2074,False,False
SEAT,LEON,2,5924,0.2129,0.0,False,False
SEAT,LEON,3,3468,0.3919,0.0,False,False
SEAT,LEON,4,1479,0.5024,0.0,True,False
SEAT,MII,1,257,0.0,0.0,False,False
SEAT,MII,2,2716,0.0,0.0,False,False
SEAT,MII,3,5971,0.0,0.0,False,False
SEAT,MII,4,4442,0.0,0.0,False,False
SEAT,TOLEDO,2,867,0.0161,0.0,False,False
SEAT,TOLEDO,3,1778,0.0956,0.0,False,False
SEAT,TOLEDO,4,334,0.1497,0.0,False,False
SKODA,CITIGO,1,264,0.0,0.0,False,False
SKODA,CITIGO,2,8829,0.0,0.0,False,False
SKODA,CITIGO,3,12135,0.0,0.0,False,False
SKODA,CITIGO,4,10500,0.0,0.0,False,False
SKODA,FABIA,1,8635,0.0,0.0,False,False
SKODA,FABIA,2,12869,0.0014,0.0,False,False
SKODA,FABIA,3,7834,0.0234,0.0,False,False
SKODA,FABIA,4,2763,0.2374,0.0,False,False
SKODA,FABIA COMBI,1,4,0.0,0.0,False,False
SKODA,FABIA COMBI,2,40,0.2,0.0,False,False
SKODA,FABIA COMBI,3,1819,0.0759,0.0,False,False
SKODA,FABIA COMBI,4,8314,0.3414,0.0,False,False
SKODA,KAMIQ,1,6331,0.0163,0.0,False,False
SKODA,KAMIQ,2,65,0.0,0.0,False,False
SKODA,KAROQ,1,3062,0.1943,0.0,False,False
SKODA,KAROQ,2,2491,0.2794,0.0,False,False
SKODA,KODIAQ,1,3613,0.6474,0.0,True,False
SKODA,KODIAQ,2,2780,0.6392,0.0,True,False
SKODA,KODIAQ,3,9,0.2222,0.0,False,False
SKODA,OCTAVIA,1,12113,0.3575,0.1833,False,False
SKODA,OCTAVIA,2,18182,0.2886,0.0,False,False
SKODA,OCTAVIA,3,8087,0.372,0.0,False,False
SKODA,OCTAVIA,4,4982,0.458,0.0,False,False
SKODA,OCTAVIA COMBI,1,41,0.0732,0.7073,False,True
SKODA,OCTAVIA COMBI,2,145,0.5931,0.0,True,False
SKODA,OCTAVIA COMBI,3,6906,0.4858,0.0,False,False
SKODA,OCTAVIA COMBI,4,5441,0.5503,0.0,True,False
SKODA,RAPID,2,1202,0.0017,0.0,False,False
SKODA,RAPID,3,1543,0.0888,0.0,False,False
SKODA,RAPID,4,588,0.1088,0.0,False,False
SKODA,RAPID SPACEBACK,2,1212,0.0,0.0,False,False
SKODA,RAPID SPACEBACK,3,1420,0.0556,0.0,False,False
SKODA,RAPID SPACEBACK,4,95,0.0211,0.0,False,False
SKODA,SCALA,1,3217,0.0858,0.0,False,False
SKODA,SCALA,2,777,0.2111,0.0,False,False
SKODA,SUPERB,1,3525,0.6942,0.0899,True,False
SKODA,SUPERB,2,5121,0.4593,0.0004,False,False
SKODA,SUPERB,3,1707,0.6421,0.0,True,False
SKODA,SUPERB,4,777,0.6911,0.0,True,False
SKODA,SUPERB COMBI,1,620,0.0048,0.9742,False,True
SKODA,SUPERB COMBI,2,68,0.8529,0.0,True,False
SKODA,SUPERB COMBI,3,1023,0.9316,0.0,True,False
SKODA,SUPERB COMBI,4,3941,0.8178,0.0,True,False
SUZUKI,ALTO,3,1345,0.0,0.0,False,False
SUZUKI,ALTO,4,7428,0.0,0.0,False,False
SUZUKI,BALENO,1,1042,0.0,0.0192,False,False
SUZUKI,BALENO,2,7001,0.0,0.0713,False,False
SUZUKI,BALENO,3,1691,0.0,0.0,False,False
SUZUKI,Celerio,1,359,0.0,0.0,False,False
SUZUKI,Celerio,2,3913,0.0,0.0,False,False
SUZUKI,Celerio,3,4899,0.0,0.0,False,False
SUZUKI,IGNIS,1,3621,0.0,0.9105,False,True
SUZUKI,IGNIS,2,4221,0.0,0.0955,False,False
SUZUKI,IGNIS,3,1,0.0,0.0,False,False
SUZUKI,IGNIS,4,5,0.0,0.0,False,False
SUZUKI,SPLASH,3,1116,0.0,0.0,False,False
SUZUKI,SPLASH,4,5426,0.0265,0.0,False,False
SUZUKI,SWIFT,1,5573,0.0,0.962,False,True
SUZUKI,SWIFT,2,5149,0.0,0.3517,False,True
SUZUKI,SWIFT,3,6093,0.0,0.0,False,False
SUZUKI,SWIFT,4,9998,0.0461,0.0,False,False
SUZUKI,SX4,2,3,0.0,0.0,False,False
SUZUKI,SX4,3,535,0.0,0.0,False,False
SUZUKI,SX4,4,1639,0.0824,0.0,False,False
SUZUKI,SX4 COMBIBACK,4,2973,0.0471,0.0,False,False
SUZUKI,SX4 S-Cross,1,2530,0.0,0.7522,False,True
SUZUKI,SX4 S-Cross,2,4206,0.0002,0.0,False,False
SUZUKI,SX4 S-Cross,3,3150,0.1029,0.0,False,False
SUZUKI,SX4 S-Cross,4,457,0.1947,0.0,False,False
SUZUKI,VITARA,1,3475,0.0,0.5868,False,True
SUZUKI,VITARA,2,4219,0.0967,0.0,False,False
SUZUKI,VITARA,3,3889,0.1401,0.0,False,False
TOYOTA,AURIS,2,5507,0.0098,0.8763,False,True
TOYOTA,AURIS,3,5703,0.064,0.6111,False,True
TOYOTA,AURIS,4,3134,0.2766,0.1171,False,False
TOYOTA,AVENSIS,2,2309,0.0381,0.0,False,False
TOYOTA,AVENSIS,3,5059,0.2149,0.0,False,False
TOYOTA,AVENSIS,4,3535,0.3259,0.0,False,False
TOYOTA,AVENSIS STW,2,1,1.0,0.0,True,False
TOYOTA,AVENSIS STW,3,10,0.8,0.0,True,False
TOYOTA,AVENSIS STW,4,7426,0.3921,0.0,False,False
TOYOTA,AYGO,1,9014,0.0,0.0,False,False
TOYOTA,AYGO,2,13781,0.0,0.0,False,False
TOYOTA,AYGO,3,16495,0.0,0.0,False,False
TOYOTA,AYGO,4,11019,0.0,0.0,False,False
TOYOTA,AYGO 3/5-DØRS,1,2,0.0,0.0,False,False
TOYOTA,AYGO 3/5-DØRS,3,47,0.0,0.0,False,False
TOYOTA,AYGO 3/5-DØRS,4,7168,0.0,0.0,False,False
TOYOTA,AYGO 5-DØRS,1,1,0.0,0.0,False,False
TOYOTA,AYGO 5-DØRS,2,3,0.0,0.0,False,False
TOYOTA,AYGO 5-DØRS,3,52,0.0,0.0,False,False
TOYOTA,AYGO 5-DØRS,4,4322,0.0,0.0,False,False
TOYOTA,Aygo X,1,3585,0.0,0.0,False,False
TOYOTA,COROLLA,1,8409,0.0,0.9905,False,True
TOYOTA,COROLLA,2,3192,0.0003,0.885,False,True
TOYOTA,COROLLA,3,5,0.2,0.0,False,False
TOYOTA,COROLLA,4,53,0.8491,0.0,True,False
TOYOTA,RAV4,1,4702,0.0,0.8903,False,True
TOYOTA,RAV4,2,5371,0.051,0.8149,False,True
TOYOTA,RAV4,3,1017,0.6342,0.3147,True,True
TOYOTA,RAV4,4,235,0.8809,0.0,True,False
TOYOTA,RAV4 Plug in,1,3809,0.0,1.0,False,True
TOYOTA,RAV4 Plug in,2,4,0.0,1.0,False,True
TOYOTA,Toyota C-HR,1,5766,0.0,0.9998,False,True
TOYOTA,Toyota C-HR,2,5886,0.0,0.9611,False,True
TOYOTA,VERSO,2,1262,0.0475,0.0,False,False
TOYOTA,VERSO,3,2622,0.3276,0.0,False,False
TOYOTA,VERSO,4,3655,0.4328,0.0,False,False
TOYOTA,YARIS,1,14288,0.0,0.6951,False,True
TOYOTA,YARIS,2,18586,0.003,0.5272,False,True
TOYOTA,YARIS,3,13993,0.0198,0.3498,False,True
TOYOTA,YARIS,4,5315,0.1396,0.0006,False,False
TOYOTA,YARIS 5-DØRS,2,2,0.5,0.0,False,False
TOYOTA,YARIS 5-DØRS,3,112,0.0089,0.0,False,False
TOYOTA,YARIS 5-DØRS,4,5729,0.3006,0.0,False,False
TOYOTA,Yaris Cross,1,2735,0.0,1.0,False,True
VOLKSWAGEN,CADDY,1,332,0.4458,0.0,False,False
VOLKSWAGEN,CADDY,2,614,0.3013,0.0,False,False
VOLKSWAGEN,CADDY,3,684,0.2661,0.0,False,False
VOLKSWAGEN,CADDY,4,2829,0.3171,0.0,False,False
VOLKSWAGEN,CALIFORNIA,1,1007,1.0,0.0,True,False
VOLKSWAGEN,CALIFORNIA,2,509,0.9725,0.0,True,False
VOLKSWAGEN,CALIFORNIA,3,94,0.9468,0.0,True,False
VOLKSWAGEN,CALIFORNIA,4,64,1.0,0.0,True,False
VOLKSWAGEN,GOLF,1,6063,0.1044,0.0676,False,False
VOLKSWAGEN,GOLF,2,23016,0.1681,0.005,False,False
VOLKSWAGEN,GOLF,3,11699,0.2787,0.0288,False,False
VOLKSWAGEN,GOLF,4,12143,0.5107,0.0,True,False
VOLKSWAGEN,GOLF VARIANT,1,1364,0.1004,0.0,False,False
VOLKSWAGEN,GOLF VARIANT,2,35,0.8286,0.0,True,False
VOLKSWAGEN,GOLF VARIANT,3,2355,0.4879,0.0,False,False
VOLKSWAGEN,GOLF VARIANT,4,2288,0.6119,0.0,True,False
VOLKSWAGEN,Golf Sportsvan,1,876,0.04,0.0,False,False
VOLKSWAGEN,Golf Sportsvan,2,3252,0.1012,0.0,False,False
VOLKSWAGEN,Golf Sportsvan,3,2550,0.3012,0.0,False,False
VOLKSWAGEN,PASSAT,1,1777,0.2133,0.2026,False,False
VOLKSWAGEN,PASSAT,2,21042,0.3916,0.0067,False,False
VOLKSWAGEN,PASSAT,3,10449,0.6825,0.0191,True,False
VOLKSWAGEN,PASSAT,4,3727,0.7913,0.0,True,False
VOLKSWAGEN,PASSAT VARIANT,1,8895,0.2673,0.2965,False,False
VOLKSWAGEN,PASSAT VARIANT,2,615,0.522,0.078,True,False
VOLKSWAGEN,PASSAT VARIANT,3,1625,0.9157,0.0031,True,False
VOLKSWAGEN,PASSAT VARIANT,4,7074,0.8526,0.0,True,False
VOLKSWAGEN,POLO,1,14389,0.0092,0.0,False,False
VOLKSWAGEN,POLO,2,24141,0.0575,0.0,False,False
VOLKSWAGEN,POLO,3,15583,0.1729,0.0,False,False
VOLKSWAGEN,POLO,4,14517,0.5323,0.0,True,False
VOLKSWAGEN,T-Cross,1,10302,0.009,0.0,False,False
VOLKSWAGEN,T-Cross,2,3254,0.0817,0.0,False,False
VOLKSWAGEN,T-Roc,1,12110,0.0575,0.0,False,False
VOLKSWAGEN,T-Roc,2,8166,0.1585,0.0,False,False
VOLKSWAGEN,TIGUAN,1,5012,0.3793,0.0233,False,False
VOLKSWAGEN,TIGUAN,2,13078,0.6904,0.0,True,False
VOLKSWAGEN,TIGUAN,3,1383,0.8286,0.0,True,False
VOLKSWAGEN,TIGUAN,4,973,0.7924,0.0,True,False
VOLKSWAGEN,TOURAN,1,7524,0.2911,0.0,False,False
VOLKSWAGEN,TOURAN,2,17456,0.5186,0.0,True,False
VOLKSWAGEN,TOURAN,3,6679,0.658,0.0,True,False
VOLKSWAGEN,TOURAN,4,5771,0.7831,0.0,True,False
VOLKSWAGEN,UP!,1,4210,0.0,0.0,False,False
VOLKSWAGEN,UP!,2,17999,0.0,0.0,False,False
VOLKSWAGEN,UP!,3,25991,0.0,0.0,False,False
VOLKSWAGEN,UP!,4,24135,0.0,0.0,False,False
VOLVO,V40,1,50,0.54,0.0,True,False
VOLVO,V40,2,1745,0.6321,0.0,True,False
VOLVO,V40,3,1681,0.8192,0.0,True,False
VOLVO,V40,4,811,0.815,0.0,True,False
VOLVO,V50,4,1976,0.8998,0.0,True,False
VOLVO,V60,1,8400,0.4818,0.0002,False,False
VOLVO,V60,2,6899,0.8853,0.0,True,False
VOLVO,V60,3,1879,0.8999,0.0048,True,False
VOLVO,V60,4,1787,0.9088,0.0022,True,False
VOLVO,V70,2,3,1.0,0.0,True,False
VOLVO,V70,3,985,0.8934,0.0,True,False
VOLVO,V70,4,1698,0.8392,0.0,True,False
VOLVO,V90,1,1790,0.3626,0.0324,False,False
VOLVO,V90,2,3049,0.8062,0.0,True,False
VOLVO,V90,3,458,0.8843,0.0,True,False
VOLVO,XC40,1,9581,0.0828,0.0078,False,False
VOLVO,XC40,2,3297,0.6027,0.0,True,False
VOLVO,XC60,1,5949,0.4317,0.0094,False,False
VOLVO,XC60,2,7409,0.7492,0.0004,True,False
VOLVO,XC60,3,3190,0.9655,0.0,True,False
VOLVO,XC60,4,1920,0.9661,0.0,True,False
VOLVO,XC90,1,1252,0.2788,0.0607,False,False
VOLVO,XC90,2,2431,0.7635,0.0004,True,False
VOLVO,XC90,3,3141,0.8762,0.0,True,False
VOLVO,XC90,4,430,0.9605,0.0,True,False
