dmr_make,dmr_model,age_band,strata_merged,n_tests,pass_rate,reference_weight
VOLVO,V60,3,1+2,50,0.86,0.0336
VOLVO,V60,3,3,880,0.7341,0.1888
VOLVO,V60,3,4,4306,0.6475,0.335
VOLVO,V60,3,5,5241,0.5697,0.277
VOLVO,V60,3,6,3476,0.4822,0.1657
VOLVO,V40,3,1+2,246,0.813,0.0336
VOLVO,V40,3,3,2524,0.6886,0.1888
VOLVO,V40,3,4,5753,0.588,0.335
VOLVO,V40,3,5,3553,0.508,0.277
VOLVO,V40,3,6,1318,0.4021,0.1657
TOYOTA,YARIS 5-DØRS,1,1+2,9582,0.8508,0.2591
TOYOTA,YARIS 5-DØRS,1,3,6544,0.7399,0.5561
TOYOTA,YARIS 5-DØRS,1,4,654,0.5657,0.1477
TOYOTA,YARIS 5-DØRS,1,5,74,0.4189,0.0239
TOYOTA,YARIS 5-DØRS,1,6,28,0.5357,0.0132
CITROËN,C 1,4,1+2,59,0.5254,0.0128
CITROËN,C 1,4,3,412,0.3835,0.0879
CITROËN,C 1,4,4,468,0.2778,0.2053
CITROËN,C 1,4,5+6,180,0.2111,0.694
SKODA,KODIAQ,2,2+3,432,0.8426,0.4388
SKODA,KODIAQ,2,4,1017,0.8033,0.3855
SKODA,KODIAQ,2,5,479,0.785,0.1301
SKODA,KODIAQ,2,6,177,0.6723,0.0455
NISSAN,MICRA,3,2,156,0.7179,0.0334
NISSAN,MICRA,3,3,431,0.5336,0.1888
NISSAN,MICRA,3,4,222,0.3784,0.335
NISSAN,MICRA,3,5+6,62,0.4032,0.4426
VOLKSWAGEN,GOLF,3,1+2,1319,0.7938,0.0336
VOLKSWAGEN,GOLF,3,3,9444,0.6619,0.1888
VOLKSWAGEN,GOLF,3,4,16416,0.5709,0.335
VOLKSWAGEN,GOLF,3,5,9691,0.5102,0.277
VOLKSWAGEN,GOLF,3,6,3737,0.4466,0.1657
BMW,3-Serie,4,1+2,48,0.8333,0.0128
BMW,3-Serie,4,3,461,0.5466,0.0879
BMW,3-Serie,4,4,1770,0.4017,0.2053
BMW,3-Serie,4,5,3207,0.3124,0.2881
BMW,3-Serie,4,6,5149,0.2525,0.406
VOLKSWAGEN,TOURAN,4,1+2+3,211,0.6351,0.1007
VOLKSWAGEN,TOURAN,4,4,1022,0.4335,0.2053
VOLKSWAGEN,TOURAN,4,5,3090,0.3576,0.2881
VOLKSWAGEN,TOURAN,4,6,6091,0.2796,0.406
VOLVO,XC90,4,1+3+4,49,0.5714,0.2936
VOLVO,XC90,4,5,270,0.3926,0.2881
VOLVO,XC90,4,6,1506,0.3154,0.406
KIA,SPORTAGE,3,2,142,0.6901,0.0334
KIA,SPORTAGE,3,3,1219,0.4979,0.1888
KIA,SPORTAGE,3,4,2993,0.3902,0.335
KIA,SPORTAGE,3,5,2425,0.3278,0.277
KIA,SPORTAGE,3,6,1017,0.3117,0.1657
OPEL,CORSA,4,2,129,0.6279,0.0124
OPEL,CORSA,4,3,923,0.4182,0.0879
OPEL,CORSA,4,4,1122,0.2932,0.2053
OPEL,CORSA,4,5,651,0.2197,0.2881
OPEL,CORSA,4,6,192,0.1615,0.406
FORD,GALAXY,3,2+3,38,0.6053,0.2222
FORD,GALAXY,3,4,335,0.3642,0.335
FORD,GALAXY,3,5,745,0.353,0.277
FORD,GALAXY,3,6,648,0.2932,0.1657
MITSUBISHI,ASX,4,1+2,33,0.7273,0.0128
MITSUBISHI,ASX,4,3,363,0.6253,0.0879
MITSUBISHI,ASX,4,4,1236,0.5259,0.2053
MITSUBISHI,ASX,4,5,1865,0.4075,0.2881
MITSUBISHI,ASX,4,6,1652,0.3323,0.406
VOLVO,V70,3,1+2,25,0.88,0.0336
VOLVO,V70,3,3,414,0.756,0.1888
VOLVO,V70,3,4,2537,0.6626,0.335
VOLVO,V70,3,5,4254,0.5839,0.277
VOLVO,V70,3,6,4247,0.4777,0.1657
AUDI,A1 SPORTBACK,4,2+3,40,0.5,0.1002
AUDI,A1 SPORTBACK,4,4,93,0.4624,0.2053
AUDI,A1 SPORTBACK,4,5+6,50,0.44,0.694
FORD,FOCUS STATIONSVOGN,4,1+2,97,0.5567,0.0128
FORD,FOCUS STATIONSVOGN,4,3,937,0.5165,0.0879
FORD,FOCUS STATIONSVOGN,4,4,3091,0.3698,0.2053
FORD,FOCUS STATIONSVOGN,4,5,4297,0.3072,0.2881
FORD,FOCUS STATIONSVOGN,4,6,3590,0.2415,0.406
NISSAN,Qashqai J11A,1,2,1278,0.8498,0.259
NISSAN,Qashqai J11A,1,3,2861,0.8085,0.5561
NISSAN,Qashqai J11A,1,4,603,0.7446,0.1477
NISSAN,Qashqai J11A,1,5+6,56,0.625,0.0371
FIAT,500,3,2,167,0.521,0.0334
FIAT,500,3,3,1030,0.3631,0.1888
FIAT,500,3,4,659,0.264,0.335
FIAT,500,3,5,156,0.25,0.277
FIAT,500,3,6,33,0.2424,0.1657
HYUNDAI,Tucson,3,2,41,0.7561,0.0334
HYUNDAI,Tucson,3,3,470,0.6213,0.1888
HYUNDAI,Tucson,3,4,947,0.5143,0.335
HYUNDAI,Tucson,3,5,648,0.3843,0.277
HYUNDAI,Tucson,3,6,225,0.3111,0.1657
AUDI,Q5,4,1+2+3,79,0.6203,0.1007
AUDI,Q5,4,4,445,0.5169,0.2053
AUDI,Q5,4,5,1482,0.4609,0.2881
AUDI,Q5,4,6,3183,0.3783,0.406
SKODA,FABIA COMBI,1,2,699,0.8126,0.259
SKODA,FABIA COMBI,1,3,1300,0.75,0.5561
SKODA,FABIA COMBI,1,4+5+6,247,0.6113,0.1848
BMW,X1,2,2,127,0.811,0.073
BMW,X1,2,3,1202,0.7579,0.3658
BMW,X1,2,4,1453,0.6717,0.3855
BMW,X1,2,5,484,0.595,0.1301
BMW,X1,2,6,138,0.6449,0.0455
MERCEDES-BENZ,A-Klasse,1,2,887,0.9391,0.259
MERCEDES-BENZ,A-Klasse,1,3,1573,0.8385,0.5561
MERCEDES-BENZ,A-Klasse,1,4,237,0.7806,0.1477
MERCEDES-BENZ,A-Klasse,1,5+6,29,0.7241,0.0371
SUZUKI,VITARA,1,2,1241,0.938,0.259
SUZUKI,VITARA,1,3,2142,0.8763,0.5561
SUZUKI,VITARA,1,4,359,0.7911,0.1477
SUZUKI,VITARA,1,5+6,31,0.6129,0.0371
BMW,X5,2,2,36,0.7222,0.073
BMW,X5,2,3,775,0.6929,0.3658
BMW,X5,2,4,1942,0.6493,0.3855
BMW,X5,2,5,703,0.5789,0.1301
BMW,X5,2,6,145,0.5517,0.0455
NISSAN,QASHQAI,2,2,532,0.8402,0.073
NISSAN,QASHQAI,2,3,3336,0.726,0.3658
NISSAN,QASHQAI,2,4,2821,0.6388,0.3855
NISSAN,QASHQAI,2,5,715,0.5147,0.1301
NISSAN,QASHQAI,2,6,99,0.3939,0.0455
SKODA,FABIA,3,1+2,212,0.6981,0.0336
SKODA,FABIA,3,3,1339,0.5915,0.1888
SKODA,FABIA,3,4,1524,0.4724,0.335
SKODA,FABIA,3,5,663,0.365,0.277
SKODA,FABIA,3,6,191,0.3194,0.1657
NISSAN,QASHQAI,3,2,298,0.8054,0.0334
NISSAN,QASHQAI,3,3,2363,0.6157,0.1888
NISSAN,QASHQAI,3,4,4335,0.4443,0.335
NISSAN,QASHQAI,3,5,2798,0.3256,0.277
NISSAN,QASHQAI,3,6,1080,0.2481,0.1657
TOYOTA,AVENSIS,4,1+2,49,0.7347,0.0128
TOYOTA,AVENSIS,4,3,645,0.6295,0.0879
TOYOTA,AVENSIS,4,4,2813,0.4792,0.2053
TOYOTA,AVENSIS,4,5,6219,0.3841,0.2881
TOYOTA,AVENSIS,4,6,10800,0.2737,0.406
SKODA,SUPERB,1,2,615,0.7675,0.259
SKODA,SUPERB,1,3,3484,0.7113,0.5561
SKODA,SUPERB,1,4,1854,0.6268,0.1477
SKODA,SUPERB,1,5,511,0.6067,0.0239
SKODA,SUPERB,1,6,249,0.5221,0.0132
MERCEDES-BENZ,E-Klasse,3,1+2,72,0.7778,0.0336
MERCEDES-BENZ,E-Klasse,3,3,663,0.641,0.1888
MERCEDES-BENZ,E-Klasse,3,4,1680,0.5429,0.335
MERCEDES-BENZ,E-Klasse,3,5,1895,0.5045,0.277
MERCEDES-BENZ,E-Klasse,3,6,3871,0.3945,0.1657
FORD,FIESTA,4,1+2,170,0.5706,0.0128
FORD,FIESTA,4,3,1402,0.4044,0.0879
FORD,FIESTA,4,4,3010,0.2864,0.2053
FORD,FIESTA,4,5,2345,0.2328,0.2881
FORD,FIESTA,4,6,979,0.2043,0.406
SKODA,RAPID,3,2,62,0.7419,0.0334
SKODA,RAPID,3,3,521,0.5816,0.1888
SKODA,RAPID,3,4,727,0.4746,0.335
SKODA,RAPID,3,5,272,0.3787,0.277
SKODA,RAPID,3,6,85,0.3647,0.1657
MAZDA,MAZDA3,1,2,573,0.8656,0.259
MAZDA,MAZDA3,1,3,822,0.7141,0.5561
MAZDA,MAZDA3,1,4+5+6,128,0.6797,0.1848
TOYOTA,AYGO 5-DØRS,4,2,246,0.5407,0.0124
TOYOTA,AYGO 5-DØRS,4,3,1095,0.3799,0.0879
TOYOTA,AYGO 5-DØRS,4,4,1146,0.2583,0.2053
TOYOTA,AYGO 5-DØRS,4,5,425,0.2306,0.2881
TOYOTA,AYGO 5-DØRS,4,6,95,0.1684,0.406
FORD,Focus,4,1+2,97,0.5567,0.0128
FORD,Focus,4,3,937,0.5165,0.0879
FORD,Focus,4,4,3091,0.3698,0.2053
FORD,Focus,4,5,4297,0.3072,0.2881
FORD,Focus,4,6,3590,0.2415,0.406
FORD,FOCUS,4,1+2,97,0.5567,0.0128
FORD,FOCUS,4,3,937,0.5165,0.0879
FORD,FOCUS,4,4,3091,0.3698,0.2053
FORD,FOCUS,4,5,4297,0.3072,0.2881
FORD,FOCUS,4,6,3590,0.2415,0.406
BMW,X3,1,2,656,0.8994,0.259
BMW,X3,1,3,1697,0.8562,0.5561
BMW,X3,1,4,430,0.7628,0.1477
BMW,X3,1,5+6,101,0.6931,0.0371
KIA,PICANTO,3,2,679,0.6156,0.0334
KIA,PICANTO,3,3,1959,0.4222,0.1888
KIA,PICANTO,3,4,994,0.2857,0.335
KIA,PICANTO,3,5,216,0.2454,0.277
KIA,PICANTO,3,6,39,0.2051,0.1657
CITROËN,C3 PICASSO,4,2+3,168,0.3631,0.1002
CITROËN,C3 PICASSO,4,4,285,0.2982,0.2053
CITROËN,C3 PICASSO,4,5,280,0.2607,0.2881
CITROËN,C3 PICASSO,4,6,100,0.22,0.406
CITROËN,C4,4,2+3,223,0.4439,0.1002
CITROËN,C4,4,4,668,0.2874,0.2053
CITROËN,C4,4,5,912,0.2412,0.2881
CITROËN,C4,4,6,636,0.2044,0.406
AUDI,A4 AVANT,1,2,140,0.8857,0.259
AUDI,A4 AVANT,1,3,856,0.868,0.5561
AUDI,A4 AVANT,1,4,402,0.7861,0.1477
AUDI,A4 AVANT,1,5+6,135,0.7778,0.0371
VOLVO,XC90,2,2,34,0.8824,0.073
VOLVO,XC90,2,3,855,0.7462,0.3658
VOLVO,XC90,2,4,2841,0.6888,0.3855
VOLVO,XC90,2,5,1417,0.6027,0.1301
VOLVO,XC90,2,6,390,0.559,0.0455
BMW,1-Serie,3,1+2,116,0.6724,0.0336
BMW,1-Serie,3,3,1004,0.6125,0.1888
BMW,1-Serie,3,4,2413,0.5093,0.335
BMW,1-Serie,3,5,1703,0.3946,0.277
BMW,1-Serie,3,6,620,0.3355,0.1657
PEUGEOT,107,3,2,160,0.6438,0.0334
PEUGEOT,107,3,3,382,0.4267,0.1888
PEUGEOT,107,3,4,256,0.2891,0.335
PEUGEOT,107,3,5+6,64,0.2812,0.4426
MERCEDES-BENZ,C,3,1+2,160,0.825,0.0336
MERCEDES-BENZ,C,3,3,1122,0.6533,0.1888
MERCEDES-BENZ,C,3,4,2269,0.5672,0.335
MERCEDES-BENZ,C,3,5,1941,0.4317,0.277
MERCEDES-BENZ,C,3,6,1305,0.3625,0.1657
VOLKSWAGEN,PASSAT VARIANT,1,1+2,953,0.808,0.2591
VOLKSWAGEN,PASSAT VARIANT,1,3,6399,0.7106,0.5561
VOLKSWAGEN,PASSAT VARIANT,1,4,2988,0.6821,0.1477
VOLKSWAGEN,PASSAT VARIANT,1,5,703,0.6472,0.0239
VOLKSWAGEN,PASSAT VARIANT,1,6,210,0.5714,0.0132
KIA,SPORTAGE,4,2+3,68,0.5147,0.1002
KIA,SPORTAGE,4,4,294,0.3571,0.2053
KIA,SPORTAGE,4,5,477,0.2809,0.2881
KIA,SPORTAGE,4,6,403,0.263,0.406
HYUNDAI,I20,4,1+2,241,0.6266,0.0128
HYUNDAI,I20,4,3,1401,0.4797,0.0879
HYUNDAI,I20,4,4,1421,0.3505,0.2053
HYUNDAI,I20,4,5,650,0.2785,0.2881
HYUNDAI,I20,4,6,163,0.2577,0.406
SUZUKI,IGNIS,2,2,219,0.7032,0.073
SUZUKI,IGNIS,2,3,449,0.6882,0.3658
SUZUKI,IGNIS,2,4,118,0.5254,0.3855
SUZUKI,IGNIS,2,5+6,27,0.3704,0.1756
MITSUBISHI,COLT,4,2,216,0.6528,0.0124
MITSUBISHI,COLT,4,3,1088,0.4688,0.0879
MITSUBISHI,COLT,4,4,1121,0.3274,0.2053
MITSUBISHI,COLT,4,5,532,0.2707,0.2881
MITSUBISHI,COLT,4,6,179,0.1676,0.406
PEUGEOT,308,3,1+2,150,0.8267,0.0336
PEUGEOT,308,3,3,1306,0.5567,0.1888
PEUGEOT,308,3,4,2085,0.4609,0.335
PEUGEOT,308,3,5,997,0.3581,0.277
PEUGEOT,308,3,6,299,0.3344,0.1657
MERCEDES-BENZ,GLA,3,2,63,0.9048,0.0334
MERCEDES-BENZ,GLA,3,3,375,0.7493,0.1888
MERCEDES-BENZ,GLA,3,4,568,0.7113,0.335
MERCEDES-BENZ,GLA,3,5,265,0.6528,0.277
MERCEDES-BENZ,GLA,3,6,88,0.4886,0.1657
HONDA,CR-V,3,1+2,118,0.8475,0.0336
HONDA,CR-V,3,3,960,0.7635,0.1888
HONDA,CR-V,3,4,2509,0.709,0.335
HONDA,CR-V,3,5,2084,0.619,0.277
HONDA,CR-V,3,6,1054,0.5351,0.1657
HYUNDAI,I40,4,2+3+4,182,0.3132,0.3056
HYUNDAI,I40,4,5,312,0.3045,0.2881
HYUNDAI,I40,4,6,259,0.2664,0.406
MITSUBISHI,ASX,1,2,122,0.9016,0.259
MITSUBISHI,ASX,1,3,258,0.8411,0.5561
MITSUBISHI,ASX,1,4+5+6,72,0.7361,0.1848
SUZUKI,SX4 COMBIBACK,4,1+2,162,0.6914,0.0128
SUZUKI,SX4 COMBIBACK,4,3,1145,0.5153,0.0879
SUZUKI,SX4 COMBIBACK,4,4,1675,0.3952,0.2053
SUZUKI,SX4 COMBIBACK,4,5,1245,0.2956,0.2881
SUZUKI,SX4 COMBIBACK,4,6,582,0.244,0.406
SKODA,OCTAVIA,3,2,116,0.7414,0.0334
SKODA,OCTAVIA,3,3,1684,0.6354,0.1888
SKODA,OCTAVIA,3,4,6334,0.5589,0.335
SKODA,OCTAVIA,3,5,6904,0.4742,0.277
SKODA,OCTAVIA,3,6,4281,0.3922,0.1657
HYUNDAI,I10,3,2,312,0.6314,0.0334
HYUNDAI,I10,3,3,503,0.4036,0.1888
HYUNDAI,I10,3,4,182,0.3462,0.335
HYUNDAI,I10,3,5+6,49,0.2245,0.4426
FORD,FOCUS,2,2,290,0.9034,0.073
FORD,FOCUS,2,3,1930,0.7482,0.3658
FORD,FOCUS,2,4,2142,0.6527,0.3855
FORD,FOCUS,2,5,583,0.542,0.1301
FORD,FOCUS,2,6,131,0.4351,0.0455
FORD,FOCUS,3,1+2,273,0.7619,0.0336
FORD,FOCUS,3,3,2618,0.605,0.1888
FORD,FOCUS,3,4,5973,0.4817,0.335
FORD,FOCUS,3,5,4479,0.4099,0.277
FORD,FOCUS,3,6,1914,0.3417,0.1657
SKODA,KODIAQ,1,2,798,0.8546,0.259
SKODA,KODIAQ,1,3,4267,0.8484,0.5561
SKODA,KODIAQ,1,4,2159,0.7953,0.1477
SKODA,KODIAQ,1,5,485,0.7794,0.0239
SKODA,KODIAQ,1,6,184,0.6793,0.0132
KIA,Niro,2,1+2,216,0.8519,0.0731
KIA,Niro,2,3,1210,0.7355,0.3658
KIA,Niro,2,4,938,0.6546,0.3855
KIA,Niro,2,5,227,0.5374,0.1301
KIA,Niro,2,6,48,0.5625,0.0455
VOLVO,XC90,3,2+3,45,0.6667,0.2222
VOLVO,XC90,3,4,245,0.649,0.335
VOLVO,XC90,3,5,467,0.5525,0.277
VOLVO,XC90,3,6,378,0.4762,0.1657
PEUGEOT,308,4,1+2,70,0.7714,0.0128
PEUGEOT,308,4,3,594,0.4832,0.0879
PEUGEOT,308,4,4,1445,0.3363,0.2053
PEUGEOT,308,4,5,1540,0.2474,0.2881
PEUGEOT,308,4,6,1006,0.2058,0.406
OPEL,ASTRA SPORTS TOURER,4,1+2+3,82,0.6341,0.1007
OPEL,ASTRA SPORTS TOURER,4,4,260,0.4192,0.2053
OPEL,ASTRA SPORTS TOURER,4,5,377,0.3687,0.2881
OPEL,ASTRA SPORTS TOURER,4,6,260,0.3,0.406
SKODA,SUPERB COMBI,3,1+2+3,257,0.5681,0.2224
SKODA,SUPERB COMBI,3,4,1483,0.4484,0.335
SKODA,SUPERB COMBI,3,5,2317,0.3876,0.277
SKODA,SUPERB COMBI,3,6,2064,0.3401,0.1657
TOYOTA,RAV4,1,1+2,7088,0.919,0.2591
TOYOTA,RAV4,1,3,17295,0.8533,0.5561
TOYOTA,RAV4,1,4,3715,0.7537,0.1477
TOYOTA,RAV4,1,5,562,0.7046,0.0239
TOYOTA,RAV4,1,6,583,0.6827,0.0132
MAZDA,MAZDA3,2,2,194,0.7887,0.073
MAZDA,MAZDA3,2,3,944,0.6356,0.3658
MAZDA,MAZDA3,2,4,683,0.6032,0.3855
MAZDA,MAZDA3,2,5,148,0.5608,0.1301
MAZDA,MAZDA3,2,6,41,0.6098,0.0455
FORD,NY Focus,3,1+2,273,0.7619,0.0336
FORD,NY Focus,3,3,2618,0.605,0.1888
FORD,NY Focus,3,4,5973,0.4817,0.335
FORD,NY Focus,3,5,4479,0.4099,0.277
FORD,NY Focus,3,6,1914,0.3417,0.1657
FORD,Focus,3,1+2,273,0.7619,0.0336
FORD,Focus,3,3,2618,0.605,0.1888
FORD,Focus,3,4,5973,0.4817,0.335
FORD,Focus,3,5,4479,0.4099,0.277
FORD,Focus,3,6,1914,0.3417,0.1657
TOYOTA,AVENSIS STW,3,1+2,135,0.8148,0.0336
TOYOTA,AVENSIS STW,3,3,1301,0.731,0.1888
TOYOTA,AVENSIS STW,3,4,4109,0.6225,0.335
TOYOTA,AVENSIS STW,3,5,4308,0.5337,0.277
TOYOTA,AVENSIS STW,3,6,3014,0.4336,0.1657
MERCEDES-BENZ,B-Klasse,4,1+2,43,0.6512,0.0128
MERCEDES-BENZ,B-Klasse,4,3,529,0.4612,0.0879
MERCEDES-BENZ,B-Klasse,4,4,1368,0.3238,0.2053
MERCEDES-BENZ,B-Klasse,4,5,1363,0.2744,0.2881
MERCEDES-BENZ,B-Klasse,4,6,877,0.1938,0.406
PEUGEOT,3008,1,2,1901,0.838,0.259
PEUGEOT,3008,1,3,4407,0.742,0.5561
PEUGEOT,3008,1,4,1035,0.6493,0.1477
PEUGEOT,3008,1,5+6,146,0.5548,0.0371
MITSUBISHI,OUTLANDER,2,2,391,0.8542,0.073
MITSUBISHI,OUTLANDER,2,3,6219,0.7194,0.3658
MITSUBISHI,OUTLANDER,2,4,10773,0.6037,0.3855
MITSUBISHI,OUTLANDER,2,5,3952,0.5104,0.1301
MITSUBISHI,OUTLANDER,2,6,845,0.4639,0.0455
VOLVO,V60,2,2,84,0.7976,0.073
VOLVO,V60,2,3,1585,0.8088,0.3658
VOLVO,V60,2,4,3223,0.7468,0.3855
VOLVO,V60,2,5,1314,0.7123,0.1301
VOLVO,V60,2,6,340,0.5941,0.0455
VOLVO,V40,2,2,368,0.7799,0.073
VOLVO,V40,2,3,2867,0.7248,0.3658
VOLVO,V40,2,4,2446,0.6746,0.3855
VOLVO,V40,2,5,585,0.5915,0.1301
VOLVO,V40,2,6,125,0.552,0.0455
FORD,Focus,1,2,1754,0.862,0.259
FORD,Focus,1,3,3477,0.8007,0.5561
FORD,Focus,1,4,752,0.7101,0.1477
FORD,Focus,1,5+6,127,0.6614,0.0371
VOLKSWAGEN,PASSAT VARIANT,4,2+3,268,0.5112,0.1002
VOLKSWAGEN,PASSAT VARIANT,4,4,1410,0.4121,0.2053
VOLKSWAGEN,PASSAT VARIANT,4,5,4318,0.3527,0.2881
VOLKSWAGEN,PASSAT VARIANT,4,6,9466,0.2971,0.406
CITROËN,DS3,3,2,34,0.5588,0.0334
CITROËN,DS3,3,3,404,0.3713,0.1888
CITROËN,DS3,3,4,646,0.2724,0.335
CITROËN,DS3,3,5,286,0.2343,0.277
CITROËN,DS3,3,6,60,0.2333,0.1657
BMW,3-Serie,2,1+2,95,0.8316,0.0731
BMW,3-Serie,2,3,1021,0.6846,0.3658
BMW,3-Serie,2,4,1639,0.6461,0.3855
BMW,3-Serie,2,5,803,0.6164,0.1301
BMW,3-Serie,2,6,392,0.5051,0.0455
HONDA,CR-V,1,2,441,0.8889,0.259
HONDA,CR-V,1,3,1005,0.8607,0.5561
HONDA,CR-V,1,4,263,0.8099,0.1477
HONDA,CR-V,1,5+6,40,0.75,0.0371
MITSUBISHI,SPACE STAR,2,2,371,0.841,0.073
MITSUBISHI,SPACE STAR,2,3,404,0.7574,0.3658
MITSUBISHI,SPACE STAR,2,4,108,0.6204,0.3855
MITSUBISHI,SPACE STAR,2,5+6,27,0.6296,0.1756
TOYOTA,VERSO,3,2,269,0.777,0.0334
TOYOTA,VERSO,3,3,1039,0.6824,0.1888
TOYOTA,VERSO,3,4,1139,0.5768,0.335
TOYOTA,VERSO,3,5,735,0.4327,0.277
TOYOTA,VERSO,3,6,371,0.283,0.1657
VOLKSWAGEN,PASSAT,4,2+3,268,0.5112,0.1002
VOLKSWAGEN,PASSAT,4,4,1410,0.4121,0.2053
VOLKSWAGEN,PASSAT,4,5,4318,0.3527,0.2881
VOLKSWAGEN,PASSAT,4,6,9466,0.2971,0.406
MERCEDES-BENZ,A-Klasse,2,2,219,0.8767,0.073
MERCEDES-BENZ,A-Klasse,2,3,1179,0.732,0.3658
MERCEDES-BENZ,A-Klasse,2,4,735,0.6626,0.3855
MERCEDES-BENZ,A-Klasse,2,5,107,0.5981,0.1301
MERCEDES-BENZ,A-Klasse,2,6,28,0.5714,0.0455
MAZDA,CX-3,1,2,1037,0.839,0.259
MAZDA,CX-3,1,3,1421,0.8149,0.5561
MAZDA,CX-3,1,4,226,0.7743,0.1477
MAZDA,CX-3,1,5+6,27,0.5556,0.0371
PEUGEOT,5008,3,2+3,128,0.5469,0.2222
PEUGEOT,5008,3,4,576,0.3698,0.335
PEUGEOT,5008,3,5,758,0.2995,0.277
PEUGEOT,5008,3,6,449,0.2472,0.1657
AUDI,Q2,2,2,75,0.8133,0.073
AUDI,Q2,2,3,380,0.6579,0.3658
AUDI,Q2,2,4,224,0.6786,0.3855
AUDI,Q2,2,5+6,43,0.4884,0.1756
VOLKSWAGEN,CADDY,2,2,65,0.6615,0.073
VOLKSWAGEN,CADDY,2,3,192,0.6042,0.3658
VOLKSWAGEN,CADDY,2,4,284,0.5528,0.3855
VOLKSWAGEN,CADDY,2,5,150,0.5133,0.1301
VOLKSWAGEN,CADDY,2,6,127,0.3622,0.0455
HYUNDAI,I10,4,2,190,0.5842,0.0124
HYUNDAI,I10,4,3,458,0.3996,0.0879
HYUNDAI,I10,4,4,236,0.3686,0.2053
HYUNDAI,I10,4,5+6,98,0.2347,0.694
PEUGEOT,107,4,2,168,0.5655,0.0124
PEUGEOT,107,4,3,737,0.3718,0.0879
PEUGEOT,107,4,4,710,0.2338,0.2053
PEUGEOT,107,4,5,221,0.1991,0.2881
PEUGEOT,107,4,6,44,0.0682,0.406
PEUGEOT,3008,3,2,64,0.6875,0.0334
PEUGEOT,3008,3,3,658,0.5319,0.1888
PEUGEOT,3008,3,4,1367,0.4177,0.335
PEUGEOT,3008,3,5,1036,0.3465,0.277
PEUGEOT,3008,3,6,405,0.2741,0.1657
CITROËN,C4 PICASSO,3,1+2+3,194,0.4794,0.2224
CITROËN,C4 PICASSO,3,4,574,0.3484,0.335
CITROËN,C4 PICASSO,3,5,511,0.2975,0.277
CITROËN,C4 PICASSO,3,6,205,0.2878,0.1657
MAZDA,3,4,2,51,0.7059,0.0124
MAZDA,3,4,3,488,0.5266,0.0879
MAZDA,3,4,4,1151,0.344,0.2053
MAZDA,3,4,5,1093,0.2845,0.2881
MAZDA,3,4,6,545,0.2514,0.406
SUZUKI,VITARA,2,1+2,355,0.8958,0.0731
SUZUKI,VITARA,2,3,1691,0.7936,0.3658
SUZUKI,VITARA,2,4,1381,0.7299,0.3855
SUZUKI,VITARA,2,5,308,0.6266,0.1301
SUZUKI,VITARA,2,6,42,0.5238,0.0455
MAZDA,CX-3,3,2,82,0.8293,0.0334
MAZDA,CX-3,3,3,413,0.7143,0.1888
MAZDA,CX-3,3,4,399,0.5915,0.335
MAZDA,CX-3,3,5+6,108,0.5741,0.4426
HYUNDAI,i10 AC3,4,2,190,0.5842,0.0124
HYUNDAI,i10 AC3,4,3,458,0.3996,0.0879
HYUNDAI,i10 AC3,4,4,236,0.3686,0.2053
HYUNDAI,i10 AC3,4,5+6,98,0.2347,0.694
PEUGEOT,308,1,2,234,0.7393,0.259
PEUGEOT,308,1,3,687,0.6405,0.5561
PEUGEOT,308,1,4+5+6,220,0.5318,0.1848
OPEL,MERIVA,4,2,38,0.5789,0.0124
OPEL,MERIVA,4,3,329,0.4529,0.0879
OPEL,MERIVA,4,4,528,0.3125,0.2053
OPEL,MERIVA,4,5,307,0.2769,0.2881
OPEL,MERIVA,4,6,110,0.2545,0.406
HYUNDAI,I 10,4,2,190,0.5842,0.0124
HYUNDAI,I 10,4,3,458,0.3996,0.0879
HYUNDAI,I 10,4,4,236,0.3686,0.2053
HYUNDAI,I 10,4,5+6,98,0.2347,0.694
MITSUBISHI,COLT,3,2,182,0.7253,0.0334
MITSUBISHI,COLT,3,3,583,0.5575,0.1888
MITSUBISHI,COLT,3,4,355,0.4197,0.335
MITSUBISHI,COLT,3,5,109,0.3119,0.277
MITSUBISHI,COLT,3,6,35,0.2571,0.1657
VOLKSWAGEN,PASSAT,1,1+2,953,0.808,0.2591
VOLKSWAGEN,PASSAT,1,3,6399,0.7106,0.5561
VOLKSWAGEN,PASSAT,1,4,2988,0.6821,0.1477
VOLKSWAGEN,PASSAT,1,5,703,0.6472,0.0239
VOLKSWAGEN,PASSAT,1,6,210,0.5714,0.0132
DACIA,Duster,1,2,203,0.7241,0.259
DACIA,Duster,1,3,410,0.5585,0.5561
DACIA,Duster,1,4+5+6,154,0.4805,0.1848
FORD,KUGA,4,1+2+3,161,0.5963,0.1007
FORD,KUGA,4,4,733,0.4475,0.2053
FORD,KUGA,4,5,1871,0.3602,0.2881
FORD,KUGA,4,6,3015,0.331,0.406
RENAULT,CLIO,4,2+3,150,0.2333,0.1002
RENAULT,CLIO,4,4,200,0.205,0.2053
RENAULT,CLIO,4,5,132,0.2348,0.2881
RENAULT,CLIO,4,6,35,0.2571,0.406
BMW,1-Serie,2,2,83,0.7229,0.073
BMW,1-Serie,2,3,527,0.685,0.3658
BMW,1-Serie,2,4,517,0.6132,0.3855
BMW,1-Serie,2,5,140,0.5143,0.1301
BMW,1-Serie,2,6,52,0.5192,0.0455
PEUGEOT,508,4,2+3,54,0.5926,0.1002
PEUGEOT,508,4,4,273,0.4652,0.2053
PEUGEOT,508,4,5,592,0.3767,0.2881
PEUGEOT,508,4,6,647,0.3493,0.406
TOYOTA,RAV4,3,1+2,182,0.7802,0.0336
TOYOTA,RAV4,3,3,1572,0.7087,0.1888
TOYOTA,RAV4,3,4,4107,0.6336,0.335
TOYOTA,RAV4,3,5,3494,0.5621,0.277
TOYOTA,RAV4,3,6,1887,0.4775,0.1657
OPEL,Mokka,1,2,369,0.9295,0.259
OPEL,Mokka,1,3,580,0.8052,0.5561
OPEL,Mokka,1,4+5,111,0.7297,0.1716
FORD,MONDEO,3,2,34,0.8529,0.0334
FORD,MONDEO,3,3,495,0.6909,0.1888
FORD,MONDEO,3,4,2363,0.5506,0.335
FORD,MONDEO,3,5,3416,0.442,0.277
FORD,MONDEO,3,6,3280,0.3771,0.1657
MERCEDES-BENZ,A-Klasse,4,2,80,0.6375,0.0124
MERCEDES-BENZ,A-Klasse,4,3,605,0.4463,0.0879
MERCEDES-BENZ,A-Klasse,4,4,876,0.2968,0.2053
MERCEDES-BENZ,A-Klasse,4,5,491,0.2159,0.2881
MERCEDES-BENZ,A-Klasse,4,6,186,0.2473,0.406
KIA,Stonic,1,2,322,0.9224,0.259
KIA,Stonic,1,3,261,0.7548,0.5561
KIA,Stonic,1,4+5,47,0.6809,0.1716
HONDA,CR-V,2,1+2,88,0.9205,0.0731
HONDA,CR-V,2,3,861,0.8339,0.3658
HONDA,CR-V,2,4,1166,0.7676,0.3855
HONDA,CR-V,2,5,360,0.6556,0.1301
HONDA,CR-V,2,6,95,0.5895,0.0455
VOLVO,V40,1,2,586,0.8788,0.259
VOLVO,V40,1,3,2303,0.7833,0.5561
VOLVO,V40,1,4,445,0.6674,0.1477
VOLVO,V40,1,5+6,55,0.5818,0.0371
TOYOTA,RAV4,4,2,37,0.7838,0.0124
TOYOTA,RAV4,4,3,487,0.6324,0.0879
TOYOTA,RAV4,4,4,1924,0.5223,0.2053
TOYOTA,RAV4,4,5,3352,0.4036,0.2881
TOYOTA,RAV4,4,6,4866,0.3144,0.406
TOYOTA,COROLLA,1,2,3588,0.8763,0.259
TOYOTA,COROLLA,1,3,4855,0.8084,0.5561
TOYOTA,COROLLA,1,4,502,0.7151,0.1477
TOYOTA,COROLLA,1,5,70,0.6714,0.0239
TOYOTA,COROLLA,1,6,46,0.4565,0.0132
NISSAN,X-TRAIL,2,2,52,0.8269,0.073
NISSAN,X-TRAIL,2,3,682,0.6657,0.3658
NISSAN,X-TRAIL,2,4,1231,0.5483,0.3855
NISSAN,X-TRAIL,2,5,528,0.4413,0.1301
NISSAN,X-TRAIL,2,6,158,0.4177,0.0455
SUZUKI,ALTO,3,2,52,0.4808,0.0334
SUZUKI,ALTO,3,3,113,0.3982,0.1888
SUZUKI,ALTO,3,4+5+6,120,0.2833,0.7776
CHEVROLET,SPARK,3,1+2,55,0.4364,0.0336
CHEVROLET,SPARK,3,3,142,0.2465,0.1888
CHEVROLET,SPARK,3,4+5+6,111,0.1892,0.7776
HYUNDAI,Tucson,2,2,105,0.9048,0.073
HYUNDAI,Tucson,2,3,875,0.7531,0.3658
HYUNDAI,Tucson,2,4,1008,0.6627,0.3855
HYUNDAI,Tucson,2,5,298,0.5201,0.1301
HYUNDAI,Tucson,2,6,67,0.4627,0.0455
BMW,X5,1,2,708,0.8757,0.259
BMW,X5,1,3,3456,0.7894,0.5561
BMW,X5,1,4,1179,0.704,0.1477
BMW,X5,1,5+6,131,0.6183,0.0371
SUZUKI,IGNIS,4,2+3,141,0.4681,0.1002
SUZUKI,IGNIS,4,4,139,0.3237,0.2053
SUZUKI,IGNIS,4,5+6,110,0.2091,0.694
SKODA,FABIA COMBI,2,2,440,0.7614,0.073
SKODA,FABIA COMBI,2,3,1628,0.6443,0.3658
SKODA,FABIA COMBI,2,4,922,0.5781,0.3855
SKODA,FABIA COMBI,2,5,198,0.4596,0.1301
SKODA,FABIA COMBI,2,6,36,0.3889,0.0455
FORD,C-MAX,2,2,62,0.8065,0.073
FORD,C-MAX,2,3,413,0.6949,0.3658
FORD,C-MAX,2,4,214,0.6355,0.3855
FORD,C-MAX,2,5+6,60,0.6,0.1756
AUDI,A3 Limousine,3,2+3,107,0.6449,0.2222
AUDI,A3 Limousine,3,4,158,0.6013,0.335
AUDI,A3 Limousine,3,5,91,0.5055,0.277
AUDI,A3 Limousine,3,6,35,0.4571,0.1657
KIA,CEED,2,2,77,0.7403,0.073
KIA,CEED,2,3,477,0.6289,0.3658
KIA,CEED,2,4,467,0.5418,0.3855
KIA,CEED,2,5,101,0.4257,0.1301
KIA,CEED,2,6,28,0.3929,0.0455
MERCEDES-BENZ,C,1,2,700,0.9129,0.259
MERCEDES-BENZ,C,1,3,2141,0.8178,0.5561
MERCEDES-BENZ,C,1,4,634,0.7177,0.1477
MERCEDES-BENZ,C,1,5,127,0.6772,0.0239
MERCEDES-BENZ,C,1,6,35,0.6,0.0132
FORD,FOCUS STATIONSVOGN,1,2,1754,0.862,0.259
FORD,FOCUS STATIONSVOGN,1,3,3477,0.8007,0.5561
FORD,FOCUS STATIONSVOGN,1,4,752,0.7101,0.1477
FORD,FOCUS STATIONSVOGN,1,5+6,127,0.6614,0.0371
HYUNDAI,I20,1,2,478,0.8933,0.259
HYUNDAI,I20,1,3,546,0.7637,0.5561
HYUNDAI,I20,1,4+5+6,89,0.7079,0.1848
BMW,2-Serie,1,1+2,2423,0.8869,0.2591
BMW,2-Serie,1,3,4052,0.8191,0.5561
BMW,2-Serie,1,4,519,0.7168,0.1477
BMW,2-Serie,1,5+6,61,0.6557,0.0371
VOLKSWAGEN,UP!,2,2,375,0.8133,0.073
VOLKSWAGEN,UP!,2,3,852,0.6303,0.3658
VOLKSWAGEN,UP!,2,4,246,0.5366,0.3855
VOLKSWAGEN,UP!,2,5+6,30,0.4,0.1756
BMW,2-Serie,2,2,557,0.7756,0.073
BMW,2-Serie,2,3,3038,0.6899,0.3658
BMW,2-Serie,2,4,1908,0.5886,0.3855
BMW,2-Serie,2,5,363,0.5537,0.1301
BMW,2-Serie,2,6,100,0.48,0.0455
SKODA,FABIA,1,2,699,0.8126,0.259
SKODA,FABIA,1,3,1300,0.75,0.5561
SKODA,FABIA,1,4+5+6,247,0.6113,0.1848
MAZDA,MAZDA6,1,2,142,0.838,0.259
MAZDA,MAZDA6,1,3,589,0.7725,0.5561
MAZDA,MAZDA6,1,4,267,0.7378,0.1477
MAZDA,MAZDA6,1,5+6,80,0.7375,0.0371
CITROËN,C1,4,1+2,59,0.5254,0.0128
CITROËN,C1,4,3,412,0.3835,0.0879
CITROËN,C1,4,4,468,0.2778,0.2053
CITROËN,C1,4,5+6,180,0.2111,0.694
FORD,FIESTA 5 DØRS,1,1+2,1353,0.8965,0.2591
FORD,FIESTA 5 DØRS,1,3,1650,0.7788,0.5561
FORD,FIESTA 5 DØRS,1,4+5+6,216,0.6389,0.1848
FORD,S-MAX,1,2,106,0.8679,0.259
FORD,S-MAX,1,3,1044,0.773,0.5561
FORD,S-MAX,1,4,537,0.7318,0.1477
FORD,S-MAX,1,5,59,0.678,0.0239
FORD,S-MAX,1,6,40,0.575,0.0132
HONDA,JAZZ,3,2,231,0.7922,0.0334
HONDA,JAZZ,3,3,755,0.6384,0.1888
HONDA,JAZZ,3,4,461,0.5445,0.335
HONDA,JAZZ,3,5,153,0.4771,0.277
HONDA,JAZZ,3,6,43,0.3488,0.1657
PEUGEOT,206 +,4,2+3,64,0.3906,0.1002
PEUGEOT,206 +,4,4,50,0.22,0.2053
PEUGEOT,206 +,4,5+6,29,0.1379,0.694
HYUNDAI,I30CW,3,2+3,44,0.5455,0.2222
HYUNDAI,I30CW,3,4,57,0.4386,0.335
HYUNDAI,I30CW,3,5+6,63,0.2698,0.4426
VOLVO,V50,4,1+2,30,0.7,0.0128
VOLVO,V50,4,3,406,0.5148,0.0879
VOLVO,V50,4,4,1751,0.3866,0.2053
VOLVO,V50,4,5,3909,0.3057,0.2881
VOLVO,V50,4,6,5200,0.2494,0.406
VOLKSWAGEN,TOURAN,3,1+2+3,293,0.587,0.2224
VOLKSWAGEN,TOURAN,3,4,1345,0.4662,0.335
VOLKSWAGEN,TOURAN,3,5,2077,0.4194,0.277
VOLKSWAGEN,TOURAN,3,6,1740,0.3724,0.1657
CITROËN,C4 PICASSO,1,2,49,0.6735,0.259
CITROËN,C4 PICASSO,1,3,507,0.6351,0.5561
CITROËN,C4 PICASSO,1,4,230,0.5478,0.1477
CITROËN,C4 PICASSO,1,5+6,37,0.5405,0.0371
KIA,VENGA,2,2,76,0.75,0.073
KIA,VENGA,2,3,143,0.6643,0.3658
KIA,VENGA,2,4+5,54,0.5185,0.5155
PEUGEOT,508,2,2+3,183,0.6448,0.4388
PEUGEOT,508,2,4,434,0.553,0.3855
PEUGEOT,508,2,5,213,0.4601,0.1301
PEUGEOT,508,2,6,89,0.4382,0.0455
HYUNDAI,I20,2,2,378,0.8122,0.073
HYUNDAI,I20,2,3,1133,0.6981,0.3658
HYUNDAI,I20,2,4,509,0.609,0.3855
HYUNDAI,I20,2,5+6,96,0.5521,0.1756
BMW,X1,3,1+2,83,0.759,0.0336
BMW,X1,3,3,798,0.6504,0.1888
BMW,X1,3,4,2146,0.5186,0.335
BMW,X1,3,5,1870,0.4139,0.277
BMW,X1,3,6,812,0.3424,0.1657
BMW,1-Serie,1,2,83,0.8916,0.259
BMW,1-Serie,1,3,139,0.7482,0.5561
BMW,1-Serie,1,4,60,0.7833,0.1477
BMW,1-Serie,1,5+6,32,0.5938,0.0371
VOLKSWAGEN,TIGUAN,4,2+3,368,0.6087,0.1002
VOLKSWAGEN,TIGUAN,4,4,1547,0.5016,0.2053
VOLKSWAGEN,TIGUAN,4,5,3432,0.4228,0.2881
VOLKSWAGEN,TIGUAN,4,6,5711,0.3542,0.406
SKODA,FABIA COMBI,3,1+2,212,0.6981,0.0336
SKODA,FABIA COMBI,3,3,1339,0.5915,0.1888
SKODA,FABIA COMBI,3,4,1524,0.4724,0.335
SKODA,FABIA COMBI,3,5,663,0.365,0.277
SKODA,FABIA COMBI,3,6,191,0.3194,0.1657
BMW,5-Serie,2,1+2,61,0.7869,0.0731
BMW,5-Serie,2,3,734,0.7466,0.3658
BMW,5-Serie,2,4,1389,0.6364,0.3855
BMW,5-Serie,2,5,762,0.5709,0.1301
BMW,5-Serie,2,6,317,0.5647,0.0455
VOLKSWAGEN,UP!,4,2+3,103,0.5922,0.1002
VOLKSWAGEN,UP!,4,4,92,0.4022,0.2053
VOLKSWAGEN,UP!,4,5+6,39,0.3077,0.694
TOYOTA,Aygo X,2,2,179,0.7374,0.073
TOYOTA,Aygo X,2,3,318,0.5723,0.3658
TOYOTA,Aygo X,2,4,85,0.4,0.3855
TOYOTA,Aygo X,2,5+6,26,0.2692,0.1756
MERCEDES-BENZ,GLA,1,2,360,0.9167,0.259
MERCEDES-BENZ,GLA,1,3,493,0.8256,0.5561
MERCEDES-BENZ,GLA,1,4+5+6,85,0.6706,0.1848
RENAULT,MEGANE SPORT TOURER,2,2+3,164,0.622,0.4388
RENAULT,MEGANE SPORT TOURER,2,4,124,0.5403,0.3855
RENAULT,MEGANE SPORT TOURER,2,5+6,38,0.3421,0.1756
HONDA,CIVIC,2,1+2,105,0.9048,0.0731
HONDA,CIVIC,2,3,496,0.7944,0.3658
HONDA,CIVIC,2,4,419,0.6874,0.3855
HONDA,CIVIC,2,5,121,0.5868,0.1301
HONDA,CIVIC,2,6,30,0.6,0.0455
TOYOTA,AURIS,4,1+2,260,0.7462,0.0128
TOYOTA,AURIS,4,3,2459,0.5344,0.0879
TOYOTA,AURIS,4,4,5075,0.3927,0.2053
TOYOTA,AURIS,4,5,4519,0.3233,0.2881
TOYOTA,AURIS,4,6,2679,0.2714,0.406
SKODA,SUPERB,3,1+2+3,257,0.5681,0.2224
SKODA,SUPERB,3,4,1483,0.4484,0.335
SKODA,SUPERB,3,5,2317,0.3876,0.277
SKODA,SUPERB,3,6,2064,0.3401,0.1657
RENAULT,MEGANE SPORT TOURER,3,1+2+3,247,0.3603,0.2224
RENAULT,MEGANE SPORT TOURER,3,4,504,0.2599,0.335
RENAULT,MEGANE SPORT TOURER,3,5,388,0.2088,0.277
RENAULT,MEGANE SPORT TOURER,3,6,122,0.2131,0.1657
FIAT,PANDA,4,2+3,42,0.3095,0.1002
FIAT,PANDA,4,4,32,0.125,0.2053
FIAT,PANDA,4,5+6,27,0.1111,0.694
MAZDA,CX-5,4,2+3+4,88,0.5795,0.3056
MAZDA,CX-5,4,5,131,0.3969,0.2881
MAZDA,CX-5,4,6,83,0.3494,0.406
CITROËN,BERLINGO,4,1+2+3,67,0.3731,0.1007
CITROËN,BERLINGO,4,4,187,0.2995,0.2053
CITROËN,BERLINGO,4,5,343,0.207,0.2881
CITROËN,BERLINGO,4,6,396,0.2172,0.406
KIA,CEED SW,1,2,307,0.8893,0.259
KIA,CEED SW,1,3,553,0.7957,0.5561
KIA,CEED SW,1,4+5+6,124,0.7419,0.1848
TOYOTA,AURIS,1,2,1316,0.8929,0.259
TOYOTA,AURIS,1,3,3763,0.8145,0.5561
TOYOTA,AURIS,1,4,840,0.731,0.1477
TOYOTA,AURIS,1,5,83,0.6386,0.0239
TOYOTA,AURIS,1,6,31,0.4839,0.0132
BMW,X1,4,2+3,237,0.6203,0.1002
BMW,X1,4,4,897,0.4526,0.2053
BMW,X1,4,5,1686,0.3375,0.2881
BMW,X1,4,6,1570,0.2739,0.406
VOLKSWAGEN,GOLF,4,1+2,366,0.7022,0.0128
VOLKSWAGEN,GOLF,4,3,3354,0.5397,0.0879
VOLKSWAGEN,GOLF,4,4,9161,0.4326,0.2053
VOLKSWAGEN,GOLF,4,5,11224,0.3468,0.2881
VOLKSWAGEN,GOLF,4,6,8577,0.2873,0.406
VOLVO,XC40,1,2,1984,0.9738,0.259
VOLVO,XC40,1,3,3442,0.9294,0.5561
VOLVO,XC40,1,4,655,0.8748,0.1477
VOLVO,XC40,1,5,100,0.84,0.0239
VOLVO,XC40,1,6,25,0.72,0.0132
VOLKSWAGEN,POLO,3,1+2,1061,0.7286,0.0336
VOLKSWAGEN,POLO,3,3,4369,0.5187,0.1888
VOLKSWAGEN,POLO,3,4,3685,0.3946,0.335
VOLKSWAGEN,POLO,3,5,1196,0.3453,0.277
VOLKSWAGEN,POLO,3,6,265,0.2528,0.1657
NISSAN,X-TRAIL,3,2+3,217,0.6037,0.2222
NISSAN,X-TRAIL,3,4,728,0.489,0.335
NISSAN,X-TRAIL,3,5,819,0.4054,0.277
NISSAN,X-TRAIL,3,6,617,0.295,0.1657
VOLKSWAGEN,UP!,3,2,579,0.7565,0.0334
VOLKSWAGEN,UP!,3,3,2084,0.5715,0.1888
VOLKSWAGEN,UP!,3,4,1334,0.4378,0.335
VOLKSWAGEN,UP!,3,5,377,0.3793,0.277
VOLKSWAGEN,UP!,3,6,62,0.2742,0.1657
MITSUBISHI,ASX,3,1+2,147,0.8639,0.0336
MITSUBISHI,ASX,3,3,1550,0.7555,0.1888
MITSUBISHI,ASX,3,4,3277,0.6063,0.335
MITSUBISHI,ASX,3,5,2705,0.4957,0.277
MITSUBISHI,ASX,3,6,1447,0.3801,0.1657
CITROËN,C4,1,2,501,0.6826,0.259
CITROËN,C4,1,3,1581,0.6161,0.5561
CITROËN,C4,1,4,386,0.5026,0.1477
CITROËN,C4,1,5+6,52,0.5385,0.0371
VOLKSWAGEN,TOURAN,2,2,38,0.7105,0.073
VOLKSWAGEN,TOURAN,2,3,560,0.7036,0.3658
VOLKSWAGEN,TOURAN,2,4,940,0.6372,0.3855
VOLKSWAGEN,TOURAN,2,5,387,0.5478,0.1301
VOLKSWAGEN,TOURAN,2,6,126,0.4762,0.0455
MAZDA,CX-5,3,2,129,0.8217,0.0334
MAZDA,CX-5,3,3,1718,0.6659,0.1888
MAZDA,CX-5,3,4,5322,0.5855,0.335
MAZDA,CX-5,3,5,5179,0.4989,0.277
MAZDA,CX-5,3,6,2170,0.4369,0.1657
SUZUKI,SX4,3,1+2,481,0.7609,0.0336
SUZUKI,SX4,3,3,2533,0.6609,0.1888
SUZUKI,SX4,3,4,2447,0.5644,0.335
SUZUKI,SX4,3,5,905,0.4508,0.277
SUZUKI,SX4,3,6,266,0.3647,0.1657
VOLVO,V90,2,2,39,0.7692,0.073
VOLVO,V90,2,3,772,0.7979,0.3658
VOLVO,V90,2,4,2197,0.7201,0.3855
VOLVO,V90,2,5,1093,0.667,0.1301
VOLVO,V90,2,6,569,0.5835,0.0455
VOLVO,XC60,3,2,39,0.9487,0.0334
VOLVO,XC60,3,3,712,0.7556,0.1888
VOLVO,XC60,3,4,3581,0.6727,0.335
VOLVO,XC60,3,5,5399,0.5949,0.277
VOLVO,XC60,3,6,4237,0.5367,0.1657
AUDI,Q5,3,2+3,287,0.7875,0.2222
AUDI,Q5,3,4,1538,0.6515,0.335
AUDI,Q5,3,5,2181,0.5438,0.277
AUDI,Q5,3,6,1542,0.5071,0.1657
TOYOTA,AVENSIS STW,4,1+2,49,0.7347,0.0128
TOYOTA,AVENSIS STW,4,3,645,0.6295,0.0879
TOYOTA,AVENSIS STW,4,4,2813,0.4792,0.2053
TOYOTA,AVENSIS STW,4,5,6219,0.3841,0.2881
TOYOTA,AVENSIS STW,4,6,10800,0.2737,0.406
FORD,MONDEO STATIONCAR,4,1,34,0.0588,0.0004
FORD,MONDEO STATIONCAR,4,2,30,0.7667,0.0124
FORD,MONDEO STATIONCAR,4,3,191,0.555,0.0879
FORD,MONDEO STATIONCAR,4,4,1347,0.4195,0.2053
FORD,MONDEO STATIONCAR,4,5,3913,0.3437,0.2881
FORD,MONDEO STATIONCAR,4,6,9773,0.2693,0.406
TOYOTA,Aygo X,3,2,370,0.6838,0.0334
TOYOTA,Aygo X,3,3,1152,0.5156,0.1888
TOYOTA,Aygo X,3,4,605,0.3339,0.335
TOYOTA,Aygo X,3,5,134,0.2761,0.277
TOYOTA,Aygo X,3,6,37,0.2432,0.1657
FORD,S-MAX,4,1+2+3,49,0.449,0.1007
FORD,S-MAX,4,4,319,0.4138,0.2053
FORD,S-MAX,4,5,1656,0.3237,0.2881
FORD,S-MAX,4,6,4290,0.2513,0.406
SKODA,CITIGO,3,2,247,0.7733,0.0334
SKODA,CITIGO,3,3,658,0.5775,0.1888
SKODA,CITIGO,3,4,401,0.4564,0.335
SKODA,CITIGO,3,5,135,0.3556,0.277
SKODA,CITIGO,3,6,39,0.3846,0.1657
MERCEDES-BENZ,A-Klasse,3,2,240,0.8,0.0334
MERCEDES-BENZ,A-Klasse,3,3,1763,0.6829,0.1888
MERCEDES-BENZ,A-Klasse,3,4,2577,0.6057,0.335
MERCEDES-BENZ,A-Klasse,3,5,1244,0.5394,0.277
MERCEDES-BENZ,A-Klasse,3,6,358,0.4525,0.1657
VOLKSWAGEN,T-Roc,1,2,2640,0.9322,0.259
VOLKSWAGEN,T-Roc,1,3,3864,0.8722,0.5561
VOLKSWAGEN,T-Roc,1,4,645,0.7798,0.1477
VOLKSWAGEN,T-Roc,1,5+6,109,0.6881,0.0371
RENAULT,CLIO,3,1+2,104,0.5577,0.0336
RENAULT,CLIO,3,3,649,0.4114,0.1888
RENAULT,CLIO,3,4,621,0.3076,0.335
RENAULT,CLIO,3,5,204,0.2206,0.277
RENAULT,CLIO,3,6,44,0.2045,0.1657
AUDI,A4 AVANT,3,2+3,213,0.7136,0.2222
AUDI,A4 AVANT,3,4,790,0.638,0.335
AUDI,A4 AVANT,3,5,1088,0.5147,0.277
AUDI,A4 AVANT,3,6,878,0.4487,0.1657
OPEL,Mokka,3,2,247,0.8381,0.0334
OPEL,Mokka,3,3,1413,0.6525,0.1888
OPEL,Mokka,3,4,1913,0.4971,0.335
OPEL,Mokka,3,5,786,0.3855,0.277
OPEL,Mokka,3,6,223,0.287,0.1657
SUZUKI,SWIFT,1,2,1770,0.8972,0.259
SUZUKI,SWIFT,1,3,2049,0.7784,0.5561
SUZUKI,SWIFT,1,4,317,0.6057,0.1477
SUZUKI,SWIFT,1,5+6,48,0.625,0.0371
FORD,FIESTA,3,1+2,645,0.6558,0.0336
FORD,FIESTA,3,3,3175,0.4567,0.1888
FORD,FIESTA,3,4,3302,0.3256,0.335
FORD,FIESTA,3,5,1211,0.2857,0.277
FORD,FIESTA,3,6,250,0.232,0.1657
VOLKSWAGEN,PASSAT,3,1+2,45,0.6667,0.0336
VOLKSWAGEN,PASSAT,3,3,688,0.6279,0.1888
VOLKSWAGEN,PASSAT,3,4,3966,0.5247,0.335
VOLKSWAGEN,PASSAT,3,5,6366,0.4717,0.277
VOLKSWAGEN,PASSAT,3,6,5589,0.4011,0.1657
SKODA,OCTAVIA,2,2,238,0.7731,0.073
SKODA,OCTAVIA,2,3,3264,0.7059,0.3658
SKODA,OCTAVIA,2,4,6238,0.6917,0.3855
SKODA,OCTAVIA,2,5,2938,0.6624,0.1301
SKODA,OCTAVIA,2,6,1024,0.5449,0.0455
AUDI,A3 Sportback,2,2,415,0.747,0.073
AUDI,A3 Sportback,2,3,3951,0.6679,0.3658
AUDI,A3 Sportback,2,4,3654,0.6218,0.3855
AUDI,A3 Sportback,2,5,726,0.5813,0.1301
AUDI,A3 Sportback,2,6,155,0.5355,0.0455
MERCEDES-BENZ,E-Klasse,4,1+2,59,0.5763,0.0128
MERCEDES-BENZ,E-Klasse,4,3,401,0.6209,0.0879
MERCEDES-BENZ,E-Klasse,4,4,1309,0.5095,0.2053
MERCEDES-BENZ,E-Klasse,4,5,2396,0.4445,0.2881
MERCEDES-BENZ,E-Klasse,4,6,7033,0.3498,0.406
FORD,MONDEO,4,1,34,0.0588,0.0004
FORD,MONDEO,4,2,30,0.7667,0.0124
FORD,MONDEO,4,3,191,0.555,0.0879
FORD,MONDEO,4,4,1347,0.4195,0.2053
FORD,MONDEO,4,5,3913,0.3437,0.2881
FORD,MONDEO,4,6,9773,0.2693,0.406
NISSAN,QASHQAI,1,2,1278,0.8498,0.259
NISSAN,QASHQAI,1,3,2861,0.8085,0.5561
NISSAN,QASHQAI,1,4,603,0.7446,0.1477
NISSAN,QASHQAI,1,5+6,56,0.625,0.0371
SKODA,RAPID,2,2,111,0.7928,0.073
SKODA,RAPID,2,3,640,0.6641,0.3658
SKODA,RAPID,2,4,498,0.5482,0.3855
SKODA,RAPID,2,5,114,0.5175,0.1301
SKODA,RAPID,2,6,26,0.3846,0.0455
SKODA,OCTAVIA,1,2,1870,0.8513,0.259
SKODA,OCTAVIA,1,3,8069,0.8108,0.5561
SKODA,OCTAVIA,1,4,3650,0.7389,0.1477
SKODA,OCTAVIA,1,5,876,0.6929,0.0239
SKODA,OCTAVIA,1,6,284,0.6197,0.0132
TOYOTA,YARIS 5-DØRS,2,2,4152,0.7748,0.073
TOYOTA,YARIS 5-DØRS,2,3,8067,0.6479,0.3658
TOYOTA,YARIS 5-DØRS,2,4,2491,0.5528,0.3855
TOYOTA,YARIS 5-DØRS,2,5,406,0.4532,0.1301
TOYOTA,YARIS 5-DØRS,2,6,107,0.4953,0.0455
VOLVO,V90,1,1+2,674,0.9065,0.2591
VOLVO,V90,1,3,5851,0.8305,0.5561
VOLVO,V90,1,4,3350,0.78,0.1477
VOLVO,V90,1,5,632,0.7342,0.0239
VOLVO,V90,1,6,421,0.7197,0.0132
CITROËN,C4 Cactus,3,2+3,287,0.4843,0.2222
CITROËN,C4 Cactus,3,4,352,0.3267,0.335
CITROËN,C4 Cactus,3,5+6,136,0.2353,0.4426
MAZDA,3,3,2,170,0.7882,0.0334
MAZDA,3,3,3,823,0.6197,0.1888
MAZDA,3,3,4,1189,0.5374,0.335
MAZDA,3,3,5,546,0.4377,0.277
MAZDA,3,3,6,152,0.4737,0.1657
FORD,B-MAX,3,1+2,151,0.6821,0.0336
FORD,B-MAX,3,3,489,0.4642,0.1888
FORD,B-MAX,3,4,373,0.311,0.335
FORD,B-MAX,3,5+6,116,0.2586,0.4426
BMW,3-Serie,3,2,61,0.7541,0.0334
BMW,3-Serie,3,3,794,0.6662,0.1888
BMW,3-Serie,3,4,2698,0.5582,0.335
BMW,3-Serie,3,5,3095,0.4817,0.277
BMW,3-Serie,3,6,2310,0.4056,0.1657
NISSAN,NOTE,3,2,105,0.819,0.0334
NISSAN,NOTE,3,3,388,0.6418,0.1888
NISSAN,NOTE,3,4,316,0.4968,0.335
NISSAN,NOTE,3,5,102,0.4412,0.277
NISSAN,NOTE,3,6,35,0.2286,0.1657
VOLKSWAGEN,GOLF,2,2,1518,0.836,0.073
VOLKSWAGEN,GOLF,2,3,10381,0.7369,0.3658
VOLKSWAGEN,GOLF,2,4,9548,0.6667,0.3855
VOLKSWAGEN,GOLF,2,5,2527,0.6233,0.1301
VOLKSWAGEN,GOLF,2,6,560,0.5643,0.0455
SKODA,OCTAVIA COMBI,3,2,116,0.7414,0.0334
SKODA,OCTAVIA COMBI,3,3,1684,0.6354,0.1888
SKODA,OCTAVIA COMBI,3,4,6334,0.5589,0.335
SKODA,OCTAVIA COMBI,3,5,6904,0.4742,0.277
SKODA,OCTAVIA COMBI,3,6,4281,0.3922,0.1657
VOLVO,XC60,2,1+2,140,0.9214,0.0731
VOLVO,XC60,2,3,2336,0.783,0.3658
VOLVO,XC60,2,4,4862,0.7291,0.3855
VOLVO,XC60,2,5,1875,0.6672,0.1301
VOLVO,XC60,2,6,519,0.5684,0.0455
BMW,5-Serie,4,1+2+3,172,0.6221,0.1007
BMW,5-Serie,4,4,834,0.4676,0.2053
BMW,5-Serie,4,5,2708,0.4066,0.2881
BMW,5-Serie,4,6,7163,0.3408,0.406
PEUGEOT,207,4,1+2,183,0.6066,0.0128
PEUGEOT,207,4,3,1296,0.3765,0.0879
PEUGEOT,207,4,4,2076,0.2505,0.2053
PEUGEOT,207,4,5,1437,0.2276,0.2881
PEUGEOT,207,4,6,494,0.2328,0.406
CITROËN,C5 Aircross,1,2,503,0.8489,0.259
CITROËN,C5 Aircross,1,3,879,0.7474,0.5561
CITROËN,C5 Aircross,1,4+5+6,145,0.6828,0.1848
PEUGEOT,208,3,1+2,493,0.7343,0.0336
PEUGEOT,208,3,3,2279,0.5524,0.1888
PEUGEOT,208,3,4,1800,0.3917,0.335
PEUGEOT,208,3,5,475,0.3179,0.277
PEUGEOT,208,3,6,105,0.2476,0.1657
HONDA,CR-V,4,1+2+3,255,0.6314,0.1007
HONDA,CR-V,4,4,1087,0.5336,0.2053
HONDA,CR-V,4,5,2702,0.4208,0.2881
HONDA,CR-V,4,6,5160,0.3169,0.406
SKODA,RAPID SPACEBACK,3,2,62,0.7419,0.0334
SKODA,RAPID SPACEBACK,3,3,521,0.5816,0.1888
SKODA,RAPID SPACEBACK,3,4,727,0.4746,0.335
SKODA,RAPID SPACEBACK,3,5,272,0.3787,0.277
SKODA,RAPID SPACEBACK,3,6,85,0.3647,0.1657
HYUNDAI,IX20,3,2,214,0.6869,0.0334
HYUNDAI,IX20,3,3,892,0.5224,0.1888
HYUNDAI,IX20,3,4,605,0.3669,0.335
HYUNDAI,IX20,3,5,174,0.3161,0.277
HYUNDAI,IX20,3,6,52,0.1923,0.1657
BMW,X5,3,2+3,104,0.6538,0.2222
BMW,X5,3,4,624,0.6186,0.335
BMW,X5,3,5,1157,0.5601,0.277
BMW,X5,3,6,799,0.5006,0.1657
RENAULT,Captur,3,2,81,0.6914,0.0334
RENAULT,Captur,3,3,451,0.5521,0.1888
RENAULT,Captur,3,4,323,0.4365,0.335
RENAULT,Captur,3,5+6,74,0.3514,0.4426
VOLVO,XC60,4,2+3,121,0.6612,0.1002
VOLVO,XC60,4,4,648,0.625,0.2053
VOLVO,XC60,4,5,2155,0.5675,0.2881
VOLVO,XC60,4,6,6410,0.4761,0.406
MINI,COOPER,3,2,99,0.7576,0.0334
MINI,COOPER,3,3,964,0.5892,0.1888
MINI,COOPER,3,4,1488,0.506,0.335
MINI,COOPER,3,5,618,0.4353,0.277
MINI,COOPER,3,6,139,0.3813,0.1657
AUDI,Q2,1,2,494,0.8826,0.259
AUDI,Q2,1,3,912,0.7785,0.5561
AUDI,Q2,1,4,152,0.7434,0.1477
AUDI,Q2,1,5+6,29,0.7241,0.0371
FORD,KUGA,2,1+2,108,0.8704,0.0731
FORD,KUGA,2,3,1204,0.8048,0.3658
FORD,KUGA,2,4,1840,0.7353,0.3855
FORD,KUGA,2,5,742,0.6092,0.1301
FORD,KUGA,2,6,173,0.5549,0.0455
FIAT,500,4,1+2,119,0.4454,0.0128
FIAT,500,4,3,875,0.3303,0.0879
FIAT,500,4,4,1300,0.2262,0.2053
FIAT,500,4,5,357,0.1877,0.2881
FIAT,500,4,6,54,0.1111,0.406
SUZUKI,SX4,4,1+2,162,0.6914,0.0128
SUZUKI,SX4,4,3,1145,0.5153,0.0879
SUZUKI,SX4,4,4,1675,0.3952,0.2053
SUZUKI,SX4,4,5,1245,0.2956,0.2881
SUZUKI,SX4,4,6,582,0.244,0.406
HYUNDAI,I 10,3,2,312,0.6314,0.0334
HYUNDAI,I 10,3,3,503,0.4036,0.1888
HYUNDAI,I 10,3,4,182,0.3462,0.335
HYUNDAI,I 10,3,5+6,49,0.2245,0.4426
AUDI,A3 Sportback,3,2,206,0.7573,0.0334
AUDI,A3 Sportback,3,3,2075,0.6337,0.1888
AUDI,A3 Sportback,3,4,3894,0.577,0.335
AUDI,A3 Sportback,3,5,2165,0.5298,0.277
AUDI,A3 Sportback,3,6,707,0.4809,0.1657
BMW,X3,2,1+2,53,0.8679,0.0731
BMW,X3,2,3,660,0.7152,0.3658
BMW,X3,2,4,1466,0.6569,0.3855
BMW,X3,2,5,697,0.5839,0.1301
BMW,X3,2,6,179,0.5307,0.0455
CITROËN,DS3,4,2+3,137,0.3942,0.1002
CITROËN,DS3,4,4,329,0.3131,0.2053
CITROËN,DS3,4,5,180,0.1944,0.2881
CITROËN,DS3,4,6,50,0.24,0.406
MAZDA,CX-3,2,2,793,0.8537,0.073
MAZDA,CX-3,2,3,2650,0.7732,0.3658
MAZDA,CX-3,2,4,1430,0.6937,0.3855
MAZDA,CX-3,2,5,217,0.6175,0.1301
MAZDA,CX-3,2,6,38,0.5526,0.0455
KIA,RIO,3,2,225,0.7111,0.0334
KIA,RIO,3,3,1016,0.5719,0.1888
KIA,RIO,3,4,933,0.4116,0.335
KIA,RIO,3,5,353,0.3456,0.277
KIA,RIO,3,6,95,0.2316,0.1657
SUZUKI,SWIFT,3,2,347,0.6888,0.0334
SUZUKI,SWIFT,3,3,1630,0.5571,0.1888
SUZUKI,SWIFT,3,4,1809,0.4483,0.335
SUZUKI,SWIFT,3,5,778,0.3303,0.277
SUZUKI,SWIFT,3,6,250,0.268,0.1657
TOYOTA,VERSO,4,2,40,0.725,0.0124
TOYOTA,VERSO,4,3,273,0.6007,0.0879
TOYOTA,VERSO,4,4,578,0.4619,0.2053
TOYOTA,VERSO,4,5,701,0.3438,0.2881
TOYOTA,VERSO,4,6,804,0.2438,0.406
PEUGEOT,508,3,1+2+3,254,0.5197,0.2224
PEUGEOT,508,3,4,1275,0.4784,0.335
PEUGEOT,508,3,5,1881,0.3897,0.277
PEUGEOT,508,3,6,1311,0.3532,0.1657
RENAULT,Captur,2,2,259,0.8108,0.073
RENAULT,Captur,2,3,659,0.6024,0.3658
RENAULT,Captur,2,4,234,0.4487,0.3855
RENAULT,Captur,2,5+6,35,0.4857,0.1756
VOLVO,XC90,1,1+2,839,0.9142,0.2591
VOLVO,XC90,1,3,5528,0.8652,0.5561
VOLVO,XC90,1,4,2037,0.7963,0.1477
VOLVO,XC90,1,5,223,0.7085,0.0239
VOLVO,XC90,1,6,48,0.625,0.0132
TOYOTA,RAV4 Plug in,1,1+2,7088,0.919,0.2591
TOYOTA,RAV4 Plug in,1,3,17295,0.8533,0.5561
TOYOTA,RAV4 Plug in,1,4,3715,0.7537,0.1477
TOYOTA,RAV4 Plug in,1,5,562,0.7046,0.0239
TOYOTA,RAV4 Plug in,1,6,583,0.6827,0.0132
KIA,PICANTO,2,2,440,0.7159,0.073
KIA,PICANTO,2,3,665,0.5398,0.3658
KIA,PICANTO,2,4,148,0.4189,0.3855
KIA,PICANTO,2,5+6,27,0.3333,0.1756
MAZDA,2,4,2,122,0.6311,0.0124
MAZDA,2,4,3,564,0.4362,0.0879
MAZDA,2,4,4,794,0.3023,0.2053
MAZDA,2,4,5,464,0.2522,0.2881
MAZDA,2,4,6,131,0.229,0.406
MERCEDES-BENZ,B-Klasse,3,2,193,0.7461,0.0334
MERCEDES-BENZ,B-Klasse,3,3,1232,0.595,0.1888
MERCEDES-BENZ,B-Klasse,3,4,1558,0.5109,0.335
MERCEDES-BENZ,B-Klasse,3,5,723,0.4288,0.277
MERCEDES-BENZ,B-Klasse,3,6,319,0.3448,0.1657
FORD,MONDEO STATIONCAR,2,2,64,0.8438,0.073
FORD,MONDEO STATIONCAR,2,3,1108,0.8132,0.3658
FORD,MONDEO STATIONCAR,2,4,2393,0.71,0.3855
FORD,MONDEO STATIONCAR,2,5,1412,0.6501,0.1301
FORD,MONDEO STATIONCAR,2,6,612,0.5882,0.0455
OPEL,Grandland X,1,2,735,0.9061,0.259
OPEL,Grandland X,1,3,1332,0.8221,0.5561
OPEL,Grandland X,1,4+5+6,201,0.6816,0.1848
TOYOTA,YARIS,4,2,559,0.6064,0.0124
TOYOTA,YARIS,4,3,3482,0.4589,0.0879
TOYOTA,YARIS,4,4,4704,0.3342,0.2053
TOYOTA,YARIS,4,5,2895,0.2732,0.2881
TOYOTA,YARIS,4,6,1205,0.1942,0.406
MERCEDES-BENZ,C-Klasse,2,2,251,0.8446,0.073
MERCEDES-BENZ,C-Klasse,2,3,2047,0.7196,0.3658
MERCEDES-BENZ,C-Klasse,2,4,2475,0.6129,0.3855
MERCEDES-BENZ,C-Klasse,2,5,777,0.5444,0.1301
MERCEDES-BENZ,C-Klasse,2,6,311,0.5305,0.0455
MERCEDES-BENZ,E-Klasse,1,1+2,593,0.9224,0.2591
MERCEDES-BENZ,E-Klasse,1,3,1786,0.8348,0.5561
MERCEDES-BENZ,E-Klasse,1,4,756,0.7368,0.1477
MERCEDES-BENZ,E-Klasse,1,5,254,0.6929,0.0239
MERCEDES-BENZ,E-Klasse,1,6,809,0.5958,0.0132
HONDA,JAZZ,4,2,115,0.713,0.0124
HONDA,JAZZ,4,3,708,0.5311,0.0879
HONDA,JAZZ,4,4,778,0.4254,0.2053
HONDA,JAZZ,4,5,389,0.3856,0.2881
HONDA,JAZZ,4,6,130,0.2846,0.406
KIA,SPORTAGE,1,2,245,0.9265,0.259
KIA,SPORTAGE,1,3,710,0.8352,0.5561
KIA,SPORTAGE,1,4,261,0.6628,0.1477
KIA,SPORTAGE,1,5+6,43,0.6047,0.0371
MERCEDES-BENZ,C,4,1+2,40,0.725,0.0128
MERCEDES-BENZ,C,4,3,470,0.5383,0.0879
MERCEDES-BENZ,C,4,4,1421,0.3863,0.2053
MERCEDES-BENZ,C,4,5,2278,0.3257,0.2881
MERCEDES-BENZ,C,4,6,3546,0.2676,0.406
TOYOTA,COROLLA,4,1+2,54,0.6481,0.0128
TOYOTA,COROLLA,4,3,385,0.5506,0.0879
TOYOTA,COROLLA,4,4,968,0.4256,0.2053
TOYOTA,COROLLA,4,5,1243,0.3484,0.2881
TOYOTA,COROLLA,4,6,1403,0.2523,0.406
NISSAN,JUKE,2,2,91,0.8022,0.073
NISSAN,JUKE,2,3,286,0.6294,0.3658
NISSAN,JUKE,2,4,122,0.5328,0.3855
NISSAN,JUKE,2,5+6,32,0.375,0.1756
PEUGEOT,2008,3,1+2,188,0.5957,0.0336
PEUGEOT,2008,3,3,1057,0.4465,0.1888
PEUGEOT,2008,3,4,1060,0.3896,0.335
PEUGEOT,2008,3,5,314,0.3344,0.277
PEUGEOT,2008,3,6,63,0.2698,0.1657
TOYOTA,RAV4 Plug in,4,2,37,0.7838,0.0124
TOYOTA,RAV4 Plug in,4,3,487,0.6324,0.0879
TOYOTA,RAV4 Plug in,4,4,1924,0.5223,0.2053
TOYOTA,RAV4 Plug in,4,5,3352,0.4036,0.2881
TOYOTA,RAV4 Plug in,4,6,4866,0.3144,0.406
DACIA,Duster,3,1+2+3,104,0.3942,0.2224
DACIA,Duster,3,4,204,0.2794,0.335
DACIA,Duster,3,5,128,0.1953,0.277
DACIA,Duster,3,6,53,0.2642,0.1657
NISSAN,NOTE,4,2,31,0.7097,0.0124
NISSAN,NOTE,4,3,206,0.5049,0.0879
NISSAN,NOTE,4,4,386,0.342,0.2053
NISSAN,NOTE,4,5,368,0.2418,0.2881
NISSAN,NOTE,4,6,206,0.2039,0.406
RENAULT,Captur,1,2,889,0.8616,0.259
RENAULT,Captur,1,3,600,0.71,0.5561
RENAULT,Captur,1,4+5,61,0.6066,0.1716
HYUNDAI,Ioniq,1,2,400,0.8675,0.259
HYUNDAI,Ioniq,1,3,1029,0.757,0.5561
HYUNDAI,Ioniq,1,4+5+6,245,0.6,0.1848
SKODA,SUPERB COMBI,4,2+3,47,0.4894,0.1002
SKODA,SUPERB COMBI,4,4,388,0.3866,0.2053
SKODA,SUPERB COMBI,4,5,1071,0.3361,0.2881
SKODA,SUPERB COMBI,4,6,2115,0.2757,0.406
OPEL,ASTRA SPORTS TOURER,3,2+3,303,0.6799,0.2222
OPEL,ASTRA SPORTS TOURER,3,4,770,0.5286,0.335
OPEL,ASTRA SPORTS TOURER,3,5,682,0.4619,0.277
OPEL,ASTRA SPORTS TOURER,3,6,307,0.4202,0.1657
CITROËN,C4 Cactus,1,2,297,0.7003,0.259
CITROËN,C4 Cactus,1,3,670,0.5925,0.5561
CITROËN,C4 Cactus,1,4+5+6,118,0.4153,0.1848
OPEL,ZAFIRA,3,1+2+3,83,0.6386,0.2224
OPEL,ZAFIRA,3,4,330,0.4758,0.335
OPEL,ZAFIRA,3,5,399,0.3985,0.277
OPEL,ZAFIRA,3,6,226,0.4071,0.1657
VOLKSWAGEN,CADDY,3,2,41,0.439,0.0334
VOLKSWAGEN,CADDY,3,3,131,0.4962,0.1888
VOLKSWAGEN,CADDY,3,4,275,0.4145,0.335
VOLKSWAGEN,CADDY,3,5,311,0.3537,0.277
VOLKSWAGEN,CADDY,3,6,364,0.3077,0.1657
HYUNDAI,i10 AC3,2,2,159,0.6918,0.073
HYUNDAI,i10 AC3,2,3,194,0.5361,0.3658
HYUNDAI,i10 AC3,2,4+5+6,58,0.4655,0.5611
SKODA,OCTAVIA COMBI,4,1+2,28,0.5,0.0128
SKODA,OCTAVIA COMBI,4,3,340,0.4882,0.0879
SKODA,OCTAVIA COMBI,4,4,1652,0.3947,0.2053
SKODA,OCTAVIA COMBI,4,5,3859,0.32,0.2881
SKODA,OCTAVIA COMBI,4,6,7038,0.2586,0.406
TOYOTA,Aygo X,4,2,246,0.5407,0.0124
TOYOTA,Aygo X,4,3,1095,0.3799,0.0879
TOYOTA,Aygo X,4,4,1146,0.2583,0.2053
TOYOTA,Aygo X,4,5,425,0.2306,0.2881
TOYOTA,Aygo X,4,6,95,0.1684,0.406
MERCEDES-BENZ,E-Klasse,2,2,145,0.8966,0.073
MERCEDES-BENZ,E-Klasse,2,3,785,0.7567,0.3658
MERCEDES-BENZ,E-Klasse,2,4,1061,0.6466,0.3855
MERCEDES-BENZ,E-Klasse,2,5,434,0.5714,0.1301
MERCEDES-BENZ,E-Klasse,2,6,1336,0.4873,0.0455
SUZUKI,SX4 COMBIBACK,3,1+2,481,0.7609,0.0336
SUZUKI,SX4 COMBIBACK,3,3,2533,0.6609,0.1888
SUZUKI,SX4 COMBIBACK,3,4,2447,0.5644,0.335
SUZUKI,SX4 COMBIBACK,3,5,905,0.4508,0.277
SUZUKI,SX4 COMBIBACK,3,6,266,0.3647,0.1657
CITROËN,C4 Cactus,2,2,103,0.6117,0.073
CITROËN,C4 Cactus,2,3,834,0.4664,0.3658
CITROËN,C4 Cactus,2,4,573,0.3543,0.3855
CITROËN,C4 Cactus,2,5+6,115,0.3217,0.1756
NISSAN,X-TRAIL,4,1+2+3,87,0.5977,0.1007
NISSAN,X-TRAIL,4,4,310,0.4613,0.2053
NISSAN,X-TRAIL,4,5,874,0.2906,0.2881
NISSAN,X-TRAIL,4,6,2366,0.2316,0.406
SKODA,RAPID SPACEBACK,2,2,111,0.7928,0.073
SKODA,RAPID SPACEBACK,2,3,640,0.6641,0.3658
SKODA,RAPID SPACEBACK,2,4,498,0.5482,0.3855
SKODA,RAPID SPACEBACK,2,5,114,0.5175,0.1301
SKODA,RAPID SPACEBACK,2,6,26,0.3846,0.0455
SUZUKI,SWIFT,4,2,149,0.6107,0.0124
SUZUKI,SWIFT,4,3,1011,0.4431,0.0879
SUZUKI,SWIFT,4,4,1659,0.3225,0.2053
SUZUKI,SWIFT,4,5,1052,0.269,0.2881
SUZUKI,SWIFT,4,6,400,0.23,0.406
MAZDA,MAZDA6,2,2,46,0.8913,0.073
MAZDA,MAZDA6,2,3,559,0.6959,0.3658
MAZDA,MAZDA6,2,4,1028,0.6566,0.3855
MAZDA,MAZDA6,2,5,488,0.5676,0.1301
MAZDA,MAZDA6,2,6,155,0.5613,0.0455
AUDI,Q5,2,2,34,0.8824,0.073
AUDI,Q5,2,3,525,0.7867,0.3658
AUDI,Q5,2,4,1139,0.7305,0.3855
AUDI,Q5,2,5,457,0.6411,0.1301
AUDI,Q5,2,6,115,0.6348,0.0455
PEUGEOT,508,1,2,259,0.8301,0.259
PEUGEOT,508,1,3,604,0.707,0.5561
PEUGEOT,508,1,4,168,0.625,0.1477
PEUGEOT,508,1,5+6,34,0.5882,0.0371
CITROËN,C3,3,1+2,117,0.6581,0.0336
CITROËN,C3,3,3,512,0.373,0.1888
CITROËN,C3,3,4,464,0.2651,0.335
CITROËN,C3,3,5,190,0.1895,0.277
CITROËN,C3,3,6,39,0.1538,0.1657
MAZDA,MAZDA3,3,2,170,0.7882,0.0334
MAZDA,MAZDA3,3,3,823,0.6197,0.1888
MAZDA,MAZDA3,3,4,1189,0.5374,0.335
MAZDA,MAZDA3,3,5,546,0.4377,0.277
MAZDA,MAZDA3,3,6,152,0.4737,0.1657
FORD,FOCUS,1,2,1754,0.862,0.259
FORD,FOCUS,1,3,3477,0.8007,0.5561
FORD,FOCUS,1,4,752,0.7101,0.1477
FORD,FOCUS,1,5+6,127,0.6614,0.0371
VOLKSWAGEN,POLO,2,2,1110,0.7946,0.073
VOLKSWAGEN,POLO,2,3,2934,0.65,0.3658
VOLKSWAGEN,POLO,2,4,1083,0.5845,0.3855
VOLKSWAGEN,POLO,2,5,134,0.5149,0.1301
VOLKSWAGEN,POLO,2,6,29,0.4483,0.0455
OPEL,ZAFIRA,4,2+3,42,0.4524,0.1002
OPEL,ZAFIRA,4,4,206,0.3204,0.2053
OPEL,ZAFIRA,4,5,418,0.244,0.2881
OPEL,ZAFIRA,4,6,509,0.2161,0.406
MERCEDES-BENZ,CLA,2,2,128,0.8281,0.073
MERCEDES-BENZ,CLA,2,3,1051,0.7031,0.3658
MERCEDES-BENZ,CLA,2,4,936,0.6677,0.3855
MERCEDES-BENZ,CLA,2,5,215,0.586,0.1301
MERCEDES-BENZ,CLA,2,6,47,0.5319,0.0455
KIA,CEED SW,3,2,109,0.6881,0.0334
KIA,CEED SW,3,3,810,0.5346,0.1888
KIA,CEED SW,3,4,1448,0.4075,0.335
KIA,CEED SW,3,5,892,0.3655,0.277
KIA,CEED SW,3,6,326,0.2945,0.1657
KIA,CEED,3,2,109,0.6881,0.0334
KIA,CEED,3,3,810,0.5346,0.1888
KIA,CEED,3,4,1448,0.4075,0.335
KIA,CEED,3,5,892,0.3655,0.277
KIA,CEED,3,6,326,0.2945,0.1657
KIA,PICANTO,4,2,46,0.4565,0.0124
KIA,PICANTO,4,3,300,0.3167,0.0879
KIA,PICANTO,4,4,217,0.1982,0.2053
KIA,PICANTO,4,5+6,89,0.1461,0.694
HYUNDAI,i30 Stc.,4,2,85,0.6235,0.0124
HYUNDAI,i30 Stc.,4,3,594,0.4731,0.0879
HYUNDAI,i30 Stc.,4,4,1173,0.3555,0.2053
HYUNDAI,i30 Stc.,4,5,1161,0.2601,0.2881
HYUNDAI,i30 Stc.,4,6,787,0.1995,0.406
AUDI,A6 AVANT,1,2,42,0.8333,0.259
AUDI,A6 AVANT,1,3,275,0.8545,0.5561
AUDI,A6 AVANT,1,4,163,0.8405,0.1477
AUDI,A6 AVANT,1,5+6,46,0.8261,0.0371
BMW,X5,4,2+3+4,178,0.5618,0.3056
BMW,X5,4,5,835,0.4443,0.2881
BMW,X5,4,6,2876,0.4179,0.406
VOLVO,V70,4,1+2,29,0.7586,0.0128
VOLVO,V70,4,3,148,0.6757,0.0879
VOLVO,V70,4,4,948,0.6002,0.2053
VOLVO,V70,4,5,3475,0.4786,0.2881
VOLVO,V70,4,6,13085,0.3645,0.406
FORD,C-MAX,3,2,48,0.7917,0.0334
FORD,C-MAX,3,3,404,0.6757,0.1888
FORD,C-MAX,3,4,725,0.5559,0.335
FORD,C-MAX,3,5,430,0.4256,0.277
FORD,C-MAX,3,6,222,0.4009,0.1657
FORD,FIESTA,1,1+2,1353,0.8965,0.2591
FORD,FIESTA,1,3,1650,0.7788,0.5561
FORD,FIESTA,1,4+5+6,216,0.6389,0.1848
TOYOTA,AVENSIS,2,2,151,0.9139,0.073
TOYOTA,AVENSIS,2,3,1320,0.825,0.3658
TOYOTA,AVENSIS,2,4,1737,0.7473,0.3855
TOYOTA,AVENSIS,2,5,566,0.6961,0.1301
TOYOTA,AVENSIS,2,6,161,0.5093,0.0455
FORD,FOCUS STATIONSVOGN,2,2,290,0.9034,0.073
FORD,FOCUS STATIONSVOGN,2,3,1930,0.7482,0.3658
FORD,FOCUS STATIONSVOGN,2,4,2142,0.6527,0.3855
FORD,FOCUS STATIONSVOGN,2,5,583,0.542,0.1301
FORD,FOCUS STATIONSVOGN,2,6,131,0.4351,0.0455
OPEL,ASTRA,2,1+2,131,0.8015,0.0731
OPEL,ASTRA,2,3,806,0.7754,0.3658
OPEL,ASTRA,2,4,764,0.6911,0.3855
OPEL,ASTRA,2,5,236,0.661,0.1301
OPEL,ASTRA,2,6,40,0.725,0.0455
FORD,MONDEO,1,2,82,0.9024,0.259
FORD,MONDEO,1,3,659,0.8194,0.5561
FORD,MONDEO,1,4,549,0.7814,0.1477
FORD,MONDEO,1,5,197,0.7056,0.0239
FORD,MONDEO,1,6,54,0.5556,0.0132
OPEL,CORSA,2,2,496,0.7399,0.073
OPEL,CORSA,2,3,874,0.6007,0.3658
OPEL,CORSA,2,4,280,0.4321,0.3855
OPEL,CORSA,2,5,31,0.2903,0.1301
KIA,CEED SW,4,2+3,93,0.5054,0.1002
KIA,CEED SW,4,4,247,0.336,0.2053
KIA,CEED SW,4,5,241,0.2697,0.2881
KIA,CEED SW,4,6,161,0.2919,0.406
OPEL,ASTRA,4,1+2,78,0.641,0.0128
OPEL,ASTRA,4,3,699,0.5436,0.0879
OPEL,ASTRA,4,4,1642,0.3837,0.2053
OPEL,ASTRA,4,5,1818,0.3124,0.2881
OPEL,ASTRA,4,6,1217,0.2424,0.406
OPEL,Crossland X,1,2,729,0.8546,0.259
OPEL,Crossland X,1,3,599,0.6427,0.5561
OPEL,Crossland X,1,4+5+6,49,0.5918,0.1848
MAZDA,3,2,2,194,0.7887,0.073
MAZDA,3,2,3,944,0.6356,0.3658
MAZDA,3,2,4,683,0.6032,0.3855
MAZDA,3,2,5,148,0.5608,0.1301
MAZDA,3,2,6,41,0.6098,0.0455
CITROËN,BERLINGO,2,2+3,115,0.6,0.4388
CITROËN,BERLINGO,2,4,106,0.4151,0.3855
CITROËN,BERLINGO,2,5+6,72,0.3472,0.1756
FORD,NY Focus,4,1+2,97,0.5567,0.0128
FORD,NY Focus,4,3,937,0.5165,0.0879
FORD,NY Focus,4,4,3091,0.3698,0.2053
FORD,NY Focus,4,5,4297,0.3072,0.2881
FORD,NY Focus,4,6,3590,0.2415,0.406
TOYOTA,AYGO 3/5-DØRS,2,2,179,0.7374,0.073
TOYOTA,AYGO 3/5-DØRS,2,3,318,0.5723,0.3658
TOYOTA,AYGO 3/5-DØRS,2,4,85,0.4,0.3855
TOYOTA,AYGO 3/5-DØRS,2,5+6,26,0.2692,0.1756
HONDA,CIVIC,1,2,197,0.8832,0.259
HONDA,CIVIC,1,3,316,0.7816,0.5561
HONDA,CIVIC,1,4+5+6,60,0.75,0.1848
SKODA,KAROQ,1,2,583,0.8885,0.259
SKODA,KAROQ,1,3,1325,0.8211,0.5561
SKODA,KAROQ,1,4,419,0.7613,0.1477
SKODA,KAROQ,1,5+6,86,0.6279,0.0371
BMW,X3,4,1+2+3,109,0.6422,0.1007
BMW,X3,4,4,496,0.496,0.2053
BMW,X3,4,5,1698,0.4429,0.2881
BMW,X3,4,6,3114,0.3857,0.406
CITROËN,C3 PICASSO,3,2+3,127,0.3622,0.2222
CITROËN,C3 PICASSO,3,4,160,0.3,0.335
CITROËN,C3 PICASSO,3,5+6,95,0.2105,0.4426
VOLKSWAGEN,POLO,1,1+2,2723,0.9119,0.2591
VOLKSWAGEN,POLO,1,3,2769,0.7837,0.5561
VOLKSWAGEN,POLO,1,4,304,0.7138,0.1477
VOLKSWAGEN,POLO,1,5+6,40,0.575,0.0371
RENAULT,MEGANE SPORT TOURER,4,1+2+3,209,0.3158,0.1007
RENAULT,MEGANE SPORT TOURER,4,4,488,0.207,0.2053
RENAULT,MEGANE SPORT TOURER,4,5,550,0.18,0.2881
RENAULT,MEGANE SPORT TOURER,4,6,375,0.1387,0.406
RENAULT,MEGANE,4,1+2+3,209,0.3158,0.1007
RENAULT,MEGANE,4,4,488,0.207,0.2053
RENAULT,MEGANE,4,5,550,0.18,0.2881
RENAULT,MEGANE,4,6,375,0.1387,0.406
MITSUBISHI,ASX,2,2,156,0.8782,0.073
MITSUBISHI,ASX,2,3,823,0.8238,0.3658
MITSUBISHI,ASX,2,4,703,0.6942,0.3855
MITSUBISHI,ASX,2,5,194,0.6649,0.1301
MITSUBISHI,ASX,2,6,36,0.6944,0.0455
FORD,FIESTA 5 DØRS,2,2,776,0.7113,0.073
FORD,FIESTA 5 DØRS,2,3,2353,0.5597,0.3658
FORD,FIESTA 5 DØRS,2,4,1092,0.4212,0.3855
FORD,FIESTA 5 DØRS,2,5+6,181,0.3867,0.1756
PEUGEOT,208,4,2+3,86,0.6047,0.1002
PEUGEOT,208,4,4,114,0.4123,0.2053
PEUGEOT,208,4,5+6,67,0.3134,0.694
CITROËN,C3 Aircross,1,2,353,0.728,0.259
CITROËN,C3 Aircross,1,3,382,0.6047,0.5561
CITROËN,C3 Aircross,1,4+5,47,0.5532,0.1716
OPEL,ZAFIRA,2,2+3,90,0.7333,0.4388
OPEL,ZAFIRA,2,4,97,0.5361,0.3855
OPEL,ZAFIRA,2,5+6,48,0.5417,0.1756
RENAULT,MEGANE SPORT TOURER,1,1+2,74,0.7568,0.2591
RENAULT,MEGANE SPORT TOURER,1,3,194,0.6546,0.5561
RENAULT,MEGANE SPORT TOURER,1,4+6,26,0.5,0.1609
KIA,CEE'D SW,2,2,77,0.7403,0.073
KIA,CEE'D SW,2,3,477,0.6289,0.3658
KIA,CEE'D SW,2,4,467,0.5418,0.3855
KIA,CEE'D SW,2,5,101,0.4257,0.1301
KIA,CEE'D SW,2,6,28,0.3929,0.0455
SUZUKI,SX4,2,2,365,0.874,0.073
SUZUKI,SX4,2,3,1189,0.7746,0.3658
SUZUKI,SX4,2,4,735,0.6844,0.3855
SUZUKI,SX4,2,5,159,0.5283,0.1301
SUZUKI,SX4,2,6,28,0.4643,0.0455
HYUNDAI,i10 AC3,3,2,312,0.6314,0.0334
HYUNDAI,i10 AC3,3,3,503,0.4036,0.1888
HYUNDAI,i10 AC3,3,4,182,0.3462,0.335
HYUNDAI,i10 AC3,3,5+6,49,0.2245,0.4426
FORD,MONDEO STATIONCAR,1,2,82,0.9024,0.259
FORD,MONDEO STATIONCAR,1,3,659,0.8194,0.5561
FORD,MONDEO STATIONCAR,1,4,549,0.7814,0.1477
FORD,MONDEO STATIONCAR,1,5,197,0.7056,0.0239
FORD,MONDEO STATIONCAR,1,6,54,0.5556,0.0132
AUDI,A1 SPORTBACK,2,2,205,0.761,0.073
AUDI,A1 SPORTBACK,2,3,734,0.624,0.3658
AUDI,A1 SPORTBACK,2,4,305,0.5672,0.3855
AUDI,A1 SPORTBACK,2,5+6,55,0.6545,0.1756
SKODA,RAPID,1,2,94,0.7128,0.259
SKODA,RAPID,1,3,290,0.7448,0.5561
SKODA,RAPID,1,4+5+6,98,0.5918,0.1848
TOYOTA,AYGO,2,2,179,0.7374,0.073
TOYOTA,AYGO,2,3,318,0.5723,0.3658
TOYOTA,AYGO,2,4,85,0.4,0.3855
TOYOTA,AYGO,2,5+6,26,0.2692,0.1756
PEUGEOT,207,3,2,46,0.7174,0.0334
PEUGEOT,207,3,3,186,0.4785,0.1888
PEUGEOT,207,3,4,242,0.3058,0.335
PEUGEOT,207,3,5,111,0.2162,0.277
PEUGEOT,207,3,6,25,0.24,0.1657
HYUNDAI,I30,3,2+3,44,0.5455,0.2222
HYUNDAI,I30,3,4,57,0.4386,0.335
HYUNDAI,I30,3,5+6,63,0.2698,0.4426
BMW,3-Serie,1,1+2,1129,0.8406,0.2591
BMW,3-Serie,1,3,2681,0.7523,0.5561
BMW,3-Serie,1,4,685,0.6774,0.1477
BMW,3-Serie,1,5,191,0.7016,0.0239
BMW,3-Serie,1,6,58,0.569,0.0132
OPEL,MERIVA,3,2,56,0.6071,0.0334
OPEL,MERIVA,3,3,279,0.5341,0.1888
OPEL,MERIVA,3,4,343,0.4402,0.335
OPEL,MERIVA,3,5,144,0.2917,0.277
OPEL,MERIVA,3,6,32,0.2812,0.1657
VOLKSWAGEN,Golf Sportsvan,1,2,161,0.913,0.259
VOLKSWAGEN,Golf Sportsvan,1,3,299,0.8896,0.5561
VOLKSWAGEN,Golf Sportsvan,1,4+5,42,0.6905,0.1716
VOLKSWAGEN,Golf Sportsvan,2,2,442,0.8891,0.073
VOLKSWAGEN,Golf Sportsvan,2,3,1487,0.7835,0.3658
VOLKSWAGEN,Golf Sportsvan,2,4,766,0.701,0.3855
VOLKSWAGEN,Golf Sportsvan,2,5+6,188,0.6543,0.1756
AUDI,A3 CABRIOLET,4,3,38,0.5789,0.0879
AUDI,A3 CABRIOLET,4,4,66,0.2576,0.2053
AUDI,A3 CABRIOLET,4,5+6,62,0.3548,0.694
HONDA,JAZZ,2,2,256,0.8086,0.073
HONDA,JAZZ,2,3,360,0.6972,0.3658
HONDA,JAZZ,2,4+5+6,111,0.5856,0.5611
VOLVO,V50,3,2+3,233,0.5837,0.2222
VOLVO,V50,3,4,947,0.4097,0.335
VOLVO,V50,3,5,1255,0.3506,0.277
VOLVO,V50,3,6,846,0.2872,0.1657
PEUGEOT,208,2,2,574,0.7544,0.073
PEUGEOT,208,2,3,1201,0.5637,0.3658
PEUGEOT,208,2,4,367,0.4223,0.3855
PEUGEOT,208,2,5+6,38,0.4474,0.1756
CITROËN,C1,2,2,128,0.7344,0.073
CITROËN,C1,2,3,230,0.5217,0.3658
CITROËN,C1,2,4+5+6,70,0.3429,0.5611
SUZUKI,SX4,1,2,751,0.9387,0.259
SUZUKI,SX4,1,3,1172,0.8831,0.5561
SUZUKI,SX4,1,4+5+6,131,0.771,0.1848
TOYOTA,AYGO 5-DØRS,3,2,370,0.6838,0.0334
TOYOTA,AYGO 5-DØRS,3,3,1152,0.5156,0.1888
TOYOTA,AYGO 5-DØRS,3,4,605,0.3339,0.335
TOYOTA,AYGO 5-DØRS,3,5,134,0.2761,0.277
TOYOTA,AYGO 5-DØRS,3,6,37,0.2432,0.1657
PEUGEOT,2008,2,2,569,0.7012,0.073
PEUGEOT,2008,2,3,1708,0.5521,0.3658
PEUGEOT,2008,2,4,773,0.4851,0.3855
PEUGEOT,2008,2,5+6,129,0.4651,0.1756
CITROËN,C4 PICASSO,4,2+3,40,0.45,0.1002
CITROËN,C4 PICASSO,4,4,196,0.2602,0.2053
CITROËN,C4 PICASSO,4,5,427,0.2248,0.2881
CITROËN,C4 PICASSO,4,6,395,0.1975,0.406
MAZDA,MAZDA2,2,2,319,0.837,0.073
MAZDA,MAZDA2,2,3,589,0.6876,0.3658
MAZDA,MAZDA2,2,4,180,0.6278,0.3855
MAZDA,MAZDA2,2,5+6,32,0.6875,0.1756
CITROËN,C4 PICASSO,2,1+2,30,0.7,0.0731
CITROËN,C4 PICASSO,2,3,446,0.5112,0.3658
CITROËN,C4 PICASSO,2,4,770,0.4273,0.3855
CITROËN,C4 PICASSO,2,5,227,0.37,0.1301
CITROËN,C4 PICASSO,2,6,38,0.3421,0.0455
VOLVO,V70,2,1+2+3,338,0.7929,0.4389
VOLVO,V70,2,4,1078,0.7468,0.3855
VOLVO,V70,2,5,697,0.7073,0.1301
VOLVO,V70,2,6,389,0.6555,0.0455
AUDI,A3,4,1+2,44,0.6136,0.0128
AUDI,A3,4,3,636,0.5142,0.0879
AUDI,A3,4,4,2209,0.4006,0.2053
AUDI,A3,4,5,3275,0.3243,0.2881
AUDI,A3,4,6,2623,0.2856,0.406
TOYOTA,VERSO,2,2,30,0.8333,0.073
TOYOTA,VERSO,2,3,83,0.7229,0.3658
TOYOTA,VERSO,2,4+5+6,65,0.4769,0.5611
KIA,RIO,4,2+3,74,0.4459,0.1002
KIA,RIO,4,4,96,0.3229,0.2053
KIA,RIO,4,5+6,78,0.3846,0.694
MERCEDES-BENZ,GLC,2,1+2,146,0.8767,0.0731
MERCEDES-BENZ,GLC,2,3,1713,0.735,0.3658
MERCEDES-BENZ,GLC,2,4,2339,0.6819,0.3855
MERCEDES-BENZ,GLC,2,5,713,0.6045,0.1301
MERCEDES-BENZ,GLC,2,6,153,0.5882,0.0455
SKODA,FABIA COMBI,4,1+2,79,0.6582,0.0128
SKODA,FABIA COMBI,4,3,821,0.4568,0.0879
SKODA,FABIA COMBI,4,4,1525,0.3331,0.2053
SKODA,FABIA COMBI,4,5,1249,0.2882,0.2881
SKODA,FABIA COMBI,4,6,578,0.2232,0.406
RENAULT,MEGANE,2,2+3,164,0.622,0.4388
RENAULT,MEGANE,2,4,124,0.5403,0.3855
RENAULT,MEGANE,2,5+6,38,0.3421,0.1756
FORD,FIESTA 5 DØRS,4,1+2,170,0.5706,0.0128
FORD,FIESTA 5 DØRS,4,3,1402,0.4044,0.0879
FORD,FIESTA 5 DØRS,4,4,3010,0.2864,0.2053
FORD,FIESTA 5 DØRS,4,5,2345,0.2328,0.2881
FORD,FIESTA 5 DØRS,4,6,979,0.2043,0.406
HONDA,JAZZ,1,2,517,0.8859,0.259
HONDA,JAZZ,1,3,253,0.7668,0.5561
HONDA,JAZZ,1,4+5,31,0.7742,0.1716
RENAULT,MEGANE,3,1+2+3,247,0.3603,0.2224
RENAULT,MEGANE,3,4,504,0.2599,0.335
RENAULT,MEGANE,3,5,388,0.2088,0.277
RENAULT,MEGANE,3,6,122,0.2131,0.1657
HYUNDAI,I40,2,2+3,39,0.6154,0.4388
HYUNDAI,I40,2,4,56,0.5179,0.3855
HYUNDAI,I40,2,5+6,28,0.3214,0.1756
AUDI,A3,3,1+2,263,0.7452,0.0336
AUDI,A3,3,3,2535,0.6201,0.1888
AUDI,A3,3,4,4991,0.56,0.335
AUDI,A3,3,5,2932,0.5048,0.277
AUDI,A3,3,6,1011,0.4619,0.1657
VOLVO,V60,4,1+2+3,107,0.6916,0.1007
VOLVO,V60,4,4,507,0.5621,0.2053
VOLVO,V60,4,5,1315,0.5027,0.2881
VOLVO,V60,4,6,1823,0.4295,0.406
KIA,Niro,1,1+2,1408,0.9084,0.2591
KIA,Niro,1,3,3106,0.8178,0.5561
KIA,Niro,1,4,818,0.7286,0.1477
KIA,Niro,1,5+6,100,0.6,0.0371
TOYOTA,Toyota C-HR,1,1+2,5548,0.8863,0.2591
TOYOTA,Toyota C-HR,1,3,7630,0.8164,0.5561
TOYOTA,Toyota C-HR,1,4,1086,0.7486,0.1477
TOYOTA,Toyota C-HR,1,5+6,135,0.6444,0.0371
OPEL,Mokka,2,2,478,0.8828,0.073
OPEL,Mokka,2,3,1608,0.6965,0.3658
OPEL,Mokka,2,4,797,0.6023,0.3855
OPEL,Mokka,2,5,146,0.5342,0.1301
OPEL,Mokka,2,6,26,0.4231,0.0455
CITROËN,C3,2,2,249,0.6627,0.073
CITROËN,C3,2,3,628,0.4475,0.3658
CITROËN,C3,2,4+5,223,0.426,0.5155
VOLKSWAGEN,PASSAT VARIANT,2,2,100,0.76,0.073
VOLKSWAGEN,PASSAT VARIANT,2,3,2956,0.6742,0.3658
VOLKSWAGEN,PASSAT VARIANT,2,4,6826,0.6406,0.3855
VOLKSWAGEN,PASSAT VARIANT,2,5,3140,0.6188,0.1301
VOLKSWAGEN,PASSAT VARIANT,2,6,1298,0.5832,0.0455
NISSAN,Qashqai J11A,2,2,532,0.8402,0.073
NISSAN,Qashqai J11A,2,3,3336,0.726,0.3658
NISSAN,Qashqai J11A,2,4,2821,0.6388,0.3855
NISSAN,Qashqai J11A,2,5,715,0.5147,0.1301
NISSAN,Qashqai J11A,2,6,99,0.3939,0.0455
SKODA,OCTAVIA COMBI,1,2,1870,0.8513,0.259
SKODA,OCTAVIA COMBI,1,3,8069,0.8108,0.5561
SKODA,OCTAVIA COMBI,1,4,3650,0.7389,0.1477
SKODA,OCTAVIA COMBI,1,5,876,0.6929,0.0239
SKODA,OCTAVIA COMBI,1,6,284,0.6197,0.0132
PEUGEOT,5008,1,2,657,0.7382,0.259
PEUGEOT,5008,1,3,3092,0.6721,0.5561
PEUGEOT,5008,1,4,937,0.635,0.1477
PEUGEOT,5008,1,5,156,0.6026,0.0239
PEUGEOT,5008,1,6,51,0.549,0.0132
FORD,MONDEO STATIONCAR,3,2,34,0.8529,0.0334
FORD,MONDEO STATIONCAR,3,3,495,0.6909,0.1888
FORD,MONDEO STATIONCAR,3,4,2363,0.5506,0.335
FORD,MONDEO STATIONCAR,3,5,3416,0.442,0.277
FORD,MONDEO STATIONCAR,3,6,3280,0.3771,0.1657
MITSUBISHI,SPACE STAR,3,2,414,0.7874,0.0334
MITSUBISHI,SPACE STAR,3,3,981,0.7166,0.1888
MITSUBISHI,SPACE STAR,3,4,506,0.6028,0.335
MITSUBISHI,SPACE STAR,3,5,146,0.5342,0.277
MITSUBISHI,SPACE STAR,3,6,43,0.3953,0.1657
HYUNDAI,I20,3,1+2,653,0.7473,0.0336
HYUNDAI,I20,3,3,2004,0.5584,0.1888
HYUNDAI,I20,3,4,1235,0.3854,0.335
HYUNDAI,I20,3,5,357,0.3193,0.277
HYUNDAI,I20,3,6,64,0.2188,0.1657
HYUNDAI,Tucson,1,2,670,0.9239,0.259
HYUNDAI,Tucson,1,3,1256,0.8487,0.5561
HYUNDAI,Tucson,1,4,239,0.7406,0.1477
HYUNDAI,Tucson,1,5+6,38,0.7105,0.0371
RENAULT,CLIO,2,1+2,110,0.5818,0.0731
RENAULT,CLIO,2,3,383,0.376,0.3658
RENAULT,CLIO,2,4,119,0.3613,0.3855
RENAULT,CLIO,2,5+6,29,0.3448,0.1756
SKODA,OCTAVIA COMBI,2,2,238,0.7731,0.073
SKODA,OCTAVIA COMBI,2,3,3264,0.7059,0.3658
SKODA,OCTAVIA COMBI,2,4,6238,0.6917,0.3855
SKODA,OCTAVIA COMBI,2,5,2938,0.6624,0.1301
SKODA,OCTAVIA COMBI,2,6,1024,0.5449,0.0455
MITSUBISHI,OUTLANDER,1,1+2,5212,0.8573,0.2591
MITSUBISHI,OUTLANDER,1,3,16860,0.7747,0.5561
MITSUBISHI,OUTLANDER,1,4,4495,0.6986,0.1477
MITSUBISHI,OUTLANDER,1,5,476,0.645,0.0239
MITSUBISHI,OUTLANDER,1,6,123,0.6179,0.0132
SUZUKI,IGNIS,1,2,936,0.8996,0.259
SUZUKI,IGNIS,1,3,652,0.8067,0.5561
SUZUKI,IGNIS,1,4+5+6,128,0.6641,0.1848
OPEL,INSIGNIA,4,1+2,27,0.7407,0.0128
OPEL,INSIGNIA,4,3,163,0.6626,0.0879
OPEL,INSIGNIA,4,4,756,0.4828,0.2053
OPEL,INSIGNIA,4,5,1534,0.3983,0.2881
OPEL,INSIGNIA,4,6,1995,0.3308,0.406
RENAULT,Ny Clio,3,1+2,104,0.5577,0.0336
RENAULT,Ny Clio,3,3,649,0.4114,0.1888
RENAULT,Ny Clio,3,4,621,0.3076,0.335
RENAULT,Ny Clio,3,5,204,0.2206,0.277
RENAULT,Ny Clio,3,6,44,0.2045,0.1657
TOYOTA,YARIS,2,2,4152,0.7748,0.073
TOYOTA,YARIS,2,3,8067,0.6479,0.3658
TOYOTA,YARIS,2,4,2491,0.5528,0.3855
TOYOTA,YARIS,2,5,406,0.4532,0.1301
TOYOTA,YARIS,2,6,107,0.4953,0.0455
TOYOTA,RAV4,2,2,677,0.7888,0.073
TOYOTA,RAV4,2,3,5468,0.7028,0.3658
TOYOTA,RAV4,2,4,6315,0.6518,0.3855
TOYOTA,RAV4,2,5,2032,0.6166,0.1301
TOYOTA,RAV4,2,6,626,0.5096,0.0455
VOLKSWAGEN,PASSAT,2,2,100,0.76,0.073
VOLKSWAGEN,PASSAT,2,3,2956,0.6742,0.3658
VOLKSWAGEN,PASSAT,2,4,6826,0.6406,0.3855
VOLKSWAGEN,PASSAT,2,5,3140,0.6188,0.1301
VOLKSWAGEN,PASSAT,2,6,1298,0.5832,0.0455
FORD,MONDEO,2,2,64,0.8438,0.073
FORD,MONDEO,2,3,1108,0.8132,0.3658
FORD,MONDEO,2,4,2393,0.71,0.3855
FORD,MONDEO,2,5,1412,0.6501,0.1301
FORD,MONDEO,2,6,612,0.5882,0.0455
TOYOTA,YARIS,3,1+2,2859,0.6898,0.0336
TOYOTA,YARIS,3,3,9580,0.5472,0.1888
TOYOTA,YARIS,3,4,6266,0.4261,0.335
TOYOTA,YARIS,3,5,1907,0.3623,0.277
TOYOTA,YARIS,3,6,516,0.2926,0.1657
VOLVO,V60,1,1+2,1537,0.9154,0.2591
VOLVO,V60,1,3,6559,0.8602,0.5561
VOLVO,V60,1,4,2392,0.8002,0.1477
VOLVO,V60,1,5,416,0.726,0.0239
VOLVO,V60,1,6,124,0.7339,0.0132
TOYOTA,Toyota C-HR,2,2,439,0.9066,0.073
TOYOTA,Toyota C-HR,2,3,2219,0.781,0.3658
TOYOTA,Toyota C-HR,2,4,1224,0.6944,0.3855
TOYOTA,Toyota C-HR,2,5,199,0.6432,0.1301
TOYOTA,Toyota C-HR,2,6,45,0.5333,0.0455
MERCEDES-BENZ,GLC,1,2,967,0.9245,0.259
MERCEDES-BENZ,GLC,1,3,3713,0.8379,0.5561
MERCEDES-BENZ,GLC,1,4,1369,0.7487,0.1477
MERCEDES-BENZ,GLC,1,5,192,0.7083,0.0239
MERCEDES-BENZ,GLC,1,6,35,0.5429,0.0132
PEUGEOT,108,3,2,73,0.6164,0.0334
PEUGEOT,108,3,3,154,0.4935,0.1888
PEUGEOT,108,3,4+5+6,74,0.3108,0.7776
SKODA,SUPERB COMBI,2,2,40,0.725,0.073
SKODA,SUPERB COMBI,2,3,940,0.65,0.3658
SKODA,SUPERB COMBI,2,4,2524,0.607,0.3855
SKODA,SUPERB COMBI,2,5,1383,0.5958,0.1301
SKODA,SUPERB COMBI,2,6,722,0.5111,0.0455
VOLKSWAGEN,TIGUAN,1,1+2,1200,0.865,0.2591
VOLKSWAGEN,TIGUAN,1,3,4641,0.8095,0.5561
VOLKSWAGEN,TIGUAN,1,4,1840,0.7832,0.1477
VOLKSWAGEN,TIGUAN,1,5,303,0.6865,0.0239
VOLKSWAGEN,TIGUAN,1,6,70,0.7286,0.0132
MERCEDES-BENZ,C,2,2,251,0.8446,0.073
MERCEDES-BENZ,C,2,3,2047,0.7196,0.3658
MERCEDES-BENZ,C,2,4,2475,0.6129,0.3855
MERCEDES-BENZ,C,2,5,777,0.5444,0.1301
MERCEDES-BENZ,C,2,6,311,0.5305,0.0455
MAZDA,MAZDA6,3,2,33,0.9091,0.0334
MAZDA,MAZDA6,3,3,301,0.6346,0.1888
MAZDA,MAZDA6,3,4,1204,0.5407,0.335
MAZDA,MAZDA6,3,5,1214,0.4629,0.277
MAZDA,MAZDA6,3,6,600,0.4117,0.1657
FORD,C-MAX,4,2+3,103,0.6214,0.1002
FORD,C-MAX,4,4,308,0.4188,0.2053
FORD,C-MAX,4,5,340,0.3265,0.2881
FORD,C-MAX,4,6,283,0.2933,0.406
OPEL,INSIGNIA,1,2,276,0.9058,0.259
OPEL,INSIGNIA,1,3,799,0.8811,0.5561
OPEL,INSIGNIA,1,4,224,0.808,0.1477
OPEL,INSIGNIA,1,5+6,66,0.7576,0.0371
TOYOTA,AURIS,3,2,1039,0.8229,0.0334
TOYOTA,AURIS,3,3,6745,0.7023,0.1888
TOYOTA,AURIS,3,4,9533,0.5853,0.335
TOYOTA,AURIS,3,5,4470,0.4926,0.277
TOYOTA,AURIS,3,6,1640,0.4244,0.1657
FORD,KA,4,2,36,0.6111,0.0124
FORD,KA,4,3,182,0.3297,0.0879
FORD,KA,4,4,167,0.2814,0.2053
FORD,KA,4,5+6,64,0.1875,0.694
VOLKSWAGEN,POLO,4,2,405,0.6617,0.0124
VOLKSWAGEN,POLO,4,3,2498,0.4516,0.0879
VOLKSWAGEN,POLO,4,4,4440,0.3248,0.2053
VOLKSWAGEN,POLO,4,5,3096,0.2729,0.2881
VOLKSWAGEN,POLO,4,6,1089,0.2222,0.406
OPEL,CORSA,3,2,314,0.6592,0.0334
OPEL,CORSA,3,3,925,0.4886,0.1888
OPEL,CORSA,3,4,609,0.3514,0.335
OPEL,CORSA,3,5,171,0.2924,0.277
OPEL,CORSA,3,6,32,0.2812,0.1657
FORD,NY Focus,2,2,290,0.9034,0.073
FORD,NY Focus,2,3,1930,0.7482,0.3658
FORD,NY Focus,2,4,2142,0.6527,0.3855
FORD,NY Focus,2,5,583,0.542,0.1301
FORD,NY Focus,2,6,131,0.4351,0.0455
SKODA,SUPERB,2,2,40,0.725,0.073
SKODA,SUPERB,2,3,940,0.65,0.3658
SKODA,SUPERB,2,4,2524,0.607,0.3855
SKODA,SUPERB,2,5,1383,0.5958,0.1301
SKODA,SUPERB,2,6,722,0.5111,0.0455
CITROËN,C4,3,1+2,103,0.6311,0.0336
CITROËN,C4,3,3,950,0.5284,0.1888
CITROËN,C4,3,4,2094,0.3811,0.335
CITROËN,C4,3,5,1561,0.319,0.277
CITROËN,C4,3,6,595,0.284,0.1657
RENAULT,MEGANE,1,1+2,74,0.7568,0.2591
RENAULT,MEGANE,1,3,194,0.6546,0.5561
RENAULT,MEGANE,1,4+6,26,0.5,0.1609
NISSAN,Qashqai J11A,3,2,298,0.8054,0.0334
NISSAN,Qashqai J11A,3,3,2363,0.6157,0.1888
NISSAN,Qashqai J11A,3,4,4335,0.4443,0.335
NISSAN,Qashqai J11A,3,5,2798,0.3256,0.277
NISSAN,Qashqai J11A,3,6,1080,0.2481,0.1657
MAZDA,MAZDA6,4,2+3,188,0.5,0.1002
MAZDA,MAZDA6,4,4,750,0.38,0.2053
MAZDA,MAZDA6,4,5,1563,0.2758,0.2881
MAZDA,MAZDA6,4,6,1753,0.2556,0.406
TOYOTA,RAV4 Plug in,2,2,677,0.7888,0.073
TOYOTA,RAV4 Plug in,2,3,5468,0.7028,0.3658
TOYOTA,RAV4 Plug in,2,4,6315,0.6518,0.3855
TOYOTA,RAV4 Plug in,2,5,2032,0.6166,0.1301
TOYOTA,RAV4 Plug in,2,6,626,0.5096,0.0455
NISSAN,X-TRAIL,1,2,95,0.7684,0.259
NISSAN,X-TRAIL,1,3,385,0.826,0.5561
NISSAN,X-TRAIL,1,4,167,0.7485,0.1477
NISSAN,X-TRAIL,1,5+6,30,0.6333,0.0371
MERCEDES-BENZ,C-Klasse,3,1+2,160,0.825,0.0336
MERCEDES-BENZ,C-Klasse,3,3,1122,0.6533,0.1888
MERCEDES-BENZ,C-Klasse,3,4,2269,0.5672,0.335
MERCEDES-BENZ,C-Klasse,3,5,1941,0.4317,0.277
MERCEDES-BENZ,C-Klasse,3,6,1305,0.3625,0.1657
SKODA,FABIA,4,1+2,79,0.6582,0.0128
SKODA,FABIA,4,3,821,0.4568,0.0879
SKODA,FABIA,4,4,1525,0.3331,0.2053
SKODA,FABIA,4,5,1249,0.2882,0.2881
SKODA,FABIA,4,6,578,0.2232,0.406
PEUGEOT,308,2,2,202,0.703,0.073
PEUGEOT,308,2,3,1834,0.5632,0.3658
PEUGEOT,308,2,4,1868,0.5032,0.3855
PEUGEOT,308,2,5,530,0.4283,0.1301
PEUGEOT,308,2,6,96,0.3542,0.0455
VOLKSWAGEN,T-Roc,2,2,45,0.8222,0.073
VOLKSWAGEN,T-Roc,2,3,146,0.7945,0.3658
VOLKSWAGEN,T-Roc,2,4+5+6,97,0.8454,0.5611
KIA,Optima,1,2,173,0.9133,0.259
KIA,Optima,1,3,1114,0.825,0.5561
KIA,Optima,1,4,447,0.6957,0.1477
KIA,Optima,1,5,67,0.6119,0.0239
KIA,Optima,1,6,32,0.6875,0.0132
FORD,S-MAX,3,2+3,148,0.6149,0.2222
FORD,S-MAX,3,4,1410,0.4362,0.335
FORD,S-MAX,3,5,2357,0.3674,0.277
FORD,S-MAX,3,6,1595,0.3191,0.1657
NISSAN,QASHQAI,4,2,57,0.6491,0.0124
NISSAN,QASHQAI,4,3,664,0.4684,0.0879
NISSAN,QASHQAI,4,4,2165,0.3095,0.2053
NISSAN,QASHQAI,4,5,3253,0.2358,0.2881
NISSAN,QASHQAI,4,6,2890,0.1803,0.406
HYUNDAI,I30,4,2,85,0.6235,0.0124
HYUNDAI,I30,4,3,594,0.4731,0.0879
HYUNDAI,I30,4,4,1173,0.3555,0.2053
HYUNDAI,I30,4,5,1161,0.2601,0.2881
HYUNDAI,I30,4,6,787,0.1995,0.406
NISSAN,MICRA,4,2,46,0.6522,0.0124
NISSAN,MICRA,4,3,214,0.3925,0.0879
NISSAN,MICRA,4,4,240,0.2917,0.2053
NISSAN,MICRA,4,5,114,0.2281,0.2881
NISSAN,MICRA,4,6,48,0.1458,0.406
OPEL,INSIGNIA,2,2,65,0.8,0.073
OPEL,INSIGNIA,2,3,520,0.7904,0.3658
OPEL,INSIGNIA,2,4,597,0.7186,0.3855
OPEL,INSIGNIA,2,5,242,0.6074,0.1301
OPEL,INSIGNIA,2,6,83,0.4578,0.0455
NISSAN,JUKE,3,1+2,100,0.62,0.0336
NISSAN,JUKE,3,3,558,0.4785,0.1888
NISSAN,JUKE,3,4,711,0.3586,0.335
NISSAN,JUKE,3,5,323,0.2198,0.277
NISSAN,JUKE,3,6,114,0.2193,0.1657
MITSUBISHI,OUTLANDER,3,2,63,0.8254,0.0334
MITSUBISHI,OUTLANDER,3,3,1235,0.6583,0.1888
MITSUBISHI,OUTLANDER,3,4,5285,0.501,0.335
MITSUBISHI,OUTLANDER,3,5,6425,0.4059,0.277
MITSUBISHI,OUTLANDER,3,6,3783,0.3373,0.1657
SUZUKI,SX4 COMBIBACK,2,2,365,0.874,0.073
SUZUKI,SX4 COMBIBACK,2,3,1189,0.7746,0.3658
SUZUKI,SX4 COMBIBACK,2,4,735,0.6844,0.3855
SUZUKI,SX4 COMBIBACK,2,5,159,0.5283,0.1301
SUZUKI,SX4 COMBIBACK,2,6,28,0.4643,0.0455
TOYOTA,AVENSIS,3,1+2,135,0.8148,0.0336
TOYOTA,AVENSIS,3,3,1301,0.731,0.1888
TOYOTA,AVENSIS,3,4,4109,0.6225,0.335
TOYOTA,AVENSIS,3,5,4308,0.5337,0.277
TOYOTA,AVENSIS,3,6,3014,0.4336,0.1657
BMW,5-Serie,1,1+2,785,0.8879,0.2591
BMW,5-Serie,1,3,2548,0.832,0.5561
BMW,5-Serie,1,4,924,0.7608,0.1477
BMW,5-Serie,1,5,205,0.7073,0.0239
BMW,5-Serie,1,6,81,0.5309,0.0132
NISSAN,JUKE,4,2+3,154,0.526,0.1002
NISSAN,JUKE,4,4,286,0.3147,0.2053
NISSAN,JUKE,4,5,208,0.2885,0.2881
NISSAN,JUKE,4,6,105,0.2476,0.406
MERCEDES-BENZ,C-Klasse,1,2,700,0.9129,0.259
MERCEDES-BENZ,C-Klasse,1,3,2141,0.8178,0.5561
MERCEDES-BENZ,C-Klasse,1,4,634,0.7177,0.1477
MERCEDES-BENZ,C-Klasse,1,5,127,0.6772,0.0239
MERCEDES-BENZ,C-Klasse,1,6,35,0.6,0.0132
HYUNDAI,I30CW,4,2,85,0.6235,0.0124
HYUNDAI,I30CW,4,3,594,0.4731,0.0879
HYUNDAI,I30CW,4,4,1173,0.3555,0.2053
HYUNDAI,I30CW,4,5,1161,0.2601,0.2881
HYUNDAI,I30CW,4,6,787,0.1995,0.406
KIA,CEED,1,2,307,0.8893,0.259
KIA,CEED,1,3,553,0.7957,0.5561
KIA,CEED,1,4+5+6,124,0.7419,0.1848
SUZUKI,SX4 S-Cross,3,2,310,0.8258,0.0334
SUZUKI,SX4 S-Cross,3,3,1665,0.7303,0.1888
SUZUKI,SX4 S-Cross,3,4,1516,0.6365,0.335
SUZUKI,SX4 S-Cross,3,5,560,0.5125,0.277
SUZUKI,SX4 S-Cross,3,6,157,0.4395,0.1657
TOYOTA,AYGO 3/5-DØRS,4,2,246,0.5407,0.0124
TOYOTA,AYGO 3/5-DØRS,4,3,1095,0.3799,0.0879
TOYOTA,AYGO 3/5-DØRS,4,4,1146,0.2583,0.2053
TOYOTA,AYGO 3/5-DØRS,4,5,425,0.2306,0.2881
TOYOTA,AYGO 3/5-DØRS,4,6,95,0.1684,0.406
CITROËN,C3,4,2,41,0.7317,0.0124
CITROËN,C3,4,3,416,0.3558,0.0879
CITROËN,C3,4,4,738,0.2453,0.2053
CITROËN,C3,4,5,564,0.2411,0.2881
CITROËN,C3,4,6,173,0.2081,0.406
VOLKSWAGEN,UP!,1,1+2,297,0.8653,0.2591
VOLKSWAGEN,UP!,1,3,347,0.7061,0.5561
VOLKSWAGEN,UP!,1,4+5+6,36,0.4444,0.1848
SUZUKI,ALTO,4,2,43,0.5581,0.0124
SUZUKI,ALTO,4,3,151,0.3775,0.0879
SUZUKI,ALTO,4,4,140,0.3143,0.2053
SUZUKI,ALTO,4,5+6,58,0.2931,0.694
FORD,Focus,2,2,290,0.9034,0.073
FORD,Focus,2,3,1930,0.7482,0.3658
FORD,Focus,2,4,2142,0.6527,0.3855
FORD,Focus,2,5,583,0.542,0.1301
FORD,Focus,2,6,131,0.4351,0.0455
MERCEDES-BENZ,CLA,1,1+2,387,0.8992,0.2591
MERCEDES-BENZ,CLA,1,3,792,0.798,0.5561
MERCEDES-BENZ,CLA,1,4+5+6,186,0.7204,0.1848
HYUNDAI,I 10,2,2,159,0.6918,0.073
HYUNDAI,I 10,2,3,194,0.5361,0.3658
HYUNDAI,I 10,2,4+5+6,58,0.4655,0.5611
HYUNDAI,I10,2,2,159,0.6918,0.073
HYUNDAI,I10,2,3,194,0.5361,0.3658
HYUNDAI,I10,2,4+5+6,58,0.4655,0.5611
AUDI,Q3,3,1+2,57,0.5263,0.0336
AUDI,Q3,3,3,478,0.5795,0.1888
AUDI,Q3,3,4,1130,0.4991,0.335
AUDI,Q3,3,5,848,0.4811,0.277
AUDI,Q3,3,6,386,0.4145,0.1657
RENAULT,Ny Clio,4,2+3,150,0.2333,0.1002
RENAULT,Ny Clio,4,4,200,0.205,0.2053
RENAULT,Ny Clio,4,5,132,0.2348,0.2881
RENAULT,Ny Clio,4,6,35,0.2571,0.406
HYUNDAI,IX20,4,2,36,0.6389,0.0124
HYUNDAI,IX20,4,3,298,0.4329,0.0879
HYUNDAI,IX20,4,4,367,0.297,0.2053
HYUNDAI,IX20,4,5,156,0.2436,0.2881
HYUNDAI,IX20,4,6,63,0.2222,0.406
RENAULT,Kadjar,2,2,30,0.8,0.073
RENAULT,Kadjar,2,3,276,0.6812,0.3658
RENAULT,Kadjar,2,4,283,0.6184,0.3855
RENAULT,Kadjar,2,5+6,99,0.4444,0.1756
NISSAN,NOTE,2,2,80,0.9125,0.073
NISSAN,NOTE,2,3,192,0.7865,0.3658
NISSAN,NOTE,2,4+5+6,86,0.6163,0.5611
MERCEDES-BENZ,GLE,2,2+3,200,0.81,0.4388
MERCEDES-BENZ,GLE,2,4,368,0.6793,0.3855
MERCEDES-BENZ,GLE,2,5,120,0.6333,0.1301
MERCEDES-BENZ,GLE,2,6,31,0.4516,0.0455
MERCEDES-BENZ,C-Klasse,4,1+2,40,0.725,0.0128
MERCEDES-BENZ,C-Klasse,4,3,470,0.5383,0.0879
MERCEDES-BENZ,C-Klasse,4,4,1421,0.3863,0.2053
MERCEDES-BENZ,C-Klasse,4,5,2278,0.3257,0.2881
MERCEDES-BENZ,C-Klasse,4,6,3546,0.2676,0.406
SUZUKI,VITARA,3,2,57,0.8246,0.0334
SUZUKI,VITARA,3,3,357,0.7703,0.1888
SUZUKI,VITARA,3,4,405,0.6444,0.335
SUZUKI,VITARA,3,5,185,0.5514,0.277
SUZUKI,VITARA,3,6,52,0.4615,0.1657
KIA,VENGA,4,2+3,188,0.5053,0.1002
KIA,VENGA,4,4,279,0.3584,0.2053
KIA,VENGA,4,5,153,0.3072,0.2881
KIA,VENGA,4,6,48,0.2708,0.406
MERCEDES-BENZ,GLC,3,2+3,49,0.5918,0.2222
MERCEDES-BENZ,GLC,3,4,128,0.6562,0.335
MERCEDES-BENZ,GLC,3,5,96,0.6458,0.277
MERCEDES-BENZ,GLC,3,6,38,0.6053,0.1657
AUDI,Q3,2,2,60,0.75,0.073
AUDI,Q3,2,3,539,0.6141,0.3658
AUDI,Q3,2,4,527,0.6262,0.3855
AUDI,Q3,2,5,136,0.6618,0.1301
AUDI,Q3,2,6,31,0.5161,0.0455
SKODA,RAPID SPACEBACK,1,2,94,0.7128,0.259
SKODA,RAPID SPACEBACK,1,3,290,0.7448,0.5561
SKODA,RAPID SPACEBACK,1,4+5+6,98,0.5918,0.1848
VOLVO,V40,4,2+3+4,92,0.5217,0.3056
VOLVO,V40,4,5,102,0.4706,0.2881
VOLVO,V40,4,6,49,0.3265,0.406
AUDI,Q3,4,2+3,27,0.6296,0.1002
AUDI,Q3,4,4,70,0.5143,0.2053
AUDI,Q3,4,5,100,0.35,0.2881
AUDI,Q3,4,6,96,0.4688,0.406
AUDI,Q5,1,2,194,0.9021,0.259
AUDI,Q5,1,3,873,0.8477,0.5561
AUDI,Q5,1,4,320,0.8156,0.1477
AUDI,Q5,1,5+6,51,0.7843,0.0371
FORD,NY Focus,1,2,1754,0.862,0.259
FORD,NY Focus,1,3,3477,0.8007,0.5561
FORD,NY Focus,1,4,752,0.7101,0.1477
FORD,NY Focus,1,5+6,127,0.6614,0.0371
MERCEDES-BENZ,B-Klasse,1,2,379,0.9314,0.259
MERCEDES-BENZ,B-Klasse,1,3,375,0.7653,0.5561
MERCEDES-BENZ,B-Klasse,1,4,41,0.6585,0.1477
MERCEDES-BENZ,B-Klasse,1,5+6,61,0.5574,0.0371
SKODA,SUPERB,4,2+3,47,0.4894,0.1002
SKODA,SUPERB,4,4,388,0.3866,0.2053
SKODA,SUPERB,4,5,1071,0.3361,0.2881
SKODA,SUPERB,4,6,2115,0.2757,0.406
MAZDA,MAZDA3,4,2,51,0.7059,0.0124
MAZDA,MAZDA3,4,3,488,0.5266,0.0879
MAZDA,MAZDA3,4,4,1151,0.344,0.2053
MAZDA,MAZDA3,4,5,1093,0.2845,0.2881
MAZDA,MAZDA3,4,6,545,0.2514,0.406
OPEL,ASTRA SPORTS TOURER,2,2+3,153,0.8039,0.4388
OPEL,ASTRA SPORTS TOURER,2,4,150,0.72,0.3855
OPEL,ASTRA SPORTS TOURER,2,5+6,71,0.6056,0.1756
FORD,GALAXY,4,1+3,25,0.4,0.0883
FORD,GALAXY,4,4,71,0.2817,0.2053
FORD,GALAXY,4,5,441,0.2562,0.2881
FORD,GALAXY,4,6,1532,0.2363,0.406
RENAULT,Kadjar,1,2,68,0.8235,0.259
RENAULT,Kadjar,1,3,212,0.7358,0.5561
RENAULT,Kadjar,1,4+5,76,0.6974,0.1716
TOYOTA,AYGO,3,2,370,0.6838,0.0334
TOYOTA,AYGO,3,3,1152,0.5156,0.1888
TOYOTA,AYGO,3,4,605,0.3339,0.335
TOYOTA,AYGO,3,5,134,0.2761,0.277
TOYOTA,AYGO,3,6,37,0.2432,0.1657
MAZDA,CX-5,1,2,1155,0.8364,0.259
MAZDA,CX-5,1,3,3532,0.7911,0.5561
MAZDA,CX-5,1,4,1168,0.7637,0.1477
MAZDA,CX-5,1,5+6,187,0.6578,0.0371
MERCEDES-BENZ,E,3,1+2,72,0.7778,0.0336
MERCEDES-BENZ,E,3,3,663,0.641,0.1888
MERCEDES-BENZ,E,3,4,1680,0.5429,0.335
MERCEDES-BENZ,E,3,5,1895,0.5045,0.277
MERCEDES-BENZ,E,3,6,3871,0.3945,0.1657
PEUGEOT,108,2,2,204,0.7941,0.073
PEUGEOT,108,2,3,309,0.5534,0.3658
PEUGEOT,108,2,4+5+6,88,0.3295,0.5611
HYUNDAI,i30 Stc.,3,2+3,44,0.5455,0.2222
HYUNDAI,i30 Stc.,3,4,57,0.4386,0.335
HYUNDAI,i30 Stc.,3,5+6,63,0.2698,0.4426
MAZDA,2,2,2,319,0.837,0.073
MAZDA,2,2,3,589,0.6876,0.3658
MAZDA,2,2,4,180,0.6278,0.3855
MAZDA,2,2,5+6,32,0.6875,0.1756
HYUNDAI,I40,3,1+2+3,227,0.4009,0.2224
HYUNDAI,I40,3,4,810,0.4074,0.335
HYUNDAI,I40,3,5,907,0.3385,0.277
HYUNDAI,I40,3,6,522,0.2912,0.1657
BMW,4-serie,3,2+3,74,0.8243,0.2222
BMW,4-serie,3,4,160,0.575,0.335
BMW,4-serie,3,5,134,0.403,0.277
BMW,4-serie,3,6,54,0.3333,0.1657
KIA,CEE'D SW,4,2+3,93,0.5054,0.1002
KIA,CEE'D SW,4,4,247,0.336,0.2053
KIA,CEE'D SW,4,5,241,0.2697,0.2881
KIA,CEE'D SW,4,6,161,0.2919,0.406
KIA,CEED,4,2+3,93,0.5054,0.1002
KIA,CEED,4,4,247,0.336,0.2053
KIA,CEED,4,5,241,0.2697,0.2881
KIA,CEED,4,6,161,0.2919,0.406
CITROËN,C3,1,2,1000,0.747,0.259
CITROËN,C3,1,3,1272,0.5825,0.5561
CITROËN,C3,1,4+5+6,144,0.4444,0.1848
SUZUKI,SX4 COMBIBACK,1,2,751,0.9387,0.259
SUZUKI,SX4 COMBIBACK,1,3,1172,0.8831,0.5561
SUZUKI,SX4 COMBIBACK,1,4+5+6,131,0.771,0.1848
FIAT,PANDA,3,2,47,0.5957,0.0334
FIAT,PANDA,3,3,154,0.4221,0.1888
FIAT,PANDA,3,4+5+6,131,0.3053,0.7776
FORD,KA,3,2,120,0.7,0.0334
FORD,KA,3,3,247,0.4251,0.1888
FORD,KA,3,4+5+6,138,0.2754,0.7776
AUDI,A5 SPORTBACK,1,2,33,0.8788,0.259
AUDI,A5 SPORTBACK,1,3,148,0.8311,0.5561
AUDI,A5 SPORTBACK,1,4+5+6,52,0.8269,0.1848
VOLKSWAGEN,PASSAT VARIANT,3,1+2,45,0.6667,0.0336
VOLKSWAGEN,PASSAT VARIANT,3,3,688,0.6279,0.1888
VOLKSWAGEN,PASSAT VARIANT,3,4,3966,0.5247,0.335
VOLKSWAGEN,PASSAT VARIANT,3,5,6366,0.4717,0.277
VOLKSWAGEN,PASSAT VARIANT,3,6,5589,0.4011,0.1657
FORD,KUGA,3,1+2,56,0.8393,0.0336
FORD,KUGA,3,3,619,0.7141,0.1888
FORD,KUGA,3,4,2364,0.6125,0.335
FORD,KUGA,3,5,2631,0.5169,0.277
FORD,KUGA,3,6,1500,0.4333,0.1657
NISSAN,Qashqai J11A,4,2,57,0.6491,0.0124
NISSAN,Qashqai J11A,4,3,664,0.4684,0.0879
NISSAN,Qashqai J11A,4,4,2165,0.3095,0.2053
NISSAN,Qashqai J11A,4,5,3253,0.2358,0.2881
NISSAN,Qashqai J11A,4,6,2890,0.1803,0.406
VOLKSWAGEN,CADDY,4,2+3,51,0.4706,0.1002
VOLKSWAGEN,CADDY,4,4,157,0.4076,0.2053
VOLKSWAGEN,CADDY,4,5,276,0.279,0.2881
VOLKSWAGEN,CADDY,4,6,598,0.291,0.406
OPEL,INSIGNIA,3,2+3,332,0.6777,0.2222
OPEL,INSIGNIA,3,4,1055,0.5678,0.335
OPEL,INSIGNIA,3,5,1233,0.515,0.277
OPEL,INSIGNIA,3,6,863,0.438,0.1657
SKODA,OCTAVIA,4,1+2,28,0.5,0.0128
SKODA,OCTAVIA,4,3,340,0.4882,0.0879
SKODA,OCTAVIA,4,4,1652,0.3947,0.2053
SKODA,OCTAVIA,4,5,3859,0.32,0.2881
SKODA,OCTAVIA,4,6,7038,0.2586,0.406
KIA,CEE'D SW,3,2,109,0.6881,0.0334
KIA,CEE'D SW,3,3,810,0.5346,0.1888
KIA,CEE'D SW,3,4,1448,0.4075,0.335
KIA,CEE'D SW,3,5,892,0.3655,0.277
KIA,CEE'D SW,3,6,326,0.2945,0.1657
TOYOTA,AYGO,4,2,246,0.5407,0.0124
TOYOTA,AYGO,4,3,1095,0.3799,0.0879
TOYOTA,AYGO,4,4,1146,0.2583,0.2053
TOYOTA,AYGO,4,5,425,0.2306,0.2881
TOYOTA,AYGO,4,6,95,0.1684,0.406
MINI,COOPER,4,2,26,0.6923,0.0124
MINI,COOPER,4,3,390,0.4077,0.0879
MINI,COOPER,4,4,1092,0.3077,0.2053
MINI,COOPER,4,5,874,0.2769,0.2881
MINI,COOPER,4,6,290,0.2448,0.406
AUDI,A6 AVANT,3,2+3,77,0.7143,0.2222
AUDI,A6 AVANT,3,4,506,0.7213,0.335
AUDI,A6 AVANT,3,5,930,0.6839,0.277
AUDI,A6 AVANT,3,6,650,0.64,0.1657
FORD,FOCUS STATIONSVOGN,3,1+2,273,0.7619,0.0336
FORD,FOCUS STATIONSVOGN,3,3,2618,0.605,0.1888
FORD,FOCUS STATIONSVOGN,3,4,5973,0.4817,0.335
FORD,FOCUS STATIONSVOGN,3,5,4479,0.4099,0.277
FORD,FOCUS STATIONSVOGN,3,6,1914,0.3417,0.1657
AUDI,A6 AVANT,2,2+3,153,0.817,0.4388
AUDI,A6 AVANT,2,4,556,0.7626,0.3855
AUDI,A6 AVANT,2,5,274,0.7299,0.1301
AUDI,A6 AVANT,2,6,84,0.6786,0.0455
MAZDA,CX-5,2,2,258,0.845,0.073
MAZDA,CX-5,2,3,2646,0.7033,0.3658
MAZDA,CX-5,2,4,4127,0.6591,0.3855
MAZDA,CX-5,2,5,1553,0.6033,0.1301
MAZDA,CX-5,2,6,371,0.5499,0.0455
HONDA,CIVIC,3,2,91,0.8242,0.0334
HONDA,CIVIC,3,3,652,0.7485,0.1888
HONDA,CIVIC,3,4,928,0.6401,0.335
HONDA,CIVIC,3,5,506,0.5751,0.277
HONDA,CIVIC,3,6,192,0.4688,0.1657
MAZDA,MAZDA2,4,2,122,0.6311,0.0124
MAZDA,MAZDA2,4,3,564,0.4362,0.0879
MAZDA,MAZDA2,4,4,794,0.3023,0.2053
MAZDA,MAZDA2,4,5,464,0.2522,0.2881
MAZDA,MAZDA2,4,6,131,0.229,0.406
BMW,2-Serie,3,2,48,0.75,0.0334
BMW,2-Serie,3,3,263,0.6996,0.1888
BMW,2-Serie,3,4,378,0.6032,0.335
BMW,2-Serie,3,5,193,0.6218,0.277
BMW,2-Serie,3,6,67,0.3881,0.1657
TOYOTA,AVENSIS STW,2,2,151,0.9139,0.073
TOYOTA,AVENSIS STW,2,3,1320,0.825,0.3658
TOYOTA,AVENSIS STW,2,4,1737,0.7473,0.3855
TOYOTA,AVENSIS STW,2,5,566,0.6961,0.1301
TOYOTA,AVENSIS STW,2,6,161,0.5093,0.0455
SKODA,FABIA,2,2,440,0.7614,0.073
SKODA,FABIA,2,3,1628,0.6443,0.3658
SKODA,FABIA,2,4,922,0.5781,0.3855
SKODA,FABIA,2,5,198,0.4596,0.1301
SKODA,FABIA,2,6,36,0.3889,0.0455
MERCEDES-BENZ,GLA,2,1+2,165,0.903,0.0731
MERCEDES-BENZ,GLA,2,3,852,0.7829,0.3658
MERCEDES-BENZ,GLA,2,4,598,0.6923,0.3855
MERCEDES-BENZ,GLA,2,5,154,0.6364,0.1301
MERCEDES-BENZ,GLA,2,6,36,0.4167,0.0455
SKODA,SUPERB COMBI,1,2,615,0.7675,0.259
SKODA,SUPERB COMBI,1,3,3484,0.7113,0.5561
SKODA,SUPERB COMBI,1,4,1854,0.6268,0.1477
SKODA,SUPERB COMBI,1,5,511,0.6067,0.0239
SKODA,SUPERB COMBI,1,6,249,0.5221,0.0132
BMW,X1,1,2,2380,0.9353,0.259
BMW,X1,1,3,3736,0.8557,0.5561
BMW,X1,1,4,768,0.7643,0.1477
BMW,X1,1,5,158,0.7025,0.0239
BMW,X1,1,6,38,0.6842,0.0132
HONDA,CIVIC,4,1+2,56,0.6071,0.0128
HONDA,CIVIC,4,3,417,0.4365,0.0879
HONDA,CIVIC,4,4,1025,0.3541,0.2053
HONDA,CIVIC,4,5,906,0.2804,0.2881
HONDA,CIVIC,4,6,576,0.2205,0.406
AUDI,A5 SPORTBACK,3,2+3,100,0.7,0.2222
AUDI,A5 SPORTBACK,3,4,334,0.5928,0.335
AUDI,A5 SPORTBACK,3,5,287,0.5401,0.277
AUDI,A5 SPORTBACK,3,6,159,0.478,0.1657
HYUNDAI,IX20,2,2,75,0.8267,0.073
HYUNDAI,IX20,2,3,115,0.6783,0.3658
HYUNDAI,IX20,2,4+5,40,0.425,0.5155
PEUGEOT,5008,2,2+3,415,0.6,0.4388
PEUGEOT,5008,2,4,673,0.474,0.3855
PEUGEOT,5008,2,5,177,0.452,0.1301
PEUGEOT,5008,2,6,47,0.383,0.0455
AUDI,A3 Sportback,4,2+3,32,0.4375,0.1002
AUDI,A3 Sportback,4,4,74,0.4189,0.2053
AUDI,A3 Sportback,4,5,83,0.3976,0.2881
AUDI,A3 Sportback,4,6,38,0.3684,0.406
PEUGEOT,2008,1,2,1248,0.8021,0.259
PEUGEOT,2008,1,3,1327,0.682,0.5561
PEUGEOT,2008,1,4+5+6,172,0.5523,0.1848
HYUNDAI,Ioniq,2,2,74,0.7973,0.073
HYUNDAI,Ioniq,2,3,414,0.6812,0.3658
HYUNDAI,Ioniq,2,4,280,0.6179,0.3855
HYUNDAI,Ioniq,2,5+6,66,0.5303,0.1756
TOYOTA,YARIS,1,1+2,9582,0.8508,0.2591
TOYOTA,YARIS,1,3,6544,0.7399,0.5561
TOYOTA,YARIS,1,4,654,0.5657,0.1477
TOYOTA,YARIS,1,5,74,0.4189,0.0239
TOYOTA,YARIS,1,6,28,0.5357,0.0132
VOLKSWAGEN,TOURAN,1,2,204,0.8578,0.259
VOLKSWAGEN,TOURAN,1,3,959,0.7414,0.5561
VOLKSWAGEN,TOURAN,1,4,339,0.7404,0.1477
VOLKSWAGEN,TOURAN,1,5,64,0.6719,0.0239
VOLKSWAGEN,TOURAN,1,6,29,0.6207,0.0132
AUDI,A3,1,2,840,0.8202,0.259
AUDI,A3,1,3,2635,0.7355,0.5561
AUDI,A3,1,4,552,0.6884,0.1477
AUDI,A3,1,5+6,88,0.6364,0.0371
AUDI,A3 Sportback,1,2,621,0.8196,0.259
AUDI,A3 Sportback,1,3,2463,0.7312,0.5561
AUDI,A3 Sportback,1,4,536,0.6922,0.1477
AUDI,A3 Sportback,1,5+6,78,0.641,0.0371
MERCEDES-BENZ,GLE,1,2,456,0.9145,0.259
MERCEDES-BENZ,GLE,1,3,1421,0.8628,0.5561
MERCEDES-BENZ,GLE,1,4,272,0.7868,0.1477
MERCEDES-BENZ,GLE,1,5+6,44,0.75,0.0371
FORD,FIESTA,2,2,776,0.7113,0.073
FORD,FIESTA,2,3,2353,0.5597,0.3658
FORD,FIESTA,2,4,1092,0.4212,0.3855
FORD,FIESTA,2,5+6,181,0.3867,0.1756
CITROËN,C 1,3,2,120,0.6083,0.0334
CITROËN,C 1,3,3,432,0.4306,0.1888
CITROËN,C 1,3,4,269,0.3048,0.335
CITROËN,C 1,3,5+6,59,0.1695,0.4426
CITROËN,C1,3,2,120,0.6083,0.0334
CITROËN,C1,3,3,432,0.4306,0.1888
CITROËN,C1,3,4,269,0.3048,0.335
CITROËN,C1,3,5+6,59,0.1695,0.4426
KIA,CEED SW,2,2,77,0.7403,0.073
KIA,CEED SW,2,3,477,0.6289,0.3658
KIA,CEED SW,2,4,467,0.5418,0.3855
KIA,CEED SW,2,5,101,0.4257,0.1301
KIA,CEED SW,2,6,28,0.3929,0.0455
TOYOTA,COROLLA,3,2+3,70,0.6,0.2222
TOYOTA,COROLLA,3,4,114,0.307,0.335
TOYOTA,COROLLA,3,5,69,0.3768,0.277
TOYOTA,COROLLA,3,6,31,0.3226,0.1657
BMW,4-serie,2,2+3,168,0.6905,0.4388
BMW,4-serie,2,4,232,0.5862,0.3855
BMW,4-serie,2,5,67,0.4925,0.1301
BMW,4-serie,2,6,42,0.619,0.0455
TOYOTA,AVENSIS STW,1,2,55,0.9273,0.259
TOYOTA,AVENSIS STW,1,3,351,0.8547,0.5561
TOYOTA,AVENSIS STW,1,4,105,0.7714,0.1477
TOYOTA,AVENSIS STW,1,5+6,27,0.5926,0.0371
PEUGEOT,208,1,2,619,0.8336,0.259
PEUGEOT,208,1,3,477,0.6834,0.5561
PEUGEOT,208,1,4+5+6,27,0.4444,0.1848
KIA,RIO,2,2,240,0.8125,0.073
KIA,RIO,2,3,598,0.709,0.3658
KIA,RIO,2,4,270,0.6148,0.3855
KIA,RIO,2,5+6,46,0.5,0.1756
AUDI,A1 SPORTBACK,1,2,371,0.7951,0.259
AUDI,A1 SPORTBACK,1,3,479,0.7244,0.5561
AUDI,A1 SPORTBACK,1,4+5,52,0.75,0.1716
MAZDA,Mazda CX-30,1,2,1217,0.8521,0.259
MAZDA,Mazda CX-30,1,3,1152,0.7934,0.5561
MAZDA,Mazda CX-30,1,4+5,89,0.8652,0.1716
VOLKSWAGEN,TIGUAN,3,1+2,136,0.7059,0.0336
VOLKSWAGEN,TIGUAN,3,3,1487,0.62,0.1888
VOLKSWAGEN,TIGUAN,3,4,4568,0.5429,0.335
VOLKSWAGEN,TIGUAN,3,5,4652,0.4753,0.277
VOLKSWAGEN,TIGUAN,3,6,2826,0.4306,0.1657
PEUGEOT,5008,4,3,29,0.5172,0.0879
PEUGEOT,5008,4,4,279,0.2832,0.2053
PEUGEOT,5008,4,5,694,0.2536,0.2881
PEUGEOT,5008,4,6,843,0.2171,0.406
BMW,X3,3,1+2,30,0.8,0.0336
BMW,X3,3,3,561,0.6506,0.1888
BMW,X3,3,4,2537,0.5365,0.335
BMW,X3,3,5,3740,0.5061,0.277
BMW,X3,3,6,2531,0.4334,0.1657
TOYOTA,RAV4 Plug in,3,1+2,182,0.7802,0.0336
TOYOTA,RAV4 Plug in,3,3,1572,0.7087,0.1888
TOYOTA,RAV4 Plug in,3,4,4107,0.6336,0.335
TOYOTA,RAV4 Plug in,3,5,3494,0.5621,0.277
TOYOTA,RAV4 Plug in,3,6,1887,0.4775,0.1657
TOYOTA,YARIS 5-DØRS,4,2,559,0.6064,0.0124
TOYOTA,YARIS 5-DØRS,4,3,3482,0.4589,0.0879
TOYOTA,YARIS 5-DØRS,4,4,4704,0.3342,0.2053
TOYOTA,YARIS 5-DØRS,4,5,2895,0.2732,0.2881
TOYOTA,YARIS 5-DØRS,4,6,1205,0.1942,0.406
MITSUBISHI,OUTLANDER,4,1+2+3,181,0.5249,0.1007
MITSUBISHI,OUTLANDER,4,4,993,0.3938,0.2053
MITSUBISHI,OUTLANDER,4,5,2708,0.2821,0.2881
MITSUBISHI,OUTLANDER,4,6,6266,0.225,0.406
CITROËN,C4,2,1+2,184,0.6576,0.0731
CITROËN,C4,2,3,1508,0.494,0.3658
CITROËN,C4,2,4,1495,0.404,0.3855
CITROËN,C4,2,5,389,0.3522,0.1301
CITROËN,C4,2,6,60,0.45,0.0455
BMW,1-Serie,4,1+2,70,0.7,0.0128
BMW,1-Serie,4,3,531,0.5537,0.0879
BMW,1-Serie,4,4,1679,0.4181,0.2053
BMW,1-Serie,4,5,2326,0.3323,0.2881
BMW,1-Serie,4,6,1701,0.2787,0.406
AUDI,A3,2,2,439,0.7517,0.073
AUDI,A3,2,3,4082,0.6681,0.3658
AUDI,A3,2,4,3770,0.6218,0.3855
AUDI,A3,2,5,761,0.5887,0.1301
AUDI,A3,2,6,181,0.5359,0.0455
TOYOTA,YARIS 5-DØRS,3,1+2,2859,0.6898,0.0336
TOYOTA,YARIS 5-DØRS,3,3,9580,0.5472,0.1888
TOYOTA,YARIS 5-DØRS,3,4,6266,0.4261,0.335
TOYOTA,YARIS 5-DØRS,3,5,1907,0.3623,0.277
TOYOTA,YARIS 5-DØRS,3,6,516,0.2926,0.1657
MERCEDES-BENZ,E,4,1+2,59,0.5763,0.0128
MERCEDES-BENZ,E,4,3,401,0.6209,0.0879
MERCEDES-BENZ,E,4,4,1309,0.5095,0.2053
MERCEDES-BENZ,E,4,5,2396,0.4445,0.2881
MERCEDES-BENZ,E,4,6,7033,0.3498,0.406
TOYOTA,AYGO 3/5-DØRS,3,2,370,0.6838,0.0334
TOYOTA,AYGO 3/5-DØRS,3,3,1152,0.5156,0.1888
TOYOTA,AYGO 3/5-DØRS,3,4,605,0.3339,0.335
TOYOTA,AYGO 3/5-DØRS,3,5,134,0.2761,0.277
TOYOTA,AYGO 3/5-DØRS,3,6,37,0.2432,0.1657
FORD,FIESTA 5 DØRS,3,1+2,645,0.6558,0.0336
FORD,FIESTA 5 DØRS,3,3,3175,0.4567,0.1888
FORD,FIESTA 5 DØRS,3,4,3302,0.3256,0.335
FORD,FIESTA 5 DØRS,3,5,1211,0.2857,0.277
FORD,FIESTA 5 DØRS,3,6,250,0.232,0.1657
FORD,S-MAX,2,2+3,748,0.7045,0.4388
FORD,S-MAX,2,4,1955,0.6665,0.3855
FORD,S-MAX,2,5,750,0.6053,0.1301
FORD,S-MAX,2,6,178,0.5,0.0455
CITROËN,BERLINGO,3,2+3,90,0.4889,0.2222
CITROËN,BERLINGO,3,4,230,0.3957,0.335
CITROËN,BERLINGO,3,5,248,0.3589,0.277
CITROËN,BERLINGO,3,6,136,0.3382,0.1657
SUZUKI,SWIFT,2,2,342,0.7895,0.073
SUZUKI,SWIFT,2,3,1036,0.6564,0.3658
SUZUKI,SWIFT,2,4,618,0.589,0.3855
SUZUKI,SWIFT,2,5+6,133,0.4887,0.1756
MERCEDES-BENZ,E,1,1+2,593,0.9224,0.2591
MERCEDES-BENZ,E,1,3,1786,0.8348,0.5561
MERCEDES-BENZ,E,1,4,756,0.7368,0.1477
MERCEDES-BENZ,E,1,5,254,0.6929,0.0239
MERCEDES-BENZ,E,1,6,809,0.5958,0.0132
VOLKSWAGEN,CADDY,1,2,197,0.7462,0.259
VOLKSWAGEN,CADDY,1,3,393,0.6361,0.5561
VOLKSWAGEN,CADDY,1,4,166,0.5422,0.1477
VOLKSWAGEN,CADDY,1,5,42,0.6429,0.0239
VOLKSWAGEN,CADDY,1,6,67,0.4328,0.0132
AUDI,A5 SPORTBACK,2,2+3,96,0.7396,0.4388
AUDI,A5 SPORTBACK,2,4,135,0.637,0.3855
AUDI,A5 SPORTBACK,2,5+6,36,0.5556,0.1756
VOLKSWAGEN,GOLF,1,1+2,1852,0.8618,0.2591
VOLKSWAGEN,GOLF,1,3,5853,0.7957,0.5561
VOLKSWAGEN,GOLF,1,4,1506,0.7151,0.1477
VOLKSWAGEN,GOLF,1,5,198,0.7323,0.0239
VOLKSWAGEN,GOLF,1,6,37,0.7027,0.0132
DACIA,Duster,2,2,25,0.64,0.073
DACIA,Duster,2,3,216,0.3519,0.3658
DACIA,Duster,2,4,196,0.3571,0.3855
DACIA,Duster,2,5,76,0.2368,0.1301
DACIA,Duster,2,6,29,0.1034,0.0455
FIAT,Punto S7,4,1+2+3,117,0.3846,0.1007
FIAT,Punto S7,4,4,133,0.2632,0.2053
FIAT,Punto S7,4,5+6,97,0.1856,0.694
MAZDA,2,3,2,269,0.7844,0.0334
MAZDA,2,3,3,858,0.5699,0.1888
MAZDA,2,3,4,588,0.4184,0.335
MAZDA,2,3,5,140,0.4286,0.277
MAZDA,2,3,6,44,0.2955,0.1657
MAZDA,MAZDA2,3,2,269,0.7844,0.0334
MAZDA,MAZDA2,3,3,858,0.5699,0.1888
MAZDA,MAZDA2,3,4,588,0.4184,0.335
MAZDA,MAZDA2,3,5,140,0.4286,0.277
MAZDA,MAZDA2,3,6,44,0.2955,0.1657
VOLVO,XC60,1,1+2,2491,0.9438,0.2591
VOLVO,XC60,1,3,11067,0.8946,0.5561
VOLVO,XC60,1,4,3005,0.8106,0.1477
VOLVO,XC60,1,5,303,0.7723,0.0239
VOLVO,XC60,1,6,93,0.6882,0.0132
AUDI,A4 AVANT,4,3+4,28,0.6429,0.2932
AUDI,A4 AVANT,4,5,52,0.5577,0.2881
AUDI,A4 AVANT,4,6,72,0.4028,0.406
SUZUKI,SX4 S-Cross,2,2,344,0.8808,0.073
SUZUKI,SX4 S-Cross,2,3,1122,0.7897,0.3658
SUZUKI,SX4 S-Cross,2,4,706,0.6941,0.3855
SUZUKI,SX4 S-Cross,2,5,151,0.5166,0.1301
SUZUKI,SX4 S-Cross,2,6,25,0.48,0.0455
MERCEDES-BENZ,B-Klasse,2,2,173,0.7399,0.073
MERCEDES-BENZ,B-Klasse,2,3,597,0.608,0.3658
MERCEDES-BENZ,B-Klasse,2,4,283,0.576,0.3855
MERCEDES-BENZ,B-Klasse,2,5,65,0.4462,0.1301
MERCEDES-BENZ,B-Klasse,2,6,67,0.3284,0.0455
TOYOTA,AYGO 5-DØRS,2,2,179,0.7374,0.073
TOYOTA,AYGO 5-DØRS,2,3,318,0.5723,0.3658
TOYOTA,AYGO 5-DØRS,2,4,85,0.4,0.3855
TOYOTA,AYGO 5-DØRS,2,5+6,26,0.2692,0.1756
AUDI,A3 Limousine,2,2+3,123,0.7073,0.4388
AUDI,A3 Limousine,2,4,108,0.6204,0.3855
AUDI,A3 Limousine,2,5,33,0.7273,0.1301
AUDI,A3 Limousine,2,6,26,0.5385,0.0455
AUDI,Q3,1,2,230,0.8304,0.259
AUDI,Q3,1,3,533,0.7674,0.5561
AUDI,Q3,1,4,121,0.6529,0.1477
AUDI,Q3,1,5+6,27,0.8148,0.0371
RENAULT,Ny Clio,2,1+2,110,0.5818,0.0731
RENAULT,Ny Clio,2,3,383,0.376,0.3658
RENAULT,Ny Clio,2,4,119,0.3613,0.3855
RENAULT,Ny Clio,2,5+6,29,0.3448,0.1756
TOYOTA,AVENSIS,1,2,55,0.9273,0.259
TOYOTA,AVENSIS,1,3,351,0.8547,0.5561
TOYOTA,AVENSIS,1,4,105,0.7714,0.1477
TOYOTA,AVENSIS,1,5+6,27,0.5926,0.0371
SKODA,CITIGO,2,2,146,0.8288,0.073
SKODA,CITIGO,2,3,224,0.5714,0.3658
SKODA,CITIGO,2,4+5+6,104,0.5192,0.5611
FORD,C-MAX,1,2,53,0.8491,0.259
FORD,C-MAX,1,3,144,0.75,0.5561
FORD,C-MAX,1,4+5,38,0.5263,0.1716
MAZDA,3,1,2,573,0.8656,0.259
MAZDA,3,1,3,822,0.7141,0.5561
MAZDA,3,1,4+5+6,128,0.6797,0.1848
KIA,RIO,1,2,186,0.9247,0.259
KIA,RIO,1,3,347,0.8242,0.5561
KIA,RIO,1,4+5+6,66,0.7273,0.1848
FIAT,500,2,2,93,0.5376,0.073
FIAT,500,2,3,203,0.4286,0.3658
FIAT,500,2,4+5,88,0.4091,0.5155
CITROËN,BERLINGO,1,2,100,0.74,0.259
CITROËN,BERLINGO,1,3,222,0.6802,0.5561
CITROËN,BERLINGO,1,4+5,67,0.5672,0.1716
OPEL,Crossland X,2,2,39,0.641,0.073
OPEL,Crossland X,2,3,112,0.625,0.3658
OPEL,Crossland X,2,4+5,26,0.4231,0.5155
AUDI,A1 SPORTBACK,3,2,174,0.7586,0.0334
AUDI,A1 SPORTBACK,3,3,1173,0.5644,0.1888
AUDI,A1 SPORTBACK,3,4,1320,0.4977,0.335
AUDI,A1 SPORTBACK,3,5,358,0.4441,0.277
AUDI,A1 SPORTBACK,3,6,65,0.3846,0.1657
TOYOTA,AURIS,2,2,1418,0.8822,0.073
TOYOTA,AURIS,2,3,7279,0.7704,0.3658
TOYOTA,AURIS,2,4,5211,0.6672,0.3855
TOYOTA,AURIS,2,5,1182,0.5871,0.1301
TOYOTA,AURIS,2,6,368,0.4728,0.0455
PEUGEOT,3008,2,2,169,0.6746,0.073
PEUGEOT,3008,2,3,1466,0.6446,0.3658
PEUGEOT,3008,2,4,1461,0.5606,0.3855
PEUGEOT,3008,2,5,313,0.4824,0.1301
PEUGEOT,3008,2,6,59,0.4407,0.0455
VOLKSWAGEN,TIGUAN,2,2,241,0.8174,0.073
VOLKSWAGEN,TIGUAN,2,3,2281,0.7611,0.3658
VOLKSWAGEN,TIGUAN,2,4,3393,0.7138,0.3855
VOLKSWAGEN,TIGUAN,2,5,1242,0.6393,0.1301
VOLKSWAGEN,TIGUAN,2,6,309,0.5761,0.0455
FORD,KUGA,1,2,1418,0.83,0.259
FORD,KUGA,1,3,2973,0.8231,0.5561
FORD,KUGA,1,4,688,0.8241,0.1477
FORD,KUGA,1,5+6,114,0.7018,0.0371
MERCEDES-BENZ,E,2,2,145,0.8966,0.073
MERCEDES-BENZ,E,2,3,785,0.7567,0.3658
MERCEDES-BENZ,E,2,4,1061,0.6466,0.3855
MERCEDES-BENZ,E,2,5,434,0.5714,0.1301
MERCEDES-BENZ,E,2,6,1336,0.4873,0.0455
MINI,COOPER,2,2,123,0.8618,0.073
MINI,COOPER,2,3,669,0.71,0.3658
MINI,COOPER,2,4,332,0.6175,0.3855
MINI,COOPER,2,5+6,81,0.5185,0.1756
KIA,SPORTAGE,2,2,154,0.7857,0.073
KIA,SPORTAGE,2,3,1225,0.6441,0.3658
KIA,SPORTAGE,2,4,1352,0.5762,0.3855
KIA,SPORTAGE,2,5,457,0.4989,0.1301
KIA,SPORTAGE,2,6,93,0.4409,0.0455
VOLKSWAGEN,Golf Sportsvan,3,2,144,0.8333,0.0334
VOLKSWAGEN,Golf Sportsvan,3,3,681,0.7342,0.1888
VOLKSWAGEN,Golf Sportsvan,3,4,601,0.6572,0.335
VOLKSWAGEN,Golf Sportsvan,3,5,200,0.62,0.277
VOLKSWAGEN,Golf Sportsvan,3,6,50,0.54,0.1657
VOLKSWAGEN,T-Cross,1,2,762,0.7966,0.259
VOLKSWAGEN,T-Cross,1,3,415,0.6892,0.5561
VOLKSWAGEN,T-Cross,1,4+5,33,0.6061,0.1716
MERCEDES-BENZ,CLA,3,2,56,0.8571,0.0334
MERCEDES-BENZ,CLA,3,3,496,0.6613,0.1888
MERCEDES-BENZ,CLA,3,4,920,0.5761,0.335
MERCEDES-BENZ,CLA,3,5,538,0.5483,0.277
MERCEDES-BENZ,CLA,3,6,161,0.4658,0.1657
PEUGEOT,3008,4,2+3,400,0.4825,0.1002
PEUGEOT,3008,4,4,1221,0.3358,0.2053
PEUGEOT,3008,4,5,1834,0.2448,0.2881
PEUGEOT,3008,4,6,1303,0.221,0.406
BMW,5-Serie,3,2,28,0.6786,0.0334
BMW,5-Serie,3,3,401,0.6135,0.1888
BMW,5-Serie,3,4,2131,0.5185,0.335
BMW,5-Serie,3,5,3401,0.4813,0.277
BMW,5-Serie,3,6,2726,0.4153,0.1657
AUDI,A4 AVANT,2,2,33,0.8182,0.073
AUDI,A4 AVANT,2,3,458,0.7817,0.3658
AUDI,A4 AVANT,2,4,830,0.7325,0.3855
AUDI,A4 AVANT,2,5,399,0.6667,0.1301
AUDI,A4 AVANT,2,6,128,0.5156,0.0455
MINI,COOPER,1,2,243,0.8971,0.259
MINI,COOPER,1,3,263,0.8593,0.5561
MINI,COOPER,1,4+5+6,32,0.7812,0.1848
KIA,VENGA,3,2,123,0.7398,0.0334
KIA,VENGA,3,3,456,0.5439,0.1888
KIA,VENGA,3,4,354,0.404,0.335
KIA,VENGA,3,5,133,0.2932,0.277
KIA,VENGA,3,6,33,0.2727,0.1657
OPEL,ASTRA,1,2,245,0.902,0.259
OPEL,ASTRA,1,3,628,0.8121,0.5561
OPEL,ASTRA,1,4+5+6,204,0.8284,0.1848
KIA,Optima,2,2+3,366,0.7131,0.4388
KIA,Optima,2,4,419,0.6348,0.3855
KIA,Optima,2,5,111,0.6036,0.1301
KIA,Optima,2,6,30,0.5,0.0455
KIA,CEE'D SW,1,2,307,0.8893,0.259
KIA,CEE'D SW,1,3,553,0.7957,0.5561
KIA,CEE'D SW,1,4+5+6,124,0.7419,0.1848
OPEL,ASTRA,3,2,109,0.8257,0.0334
OPEL,ASTRA,3,3,753,0.6414,0.1888
OPEL,ASTRA,3,4,1405,0.5302,0.335
OPEL,ASTRA,3,5,1029,0.449,0.277
OPEL,ASTRA,3,6,414,0.4082,0.1657
HYUNDAI,Tucson,4,3+4,79,0.5063,0.2932
HYUNDAI,Tucson,4,5,108,0.2685,0.2881
HYUNDAI,Tucson,4,6,130,0.2615,0.406
FORD,B-MAX,2,2,71,0.7606,0.073
FORD,B-MAX,2,3,131,0.5878,0.3658
FORD,B-MAX,2,4+5,48,0.4792,0.5155
FORD,GALAXY,2,2+3,93,0.7312,0.4388
FORD,GALAXY,2,4,240,0.6583,0.3855
FORD,GALAXY,2,5,107,0.5794,0.1301
FORD,GALAXY,2,6,53,0.4528,0.0455
CITROËN,C 1,2,2,128,0.7344,0.073
CITROËN,C 1,2,3,230,0.5217,0.3658
CITROËN,C 1,2,4+5+6,70,0.3429,0.5611
FORD,GALAXY,1,2+3,102,0.7255,0.8152
FORD,GALAXY,1,4,61,0.6557,0.1477
FORD,GALAXY,1,5+6,28,0.5357,0.0371
ALFA ROMEO,GIULIETTA,3,2+3,85,0.5294,0.2222
ALFA ROMEO,GIULIETTA,3,4,110,0.4273,0.335
ALFA ROMEO,GIULIETTA,3,5+6,63,0.4286,0.4426
NISSAN,MICRA,2,2,105,0.781,0.073
NISSAN,MICRA,2,3,131,0.6336,0.3658
NISSAN,MICRA,2,4+5,38,0.5,0.5155
