dmr_make,dmr_model,alias_group,basis
MAZDA,2,MAZDA_2,"DMR splits Mazda's smallest model across two spellings, bare '2' and glued 'MAZDA2', both resolving to the same DVSA MAZDA/2 crosswalk target (313,689 tests) with identical n_nt_tests/pass-rate/repair-burden at every shared age band. Same car, not a body-style split -- confirmed same-car group from coverage_audit.md finding 1."
MAZDA,MAZDA2,MAZDA_2,"See MAZDA/2 row in this group -- same basis."
MAZDA,3,MAZDA_3,"Same pattern as Mazda 2: bare '3' and glued 'MAZDA3' both resolve to DVSA MAZDA/3 (265,879 tests), identical DVSA fields at every shared band. coverage_audit.md finding 1."
MAZDA,MAZDA3,MAZDA_3,"See MAZDA/3 row in this group -- same basis."
MERCEDES-BENZ,C,MB_C,"DMR carries the bare 'C' and the German 'C-Klasse' spelling for the same C-Class; both resolve to DVSA MERCEDES-BENZ/C (879,779 tests) via crosswalk_normalize.strip_klasse_suffix, identical DVSA fields at every shared band. coverage_audit.md finding 1."
MERCEDES-BENZ,C-Klasse,MB_C,"See MERCEDES-BENZ/C row in this group -- same basis."
MERCEDES-BENZ,E,MB_E,"Same pattern as the C-Class pair: bare 'E' and 'E-Klasse' both resolve to DVSA MERCEDES-BENZ/E (556,928 tests), identical DVSA fields at every shared band. coverage_audit.md finding 1."
MERCEDES-BENZ,E-Klasse,MB_E,"See MERCEDES-BENZ/E row in this group -- same basis."
RENAULT,CLIO,RENAULT_CLIO,"'CLIO' and the Danish 'Ny Clio' ('new Clio', DMR's label for the current generation at the time it was registered) both resolve to DVSA RENAULT/CLIO (848,688 tests) via crosswalk_normalize.strip_ny_prefix, identical DVSA fields at every shared band. Same nameplate, not a different car -- coverage_audit.md finding 1."
RENAULT,Ny Clio,RENAULT_CLIO,"See RENAULT/CLIO row in this group -- same basis."
TOYOTA,AYGO,TOYOTA_AYGO,"DMR carries three spellings for the Aygo -- bare 'AYGO', 'AYGO 3/5-DØRS' (3/5-door), and 'AYGO 5-DØRS' (5-door) -- and all three resolve to the same DVSA TOYOTA/AYGO target (625,248 tests) via lossy body-style-suffix stripping in the crosswalk, with identical DVSA fields at every shared band. The DØRS suffixes describe door count within the SAME hatchback body, not a genuinely different vehicle (contrast with the FABIA/FABIA COMBI hatch-vs-estate case, which is deliberately NOT merged). This is the pair the audit calls out by name: bracket 1 currently shows 'AYGO 3/5-DØRS' and 'AYGO 5-DØRS' as adjacent rows at the identical kr/year. coverage_audit.md finding 1."
TOYOTA,AYGO 3/5-DØRS,TOYOTA_AYGO,"See TOYOTA/AYGO row in this group -- same basis."
TOYOTA,AYGO 5-DØRS,TOYOTA_AYGO,"See TOYOTA/AYGO row in this group -- same basis."
TOYOTA,YARIS,TOYOTA_YARIS,"Same pattern as Aygo: bare 'YARIS' and 'YARIS 5-DØRS' both resolve to DVSA TOYOTA/YARIS (identical DVSA fields at every shared band), the door-count suffix does not denote a different vehicle. coverage_audit.md finding 1."
TOYOTA,YARIS 5-DØRS,TOYOTA_YARIS,"See TOYOTA/YARIS row in this group -- same basis."
FORD,FIESTA,FORD_FIESTA,"'FIESTA' and 'FIESTA 5 DØRS' both resolve to DVSA FORD/FIESTA (3,479,593 tests), identical DVSA fields at every shared band -- same reasoning as the Aygo/Yaris door-count suffix pairs. coverage_audit.md finding 1."
FORD,FIESTA 5 DØRS,FORD_FIESTA,"See FORD/FIESTA row in this group -- same basis."
FORD,FOCUS,FORD_FOCUS_NY,"'FOCUS' and the Danish 'NY Focus' ('new Focus') both resolve to DVSA FORD/FOCUS (2,291,752 tests) via strip_ny_prefix, identical DVSA fields on their one shared band (band 3). Distinct from the FOCUS/Focus case-only pair fix_case_duplicate_models.py's normalize_key already merges on its own -- this is a genuinely different spelling pair the normalize key does not catch. coverage_audit.md finding 1."
FORD,NY Focus,FORD_FOCUS_NY,"See FORD/FOCUS row in this group -- same basis."
HYUNDAI,I10,HYUNDAI_I10,"'I10' and 'i10 AC3' (AC3 being Hyundai's internal generation/chassis code, not a different model) both resolve to DVSA HYUNDAI/I10 (599,315 tests), identical DVSA fields on their one shared band (band 1). Distinct from the I10/I 10 space-only pair fix_case_duplicate_models.py's normalize_key already merges on its own. coverage_audit.md finding 1."
HYUNDAI,i10 AC3,HYUNDAI_I10,"See HYUNDAI/I10 row in this group -- same basis."
HYUNDAI,I30,HYUNDAI_I30,"DMR carries three spellings for the i30 hatchback/estate-badged-as-one-model in this dataset: bare 'I30', 'I30CW' (CW = 'CrossWagon/Wagon', Hyundai's own estate-variant suffix), and 'i30 Stc.' (Danish abbreviation of 'stationcar', estate). All three resolve to the identical DVSA HYUNDAI/I30 target with identical DVSA fields at every shared band -- unlike the FABIA/FABIA COMBI, PASSAT/PASSAT VARIANT etc. hatch-vs-estate pairs that are deliberately NOT merged elsewhere, here even DVSA-side collapses hatch and estate i30 into one pool, and DMR's own three-way split is exactly the kind of formatting/naming inconsistency this file exists to fix, not a genuine second vehicle. Flagged from coverage_audit.md finding 1; verified via the DVSA-field-equality check before inclusion."
HYUNDAI,I30CW,HYUNDAI_I30,"See HYUNDAI/I30 row in this group -- same basis."
HYUNDAI,i30 Stc.,HYUNDAI_I30,"See HYUNDAI/I30 row in this group -- same basis."
KIA,CEED,KIA_CEED,"'CEED', \"CEE'D SW\", and 'CEED SW' (SW = Kia's own estate-variant suffix) all resolve to the identical DVSA KIA/CEED target with identical DVSA fields at every shared band -- same reasoning as the Hyundai i30 group: DVSA itself does not split Ceed hatch from Ceed SW estate into separate pools, so treating DMR's spelling variants as one car matches what the reliability data actually measures. coverage_audit.md finding 1."
KIA,CEE'D SW,KIA_CEED,"See KIA/CEED row in this group -- same basis."
KIA,CEED SW,KIA_CEED,"See KIA/CEED row in this group -- same basis."
NISSAN,QASHQAI,NISSAN_QASHQAI,"'QASHQAI' and 'Qashqai J11A' (J11A being Nissan's internal chassis code for the second-generation Qashqai, not a different model) both resolve to DVSA NISSAN/QASHQAI (1,469,028 tests), identical DVSA fields at every shared band. coverage_audit.md finding 1."
NISSAN,Qashqai J11A,NISSAN_QASHQAI,"See NISSAN/QASHQAI row in this group -- same basis."
SEAT,IBIZA,SEAT_IBIZA,"'IBIZA' and 'Ibiza GP2' (GP2 being Seat's internal generation code for the facelifted fourth-generation Ibiza, not a different model) both resolve to DVSA SEAT/IBIZA (487,807 tests), identical DVSA fields at every shared band. coverage_audit.md finding 1."
SEAT,Ibiza GP2,SEAT_IBIZA,"See SEAT/IBIZA row in this group -- same basis."
SUZUKI,SX4,SUZUKI_SX4,"'SX4' and 'SX4 COMBIBACK' both resolve to the same DVSA SUZUKI/SX4 target with identical DVSA fields on their one shared band (band 4). JUDGEMENT CALL, flagged for the user to double-check: DMR's own variant_name samples for both spellings are engine/drivetrain-only ('1,6', '1,6 AT', '1,6 4WD', '2,0 DDIS 4WD' for COMBIBACK; '1,6 SEDAN', '1,6 5-DØRS' etc for bare SX4), not a DMR body-style suffix the way 'VARIANT'/'COMBI'/'STATIONCAR' are used elsewhere in this data, and no independent source consulted here confirms 'Combiback' denotes a genuinely different body style (an SX4 estate/wagon is not a body style Suzuki is known to have sold) rather than a trim/spec name. Included per this fix's explicit instruction to merge the audit's 15 confirmed groups; if that assumption turns out wrong, remove this group and let it fall through to model_spelling_review.csv instead."
SUZUKI,SX4 COMBIBACK,SUZUKI_SX4,"See SUZUKI/SX4 row in this group -- same basis, including the judgement-call flag."
