dmr_make,dmr_model,age_band,reliability_source_count,reliability_agreement,combined_reliability_z,combined_reliability_variance,reliability_effective_n,uk_z,no_z,reliability_confidence
ALFA ROMEO,GIULIETTA,1,1,,-0.4212,0.00512,14423,-0.4212,,medium
ALFA ROMEO,GIULIETTA,2,1,,-0.3856,0.001099,33067,-0.3856,,medium
ALFA ROMEO,GIULIETTA,3,1,,-0.2144,0.000896,40861,-0.2144,,medium
ALFA ROMEO,GIULIETTA,4,1,,0.0227,0.003483,12351,0.0227,,medium
AUDI,A1 SPORTBACK,1,1,,-0.1992,0.000321,240600,-0.1992,,medium
AUDI,A1 SPORTBACK,2,1,,-0.1158,0.000138,276062,-0.1158,,medium
AUDI,A1 SPORTBACK,3,2,0.4096,0.2758,0.000192,201216,0.2822,-0.1274,high
AUDI,A1 SPORTBACK,4,1,,0.7815,0.001295,35105,0.7815,,medium
AUDI,A3,1,2,1.9609,0.9616,0.000296,333204,1.0176,-0.9434,low
AUDI,A3,2,2,1.4445,1.0223,0.000111,444103,1.0561,-0.3884,low
AUDI,A3,3,2,0.282,0.8978,0.000123,342431,0.9083,0.6262,high
AUDI,A3,4,2,0.4637,0.6579,0.000133,337878,0.6708,0.2071,high
AUDI,A3 CABRIOLET,1,1,,1.0176,0.000304,329089,1.0176,,medium
AUDI,A3 CABRIOLET,2,1,,1.0561,0.000113,434870,1.0561,,medium
AUDI,A3 CABRIOLET,3,1,,0.9083,0.000128,330699,0.9083,,medium
AUDI,A3 CABRIOLET,4,1,,0.6708,0.000137,329091,0.6708,,medium
AUDI,A3 Limousine,1,1,,1.0176,0.000304,329089,1.0176,,medium
AUDI,A3 Limousine,2,1,,1.0561,0.000113,434870,1.0561,,medium
AUDI,A3 Limousine,3,1,,0.9083,0.000128,330699,0.9083,,medium
AUDI,A3 Limousine,4,1,,0.6708,0.000137,329091,0.6708,,medium
AUDI,A3 Sportback,1,2,1.9879,0.9662,0.000297,332787,1.0176,-0.9703,low
AUDI,A3 Sportback,2,2,1.4638,1.023,0.000111,443771,1.0561,-0.4076,low
AUDI,A3 Sportback,3,2,0.0458,0.9069,0.000124,339746,0.9083,0.8624,high
AUDI,A3 Sportback,4,1,,0.6708,0.000137,329091,0.6708,,medium
AUDI,A4 AVANT,1,1,,0.4292,0.000478,184036,0.4292,,medium
AUDI,A4 AVANT,2,1,,0.6522,0.000209,214851,0.6522,,medium
AUDI,A4 AVANT,3,2,0.1825,1.353,0.000255,179007,1.3565,1.1739,high
AUDI,A4 AVANT,4,1,,1.3641,0.000203,238100,1.3641,,medium
AUDI,A5 SPORTBACK,1,1,,0.4372,0.000733,120234,0.4372,,medium
AUDI,A5 SPORTBACK,2,1,,0.7578,0.000367,125152,0.7578,,medium
AUDI,A5 SPORTBACK,3,1,,1.412,0.000386,119471,1.412,,medium
AUDI,A5 SPORTBACK,4,1,,2.008,0.000633,82737,2.008,,medium
AUDI,A6 AVANT,1,1,,1.4855,0.001076,103781,1.4855,,medium
AUDI,A6 AVANT,2,1,,1.5991,0.000434,130713,1.5991,,medium
AUDI,A6 AVANT,3,1,,2.0633,0.000512,102351,2.0633,,medium
AUDI,A6 AVANT,4,1,,2.0749,0.000568,93098,2.0749,,medium
AUDI,Q2,1,1,,1.5538,0.000836,135858,1.5538,,medium
AUDI,Q2,2,1,,1.7157,0.002495,23432,1.7157,,medium
AUDI,Q3,1,1,,1.242,0.000643,164151,1.242,,medium
AUDI,Q3,2,1,,0.763,0.000276,166545,0.763,,medium
AUDI,Q3,3,2,1.0124,0.9777,0.000542,79152,1.0191,0.0067,low
AUDI,Q3,4,1,,1.6268,0.015249,3265,1.6268,,medium
AUDI,Q5,1,1,,1.1879,0.000785,132699,1.1879,,medium
AUDI,Q5,2,1,,1.3261,0.000473,111570,1.3261,,medium
AUDI,Q5,3,2,0.2248,1.8825,0.000678,73476,1.903,1.6782,high
AUDI,Q5,4,2,0.3652,1.9315,0.001318,37776,1.9966,1.6314,high
BMW,1-Serie,1,1,,0.4801,0.000267,333433,0.4801,,medium
BMW,1-Serie,2,1,,0.5441,0.000113,386176,0.5441,,medium
BMW,1-Serie,3,2,1.0406,0.7492,0.000117,352578,0.7678,-0.2728,low
BMW,1-Serie,4,2,0.888,1.1774,0.000166,285111,1.1997,0.3116,medium
BMW,2-Serie,1,2,0.2394,0.4329,0.000392,220783,0.4452,0.2059,high
BMW,2-Serie,2,2,1.2498,0.6707,0.000296,153634,0.7217,-0.528,low
BMW,2-Serie,3,1,,1.3739,0.003492,13126,1.3739,,medium
BMW,3-Serie,1,2,1.8933,1.0949,0.000319,318135,1.1596,-0.7337,low
BMW,3-Serie,2,2,1.1962,1.123,0.00013,386721,1.1366,-0.0597,low
BMW,3-Serie,3,2,0.6061,1.1252,0.000113,389154,1.141,0.535,medium
BMW,3-Serie,4,2,1.4731,1.4871,0.000118,416877,1.5302,0.0571,low
BMW,4-serie,1,1,,0.758,0.000578,163611,0.758,,medium
BMW,4-serie,2,1,,1.2225,0.000311,165374,1.2225,,medium
BMW,4-serie,3,1,,1.8472,0.001735,28892,1.8472,,medium
BMW,5-Serie,1,2,0.8969,1.3247,0.000567,187271,1.3653,0.4684,medium
BMW,5-Serie,2,2,1.3102,1.4023,0.000282,191731,1.4285,0.1183,low
BMW,5-Serie,3,2,1.4125,1.5553,0.000282,168904,1.6451,0.2325,low
BMW,5-Serie,4,2,1.083,2.0937,0.000361,145214,2.2022,1.1192,low
BMW,X1,1,2,0.1069,1.1677,0.000662,152941,1.1753,1.0684,high
BMW,X1,2,2,0.3687,0.8652,0.000444,106606,0.8767,0.508,high
BMW,X1,3,2,1.074,0.9559,0.000566,75864,1.046,-0.0281,low
BMW,X1,4,2,1.3071,1.5255,0.001762,27754,1.7716,0.4646,low
BMW,X3,1,2,0.0621,0.916,0.000842,114694,0.9184,0.8563,high
BMW,X3,2,2,0.4225,0.5633,0.000493,89576,0.577,0.1546,high
BMW,X3,3,2,0.5845,1.0686,0.000597,72603,1.1532,0.5687,medium
BMW,X3,4,2,0.1155,1.6747,0.001151,41965,1.6934,1.5779,high
BMW,X5,1,2,1.1943,0.8435,0.001103,84631,0.9903,-0.204,low
BMW,X5,2,2,1.9991,1.7158,0.000818,72793,1.8475,-0.1516,low
BMW,X5,3,2,0.8841,2.0169,0.00099,52188,2.076,1.1919,medium
BMW,X5,4,2,0.1115,1.9151,0.000792,63948,1.9241,1.8126,high
CHEVROLET,AVEO,3,1,,-2.0182,0.002177,15383,-2.0182,,medium
CHEVROLET,AVEO,4,1,,-2.0887,0.002315,18379,-2.0887,,medium
CHEVROLET,SPARK,3,1,,-1.6592,0.000921,36446,-1.6592,,medium
CHEVROLET,SPARK,4,1,,-1.1527,0.003038,13707,-1.1527,,medium
CITROËN,BERLINGO,1,1,,-2.5058,0.000319,164898,-2.5058,,medium
CITROËN,BERLINGO,2,1,,-1.8352,0.000176,170874,-1.8352,,medium
CITROËN,BERLINGO,3,1,,-1.2827,0.000267,127260,-1.2827,,medium
CITROËN,BERLINGO,4,1,,-0.7301,0.000366,114153,-0.7301,,medium
CITROËN,C1,1,1,,-0.7866,0.000685,100540,-0.7866,,medium
CITROËN,C1,2,1,,-0.5656,0.000197,178862,-0.5656,,medium
CITROËN,C1,3,1,,-0.4012,0.000216,166558,-0.4012,,medium
CITROËN,C1,4,1,,-0.6276,0.000253,165674,-0.6276,,medium
CITROËN,C3,1,1,,-1.0397,0.000293,224597,-1.0397,,medium
CITROËN,C3,2,1,,-1.4687,0.000185,167733,-1.4687,,medium
CITROËN,C3,3,1,,-1.4021,0.000183,184209,-1.4021,,medium
CITROËN,C3,4,1,,-1.1707,0.000269,154590,-1.1707,,medium
CITROËN,C3 Aircross,1,1,,-0.5276,0.0012,60304,-0.5276,,medium
CITROËN,C3 Aircross,2,1,,-0.6078,0.008472,4133,-0.6078,,medium
CITROËN,C3 PICASSO,2,1,,-1.3594,0.002931,10747,-1.3594,,medium
CITROËN,C4,1,2,0.985,-1.7413,0.000345,168537,-1.7161,-2.7011,medium
CITROËN,C4,2,2,1.4593,-1.3975,0.00012,263164,-1.3818,-2.8411,low
CITROËN,C4,3,2,0.2861,-1.1354,0.000248,138640,-1.1262,-1.4123,high
CITROËN,C4,4,1,,-1.1552,0.000399,104425,-1.1552,,medium
CITROËN,C4 Cactus,1,1,,-2.0076,0.001158,48629,-2.0076,,medium
CITROËN,C4 Cactus,2,1,,-1.557,0.001565,19685,-1.557,,medium
CITROËN,C4 PICASSO,2,1,,-0.7866,0.003295,10330,-0.7866,,medium
CITROËN,DS3,3,1,,-1.8076,0.000223,150218,-1.8076,,medium
CITROËN,DS3,4,1,,-1.1268,0.001528,27264,-1.1268,,medium
CITROËN,GRAND C4 PICASSO,3,1,,-1.5419,0.003877,8680,-1.5419,,medium
CITROËN,GRAND C4 PICASSO,4,1,,-1.2985,0.004487,9288,-1.2985,,medium
DACIA,Duster,1,1,,-1.88,0.000552,104001,-1.88,,medium
DACIA,Duster,2,1,,-1.3013,0.000445,71206,-1.3013,,medium
DACIA,Duster,3,1,,-1.0172,0.001362,25225,-1.0172,,medium
DACIA,Logan MCV,1,1,,-1.5863,0.002496,24061,-1.5863,,medium
DACIA,Logan MCV,2,1,,-0.9556,0.001279,25958,-0.9556,,medium
DACIA,Logan MCV,3,1,,-0.431,0.007411,4838,-0.431,,medium
DACIA,SANDERO,1,1,,-2.2411,0.000365,149401,-2.2411,,medium
DACIA,SANDERO,2,1,,-2.0307,0.000199,148252,-2.0307,,medium
DACIA,SANDERO,3,1,,-1.4207,0.000836,40403,-1.4207,,medium
DS,DS 3,2,1,,-1.8802,0.0005,59764,-1.8802,,medium
FIAT,500,1,1,,-1.7339,0.000219,268420,-1.7339,,medium
FIAT,500,2,1,,-1.557,7.7e-05,400753,-1.557,,medium
FIAT,500,3,1,,-0.9482,0.000102,338208,-0.9482,,medium
FIAT,500,4,2,1.842,-0.6544,0.000212,198167,-0.638,-2.4799,low
FIAT,500C,1,1,,-1.8433,0.005431,10627,-1.8433,,medium
FIAT,500C,2,1,,-1.5361,0.001196,25819,-1.5361,,medium
FIAT,500C,3,1,,-0.9565,0.00155,22249,-0.9565,,medium
FIAT,500C,4,1,,-0.721,0.004625,9042,-0.721,,medium
FIAT,PANDA,1,1,,-1.5626,0.001591,37902,-1.5626,,medium
FIAT,PANDA,2,1,,-1.1268,0.000421,77099,-1.1268,,medium
FIAT,PANDA,3,1,,-0.9422,0.000398,86616,-0.9422,,medium
FIAT,PANDA,4,1,,-0.9371,0.000389,107113,-0.9371,,medium
FIAT,Punto S7,2,1,,-2.0462,0.000875,33713,-2.0462,,medium
FIAT,Punto S7,3,1,,-1.2885,0.000524,64779,-1.2885,,medium
FIAT,Punto S7,4,1,,-0.95,0.000424,98208,-0.95,,medium
FORD,B-MAX,2,1,,-1.1048,0.000284,114495,-1.1048,,medium
FORD,B-MAX,3,1,,-0.652,0.000523,67336,-0.652,,medium
FORD,C-MAX,2,1,,0.0193,0.000293,133711,0.0193,,medium
FORD,C-MAX,3,1,,0.1705,0.000295,129588,0.1705,,medium
FORD,C-MAX,4,1,,-0.2421,0.000391,108658,-0.2421,,medium
FORD,FIESTA,1,2,0.7216,-1.0824,6.3e-05,1028590,-1.0855,-0.3639,medium
FORD,FIESTA,2,2,1.12,-1.2624,2.3e-05,1364877,-1.2595,-2.3795,low
FORD,FIESTA,3,2,1.1574,-0.9237,2.9e-05,1212781,-0.9171,-2.0746,low
FORD,FIESTA,4,2,0.5301,-0.6448,3.6e-05,1161475,-0.6418,-1.1719,medium
FORD,FIESTA 5 DØRS,1,1,,-0.3639,0.014775,3219,,-0.3639,medium
FORD,FIESTA 5 DØRS,2,1,,-2.3795,0.009159,4402,,-2.3795,medium
FORD,FIESTA 5 DØRS,3,1,,-2.0746,0.005034,8583,,-2.0746,medium
FORD,FIESTA 5 DØRS,4,1,,-1.1719,0.006386,7906,,-1.1719,medium
FORD,FOCUS,1,2,0.2329,0.1161,0.000127,642421,0.1197,-0.1132,high
FORD,FOCUS,2,2,0.3399,-0.137,4.5e-05,841832,-0.1387,0.2012,high
FORD,FOCUS,3,2,0.0014,-0.3013,4.4e-05,830797,-0.3013,-0.3027,high
FORD,FOCUS,4,2,0.1092,-0.0984,4.9e-05,864897,-0.0969,-0.2061,high
FORD,FOCUS STATIONSVOGN,1,1,,-0.1132,0.008194,6110,,-0.1132,medium
FORD,FOCUS STATIONSVOGN,2,2,0.3399,-0.137,4.5e-05,841832,-0.1387,0.2012,high
FORD,FOCUS STATIONSVOGN,3,2,0.0014,-0.3013,4.4e-05,830797,-0.3013,-0.3027,high
FORD,FOCUS STATIONSVOGN,4,2,0.1092,-0.0984,4.9e-05,864897,-0.0969,-0.2061,high
FORD,Focus,1,1,,-0.1132,0.008194,6110,,-0.1132,medium
FORD,Focus,2,1,,0.2012,0.009144,5076,,0.2012,medium
FORD,Focus,3,1,,-0.3027,0.002531,15257,,-0.3027,medium
FORD,Focus,4,1,,-0.2061,0.003668,12012,,-0.2061,medium
FORD,GALAXY,1,1,,-0.4279,0.001707,43215,-0.4279,,medium
FORD,GALAXY,2,1,,-0.5338,0.000698,50801,-0.5338,,medium
FORD,GALAXY,3,1,,-0.5995,0.000665,53134,-0.5995,,medium
FORD,GALAXY,4,1,,0.032,0.000705,61056,0.032,,medium
FORD,KA,3,1,,-0.8152,0.000167,207813,-0.8152,,medium
FORD,KA,4,1,,-0.959,0.000233,178806,-0.959,,medium
FORD,KUGA,1,2,0.0422,0.2599,0.000208,404837,0.259,0.3013,high
FORD,KUGA,2,2,0.7083,0.5039,0.000133,325370,0.4967,1.205,medium
FORD,KUGA,3,2,0.6923,0.4345,0.000257,152914,0.4023,1.0946,medium
FORD,KUGA,4,2,0.3344,0.5022,0.00055,79893,0.4756,0.81,high
FORD,MONDEO,1,1,,0.6954,0.000936,99610,0.6954,,medium
FORD,MONDEO,2,2,0.4033,0.7828,0.000263,176341,0.7716,1.1749,high
FORD,MONDEO,3,2,0.0448,0.4491,0.000209,189209,0.4514,0.4066,high
FORD,MONDEO,4,2,0.0546,0.3681,0.000176,248607,0.3716,0.317,high
FORD,MONDEO STATIONCAR,1,1,,0.6954,0.000936,99610,0.6954,,medium
FORD,MONDEO STATIONCAR,2,2,0.4033,0.7828,0.000263,176341,0.7716,1.1749,high
FORD,MONDEO STATIONCAR,3,2,0.0448,0.4491,0.000209,189209,0.4514,0.4066,high
FORD,MONDEO STATIONCAR,4,2,0.0546,0.3681,0.000176,248607,0.3716,0.317,high
FORD,NY Focus,1,1,,-0.1132,0.008194,6110,,-0.1132,medium
FORD,NY Focus,2,1,,0.2012,0.009144,5076,,0.2012,medium
FORD,NY Focus,3,1,,-0.3027,0.002531,15257,,-0.3027,medium
FORD,NY Focus,4,1,,-0.2061,0.003668,12012,,-0.2061,medium
FORD,PUMA,1,1,,0.9542,0.002495,39588,0.9542,,medium
FORD,S-MAX,1,1,,-0.6059,0.001759,40516,-0.6059,,medium
FORD,S-MAX,2,2,0.2812,-0.2688,0.000539,69366,-0.2809,0.0002,high
FORD,S-MAX,3,2,0.6824,-0.0838,0.000421,88877,-0.0434,-0.7258,medium
FORD,S-MAX,4,2,0.2866,0.209,0.000453,96190,0.2279,-0.0587,high
FORD,Transit Custom Kombi,1,1,,-0.5319,0.000302,239544,-0.5319,,medium
FORD,Transit Custom Kombi,2,1,,-0.01,0.003397,11477,-0.01,,medium
HONDA,CIVIC,1,1,,0.4801,0.000588,151099,0.4801,,medium
HONDA,CIVIC,2,1,,0.7682,0.000261,176814,0.7682,,medium
HONDA,CIVIC,3,1,,0.3535,0.00023,169956,0.3535,,medium
HONDA,CIVIC,4,2,0.4722,-0.1169,0.000135,315846,-0.1128,-0.585,high
HONDA,CR-V,1,1,,1.5538,0.000972,116770,1.5538,,medium
HONDA,CR-V,2,2,0.2555,1.5563,0.000335,167480,1.5526,1.8081,high
HONDA,CR-V,3,2,0.4253,1.8498,0.000329,150919,1.8282,2.2535,high
HONDA,CR-V,4,2,0.1457,1.3687,0.000258,184972,1.3776,1.2319,high
HONDA,JAZZ,1,1,,0.9903,0.000494,201544,0.9903,,medium
HONDA,JAZZ,2,1,,0.6741,0.000203,221635,0.6741,,medium
HONDA,JAZZ,3,1,,0.8732,0.00017,247854,0.8732,,medium
HONDA,JAZZ,4,1,,0.0667,0.000125,344192,0.0667,,medium
HYUNDAI,I10,1,1,,-0.9207,0.000297,226109,-0.9207,,medium
HYUNDAI,I10,2,1,,-0.7572,0.00013,263371,-0.7572,,medium
HYUNDAI,I10,3,1,,-0.8309,0.000145,240058,-0.8309,,medium
HYUNDAI,I10,4,1,,-0.6211,0.000262,160250,-0.6211,,medium
HYUNDAI,I20,1,1,,0.0626,0.00074,109969,0.0626,,medium
HYUNDAI,I20,2,1,,-0.4128,0.000241,149942,-0.4128,,medium
HYUNDAI,I20,3,2,0.5295,-0.8933,0.000258,135083,-0.8789,-1.4083,medium
HYUNDAI,I20,4,2,0.1513,-0.4667,0.000556,75944,-0.474,-0.3226,high
HYUNDAI,I30,1,1,,-0.3011,0.000993,76172,-0.3011,,medium
HYUNDAI,I30,2,1,,-0.8653,0.000273,123066,-0.8653,,medium
HYUNDAI,I30,3,1,,-0.9934,0.000294,116869,-0.9934,,medium
HYUNDAI,I30,4,2,0.1002,-0.8452,0.000486,86390,-0.8492,-0.7489,high
HYUNDAI,I30CW,4,1,,-0.7489,0.012456,3800,,-0.7489,medium
HYUNDAI,I40,2,1,,0.0711,0.001007,39346,0.0711,,medium
HYUNDAI,I40,3,1,,0.127,0.001567,24245,0.127,,medium
HYUNDAI,IX20,2,1,,-1.1389,0.000793,40832,-1.1389,,medium
HYUNDAI,IX20,3,1,,-1.5442,0.00096,35054,-1.5442,,medium
HYUNDAI,IX20,4,1,,-1.0145,0.005844,7129,-1.0145,,medium
HYUNDAI,Ioniq,1,1,,1.0818,0.001264,80426,1.0818,,medium
HYUNDAI,Ioniq,2,1,,1.4962,0.004525,12190,1.4962,,medium
HYUNDAI,KONA,1,1,,0.518,0.001511,59326,0.518,,medium
HYUNDAI,KONA,2,1,,0.9267,0.019528,2449,0.9267,,low
HYUNDAI,Tucson,1,1,,0.0478,0.000315,257700,0.0478,,medium
HYUNDAI,Tucson,2,1,,0.4225,0.000404,105588,0.4225,,medium
HYUNDAI,i30 Stc.,4,1,,-0.7489,0.012456,3800,,-0.7489,medium
KIA,CEE'D SW,3,1,,-1.0688,0.011093,3585,,-1.0688,medium
KIA,CEED,1,1,,-0.3331,0.000741,101379,-0.3331,,medium
KIA,CEED,2,1,,-0.5098,0.000282,126378,-0.5098,,medium
KIA,CEED,3,2,0.232,-0.8427,0.000279,125075,-0.8369,-1.0688,high
KIA,CEED,4,1,,-0.9706,0.000502,83056,-0.9706,,medium
KIA,CEED SW,3,1,,-1.0688,0.011093,3585,,-1.0688,medium
KIA,Niro,1,2,0.4864,0.7337,0.000918,99412,0.7781,0.2916,high
KIA,Niro,2,2,1.2058,1.1274,0.003553,14624,1.372,0.1662,low
KIA,Optima,1,1,,0.0331,0.003496,23133,0.0331,,medium
KIA,Optima,2,1,,0.5309,0.003346,13045,0.5309,,medium
KIA,Optima,3,1,,-0.096,0.0094,3942,-0.096,,medium
KIA,PICANTO,1,1,,-1.0597,0.000397,165041,-1.0597,,medium
KIA,PICANTO,2,1,,-0.9904,0.000208,158917,-0.9904,,medium
KIA,PICANTO,3,2,1.4108,-1.2194,0.000218,157202,-1.1934,-2.6042,low
KIA,PICANTO,4,1,,-1.358,0.000331,125947,-1.358,,medium
KIA,RIO,1,1,,-0.3422,0.000999,75096,-0.3422,,medium
KIA,RIO,2,1,,-0.6432,0.000296,117793,-0.6432,,medium
KIA,RIO,3,2,0.3001,-0.8613,0.000328,106248,-0.8549,-1.1549,high
KIA,RIO,4,1,,-0.9551,0.000716,58214,-0.9551,,medium
KIA,SPORTAGE,1,1,,-0.1758,0.000208,373513,-0.1758,,medium
KIA,SPORTAGE,2,2,0.9412,0.0054,0.000129,304466,0.0149,-0.9263,medium
KIA,SPORTAGE,3,2,1.2518,-0.1363,0.000241,154590,-0.0781,-1.3299,low
KIA,SPORTAGE,4,1,,-0.1564,0.000902,47231,-0.1564,,medium
KIA,Stonic,1,1,,0.3394,0.001803,47837,0.3394,,medium
KIA,Stonic,2,1,,0.8414,0.015764,2973,0.8414,,medium
KIA,VENGA,1,1,,-0.0616,0.001742,45539,-0.0616,,medium
KIA,VENGA,2,1,,-0.8083,0.000507,66927,-0.8083,,medium
KIA,VENGA,3,1,,-1.2663,0.000623,54501,-1.2663,,medium
KIA,VENGA,4,1,,-0.8453,0.002789,14962,-0.8453,,medium
KIA,XCeed,1,1,,0.4319,0.006752,13029,0.4319,,medium
MAZDA,3,3,1,,0.3419,0.013394,2880,,0.3419,low
MAZDA,3,4,1,,-0.2807,0.01336,3328,,-0.2807,medium
MAZDA,CX-3,1,2,0.72,0.6827,0.001534,59125,0.7408,0.0209,medium
MAZDA,CX-3,2,2,0.4164,0.3936,0.001323,32444,0.3369,0.7532,high
MAZDA,CX-5,1,2,0.7101,0.4502,0.000842,101569,0.5235,-0.1866,medium
MAZDA,CX-5,2,2,0.3004,0.4002,0.00049,87693,0.4289,0.1284,high
MAZDA,CX-5,3,2,0.3464,0.5718,0.000903,43660,0.4555,0.8019,high
MAZDA,MAZDA2,1,1,,0.1047,0.000899,91325,0.1047,,medium
MAZDA,MAZDA2,2,1,,-0.4142,0.000339,106567,-0.4142,,medium
MAZDA,MAZDA2,3,1,,-0.9267,0.000292,118423,-0.9267,,medium
MAZDA,MAZDA2,4,1,,-0.8155,0.000318,131257,-0.8155,,medium
MAZDA,MAZDA3,1,1,,-0.5821,0.000875,81785,-0.5821,,medium
MAZDA,MAZDA3,2,1,,-0.3073,0.000344,107141,-0.3073,,medium
MAZDA,MAZDA3,3,2,0.4302,-0.0735,0.000462,80332,-0.0883,0.3419,high
MAZDA,MAZDA3,4,2,0.2337,-0.5076,0.000388,108408,-0.5144,-0.2807,high
MAZDA,MAZDA6,1,1,,0.1724,0.001722,48336,0.1724,,medium
MAZDA,MAZDA6,2,1,,0.1839,0.000583,69498,0.1839,,medium
MAZDA,MAZDA6,3,2,0.1783,0.2311,0.000664,57915,0.2208,0.3991,high
MAZDA,MAZDA6,4,2,0.2629,-0.0108,0.000693,62144,0.0067,-0.2562,high
MAZDA,Mazda CX-30,1,1,,1.2935,0.01062,10055,1.2935,,medium
MERCEDES-BENZ,A-Klasse,1,2,0.7186,0.2388,0.000175,480309,0.2334,0.952,medium
MERCEDES-BENZ,A-Klasse,2,1,,0.1174,0.000119,336383,0.1174,,medium
MERCEDES-BENZ,A-Klasse,3,2,0.7331,0.3934,0.00029,134895,0.3602,1.0933,medium
MERCEDES-BENZ,A-Klasse,4,1,,-0.1049,0.000415,103039,-0.1049,,medium
MERCEDES-BENZ,B-Klasse,1,1,,0.2952,0.001645,51926,0.2952,,medium
MERCEDES-BENZ,B-Klasse,2,1,,0.1747,0.000543,74455,0.1747,,medium
MERCEDES-BENZ,B-Klasse,3,2,0.3606,0.2009,0.000528,72749,0.2208,-0.1398,high
MERCEDES-BENZ,B-Klasse,4,2,0.6161,-0.249,0.000666,64338,-0.2132,-0.8292,medium
MERCEDES-BENZ,C,1,1,,0.3187,0.015126,3637,,0.3187,medium
MERCEDES-BENZ,C,2,1,,-0.1629,0.007618,5861,,-0.1629,medium
MERCEDES-BENZ,C,3,1,,0.3108,0.005673,6797,,0.3108,medium
MERCEDES-BENZ,C,4,1,,0.122,0.005476,7755,,0.122,medium
MERCEDES-BENZ,C-Klasse,1,2,0.1426,0.4589,0.000256,343478,0.4613,0.3187,high
MERCEDES-BENZ,C-Klasse,2,2,0.8829,0.7066,0.000116,392748,0.72,-0.1629,medium
MERCEDES-BENZ,C-Klasse,3,2,0.5275,0.8251,0.000143,292847,0.8384,0.3108,medium
MERCEDES-BENZ,C-Klasse,4,2,0.8069,0.9017,0.000185,248606,0.929,0.122,medium
MERCEDES-BENZ,CLA,1,1,,-0.119,0.000826,94884,-0.119,,medium
MERCEDES-BENZ,CLA,2,1,,0.3275,0.000596,70093,0.3275,,medium
MERCEDES-BENZ,CLA,3,1,,1.0146,0.003039,14183,1.0146,,medium
MERCEDES-BENZ,E,1,1,,0.6214,0.014056,4198,,0.6214,medium
MERCEDES-BENZ,E,2,1,,0.2968,0.012479,3761,,0.2968,medium
MERCEDES-BENZ,E,3,1,,0.4776,0.004727,8181,,0.4776,medium
MERCEDES-BENZ,E,4,1,,1.403,0.003451,11198,,1.403,medium
MERCEDES-BENZ,E-Klasse,1,2,0.2055,0.4212,0.000362,239872,0.4159,0.6214,high
MERCEDES-BENZ,E-Klasse,2,2,0.4403,0.7307,0.000182,250893,0.7372,0.2968,high
MERCEDES-BENZ,E-Klasse,3,2,0.6029,1.0525,0.000219,197475,1.0805,0.4776,medium
MERCEDES-BENZ,E-Klasse,4,2,0.3029,1.6727,0.000378,129721,1.7059,1.403,high
MERCEDES-BENZ,GLA,1,1,,0.5727,0.000575,157652,0.5727,,medium
MERCEDES-BENZ,GLA,2,1,,0.587,0.000518,85299,0.587,,medium
MERCEDES-BENZ,GLA,3,1,,1.5379,0.005686,8307,1.5379,,medium
MERCEDES-BENZ,GLB,1,1,,1.2548,0.023035,4594,1.2548,,medium
MERCEDES-BENZ,GLC,1,2,0.3399,1.0183,0.000579,169697,1.0389,0.6989,high
MERCEDES-BENZ,GLC,2,2,0.8571,1.2656,0.000934,56314,1.35,0.4929,medium
MERCEDES-BENZ,GLE,1,1,,1.242,0.001895,55673,1.242,,medium
MERCEDES-BENZ,GLE,2,1,,1.9843,0.002398,26238,1.9843,,medium
MINI,COOPER,1,1,,0.4292,0.000194,452448,0.4292,,medium
MINI,COOPER,2,1,,0.7786,0.000132,349893,0.7786,,medium
MINI,COOPER,3,2,1.0165,0.9157,0.000335,126796,0.945,-0.0715,low
MINI,COOPER,4,2,0.9872,0.2747,0.001637,27006,0.3675,-0.6196,medium
MITSUBISHI,ASX,1,1,,0.518,0.002944,30442,0.518,,medium
MITSUBISHI,ASX,2,1,,0.2389,0.000969,42309,0.2389,,medium
MITSUBISHI,ASX,3,2,0.4145,0.68,0.001072,37397,0.5771,0.9915,high
MITSUBISHI,ASX,4,2,0.3133,1.0784,0.003397,12625,0.9376,1.2509,high
MITSUBISHI,COLT,3,1,,-0.9231,0.002083,16585,-0.9231,,medium
MITSUBISHI,COLT,4,2,0.1132,-1.1022,0.000728,57666,-1.1075,-0.9943,high
MITSUBISHI,OUTLANDER,1,2,1.0899,0.3033,0.000573,135156,0.6644,-0.4255,low
MITSUBISHI,OUTLANDER,2,2,0.774,0.3343,0.000337,128019,0.4659,-0.3082,medium
MITSUBISHI,OUTLANDER,3,2,0.3881,0.1577,0.000807,47940,0.2942,-0.0939,high
MITSUBISHI,OUTLANDER,4,2,0.3234,-0.1127,0.001428,30490,-0.0079,-0.3313,high
MITSUBISHI,SPACE STAR,1,1,,-0.3126,0.00576,13095,-0.3126,,medium
MITSUBISHI,SPACE STAR,2,1,,-0.0567,0.002159,17894,-0.0567,,medium
MITSUBISHI,SPACE STAR,3,1,,0.3103,0.004746,8191,0.3103,,medium
NISSAN,JUKE,1,1,,-0.7446,0.000218,318538,-0.7446,,medium
NISSAN,JUKE,2,1,,-1.1946,7.6e-05,425229,-1.1946,,medium
NISSAN,JUKE,3,1,,-1.171,0.000117,290892,-1.171,,medium
NISSAN,JUKE,4,1,,-0.6963,0.000846,49473,-0.6963,,medium
NISSAN,MICRA,1,1,,-1.773,0.000495,117855,-1.773,,medium
NISSAN,MICRA,2,1,,-1.2727,0.000219,145460,-1.2727,,medium
NISSAN,MICRA,3,1,,-1.0291,0.000223,154077,-1.0291,,medium
NISSAN,MICRA,4,1,,-0.7339,0.000175,238274,-0.7339,,medium
NISSAN,NOTE,2,1,,-0.2767,0.000233,159119,-0.2767,,medium
NISSAN,NOTE,3,1,,-0.79,0.000211,165260,-0.79,,medium
NISSAN,NOTE,4,1,,-0.7832,0.000199,209537,-0.7832,,medium
NISSAN,QASHQAI,1,2,0.0308,-0.0564,0.000135,584844,-0.0568,-0.026,high
NISSAN,QASHQAI,2,2,0.2631,-0.3967,5.8e-05,623579,-0.3992,-0.1361,high
NISSAN,QASHQAI,3,2,0.1604,-1.0615,7.1e-05,482677,-1.0647,-0.9042,high
NISSAN,QASHQAI,4,2,0.2236,-1.3523,0.00014,298878,-1.358,-1.1344,high
NISSAN,Qashqai J11A,1,1,,-0.026,0.010629,4798,,-0.026,medium
NISSAN,Qashqai J11A,2,1,,-0.1361,0.005967,7503,,-0.1361,medium
NISSAN,Qashqai J11A,3,1,,-0.9042,0.003625,10874,,-0.9042,medium
NISSAN,Qashqai J11A,4,1,,-1.1344,0.005558,9029,,-1.1344,medium
NISSAN,X-TRAIL,1,1,,-0.2758,0.000646,117625,-0.2758,,medium
NISSAN,X-TRAIL,2,2,0.7131,-0.3397,0.000349,105538,-0.3239,-1.037,medium
NISSAN,X-TRAIL,3,1,,-0.3239,0.001398,25905,-0.3239,,medium
NISSAN,X-TRAIL,4,2,0.3247,-0.2599,0.000834,50884,-0.2829,0.0418,high
OPEL,ASTRA,1,1,,-0.2919,0.000196,386690,-0.2919,,medium
OPEL,ASTRA,2,1,,-0.4978,5.8e-05,614076,-0.4978,,medium
OPEL,ASTRA,3,2,0.3949,-0.1104,5.9e-05,631722,-0.1127,0.2822,high
OPEL,ASTRA,4,2,0.1931,-0.2826,6.5e-05,657104,-0.2842,-0.0911,high
OPEL,ASTRA SPORTS TOURER,1,1,,-0.2919,0.000196,386690,-0.2919,,medium
OPEL,ASTRA SPORTS TOURER,2,1,,-0.4978,5.8e-05,614076,-0.4978,,medium
OPEL,ASTRA SPORTS TOURER,3,1,,-0.1127,5.9e-05,628012,-0.1127,,medium
OPEL,ASTRA SPORTS TOURER,4,1,,-0.2842,6.5e-05,651650,-0.2842,,medium
OPEL,CORSA,1,1,,-1.3279,9.5e-05,657542,-1.3279,,medium
OPEL,CORSA,2,1,,-1.5222,3.5e-05,893807,-1.5222,,medium
OPEL,CORSA,3,1,,-1.1084,4.1e-05,826662,-1.1084,,medium
OPEL,CORSA,4,2,0.6404,-0.8357,5.7e-05,731973,-0.8336,-1.4741,medium
OPEL,Crossland X,1,1,,0.2232,0.003926,21436,0.2232,,medium
OPEL,Grandland X,1,1,,0.3394,0.002519,34239,0.3394,,medium
OPEL,INSIGNIA,1,1,,-0.853,0.000445,153091,-0.853,,medium
OPEL,INSIGNIA,2,1,,-0.4656,0.000127,281811,-0.4656,,medium
OPEL,INSIGNIA,3,2,0.5241,0.2356,0.000145,265919,0.2288,0.7529,medium
OPEL,INSIGNIA,4,2,0.5436,0.6251,0.000429,103630,0.5984,1.142,medium
OPEL,KARL,2,1,,-0.5564,0.000552,63920,-0.5564,,medium
OPEL,MERIVA,2,1,,-0.8578,0.000402,83721,-0.8578,,medium
OPEL,MERIVA,3,1,,-0.4322,0.000296,121162,-0.4322,,medium
OPEL,MERIVA,4,1,,-0.9564,0.000378,110346,-0.9564,,medium
OPEL,Mokka,1,1,,-1.4557,0.000183,335043,-1.4557,,medium
OPEL,Mokka,2,2,0.8427,-1.2235,8.2e-05,392616,-1.2283,-0.3856,medium
OPEL,Mokka,3,2,0.1938,-0.4781,0.000369,97060,-0.4866,-0.2927,high
OPEL,ZAFIRA,2,1,,-0.6367,0.000155,224255,-0.6367,,medium
OPEL,ZAFIRA,3,1,,-0.4061,0.000153,234442,-0.4061,,medium
OPEL,ZAFIRA,4,1,,-0.5509,0.000192,218805,-0.5509,,medium
PEUGEOT,107,3,1,,-0.3875,0.000214,168415,-0.3875,,medium
PEUGEOT,107,4,1,,-0.6756,0.000217,193007,-0.6756,,medium
PEUGEOT,108,1,1,,-0.51,0.000651,111550,-0.51,,medium
PEUGEOT,108,2,1,,-0.2405,0.000273,136612,-0.2405,,medium
PEUGEOT,108,3,1,,0.2182,0.00231,16631,0.2182,,medium
PEUGEOT,2008,1,2,0.4271,-1.3383,0.000335,185264,-1.3279,-1.755,high
PEUGEOT,2008,2,2,0.6648,-1.2811,0.000184,173372,-1.2715,-1.9363,medium
PEUGEOT,2008,3,2,0.6999,-0.9087,0.000892,39276,-0.8681,-1.5679,medium
PEUGEOT,206 +,4,1,,-1.123,0.001106,37670,-1.123,,medium
PEUGEOT,207,3,1,,-1.6847,0.000189,177957,-1.6847,,medium
PEUGEOT,207,4,2,0.2751,-1.432,0.000119,353068,-1.4355,-1.1605,high
PEUGEOT,208,1,1,,-1.437,0.000297,207166,-1.437,,medium
PEUGEOT,208,2,1,,-1.1402,0.000104,311720,-1.1402,,medium
PEUGEOT,208,3,2,0.445,-0.9102,0.000194,179377,-0.8992,-1.3442,high
PEUGEOT,208,4,1,,-0.4361,0.012195,3456,-0.4361,,medium
PEUGEOT,3008,1,2,0.5133,-0.4743,0.00039,183053,-0.4391,-0.9524,medium
PEUGEOT,3008,2,2,0.0047,-1.1425,0.000279,116677,-1.1426,-1.1378,high
PEUGEOT,3008,3,2,0.0619,-1.2024,0.000287,119202,-1.204,-1.1421,high
PEUGEOT,3008,4,2,0.2745,-1.0056,0.000981,43040,-1.0326,-0.7581,high
PEUGEOT,308,1,1,,-0.6275,0.000692,102601,-0.6275,,medium
PEUGEOT,308,2,2,1.1831,-0.7665,0.000225,153092,-0.7366,-1.9197,low
PEUGEOT,308,3,2,0.1496,-0.8166,0.000249,140168,-0.8213,-0.6716,high
PEUGEOT,308,4,2,0.1494,-0.9258,0.000328,127725,-0.9306,-0.7812,high
PEUGEOT,5008,1,2,0.7623,-1.2375,0.001297,46483,-1.1072,-1.8695,medium
PEUGEOT,5008,2,1,,-1.906,0.001349,22110,-1.906,,medium
PEUGEOT,5008,3,1,,-1.4872,0.001414,23824,-1.4872,,medium
PEUGEOT,5008,4,1,,-1.0946,0.005299,7859,-1.0946,,medium
PEUGEOT,508,1,1,,-0.4613,0.005743,12758,-0.4613,,medium
PEUGEOT,508,2,1,,-0.0798,0.002263,16992,-0.0798,,medium
PEUGEOT,508,3,2,1.1113,0.287,0.001182,33426,0.4459,-0.6654,low
PEUGEOT,508,4,1,,1.1368,0.009844,4780,1.1368,,medium
RENAULT,Captur,1,1,,-0.6683,0.000307,229666,-0.6683,,medium
RENAULT,Captur,2,1,,-0.8451,0.000155,217199,-0.8451,,medium
RENAULT,Captur,3,1,,-0.7659,0.000746,46791,-0.7659,,medium
RENAULT,GRAND SCENIC,1,1,,-2.0484,0.005388,10394,-2.0484,,medium
RENAULT,GRAND SCENIC,2,1,,-1.5939,0.002309,13293,-1.5939,,medium
RENAULT,GRAND SCENIC,3,1,,-1.593,0.001167,28791,-1.593,,medium
RENAULT,GRAND SCENIC,4,1,,-1.265,0.001369,30437,-1.265,,medium
RENAULT,Kadjar,1,1,,-0.9816,0.000474,140221,-0.9816,,medium
RENAULT,Kadjar,2,1,,-0.6471,0.000435,80055,-0.6471,,medium
RENAULT,MEGANE,1,1,,-1.4165,0.001583,39000,-1.4165,,medium
RENAULT,MEGANE,2,1,,-1.7357,0.000396,76421,-1.7357,,medium
RENAULT,MEGANE,3,1,,-1.6128,0.000264,127161,-1.6128,,medium
RENAULT,MEGANE,4,1,,-1.2805,0.000295,141135,-1.2805,,medium
RENAULT,MEGANE SPORT TOURER,1,1,,-1.4165,0.001583,39000,-1.4165,,medium
RENAULT,MEGANE SPORT TOURER,2,1,,-1.7357,0.000396,76421,-1.7357,,medium
RENAULT,MEGANE SPORT TOURER,3,1,,-1.6128,0.000264,127161,-1.6128,,medium
RENAULT,MEGANE SPORT TOURER,4,1,,-1.2805,0.000295,141135,-1.2805,,medium
RENAULT,Ny Clio,1,1,,-2.3053,0.000252,214411,-2.3053,,medium
RENAULT,Ny Clio,2,1,,-2.254,0.000108,270614,-2.254,,medium
RENAULT,Ny Clio,3,1,,-2.0483,0.00014,239733,-2.0483,,medium
RENAULT,Ny Clio,4,1,,-1.7247,0.000136,307835,-1.7247,,medium
RENAULT,SCENIC,1,1,,-1.2244,0.007207,8846,-1.2244,,medium
RENAULT,SCENIC,2,1,,-1.5419,0.001084,28470,-1.5419,,medium
RENAULT,SCENIC,3,1,,-1.2698,0.000752,45126,-1.2698,,medium
RENAULT,SCENIC,4,1,,-1.1101,0.000757,55020,-1.1101,,medium
RENAULT,TWINGO,1,1,,-1.9008,0.003905,14652,-1.9008,,medium
RENAULT,TWINGO,2,1,,-1.6157,0.001041,29416,-1.6157,,medium
RENAULT,TWINGO,3,1,,-1.6662,0.001417,23685,-1.6662,,medium
RENAULT,TWINGO,4,1,,-1.1268,0.001362,30579,-1.1268,,medium
SEAT,Arona,1,1,,-0.5144,0.000821,88369,-0.5144,,medium
SEAT,Arona,2,1,,-0.5855,0.008001,4392,-0.5855,,medium
SEAT,Ateca,1,1,,1.2388,0.001143,92268,1.2388,,medium
SEAT,Ateca,2,1,,1.7245,0.002847,20587,1.7245,,medium
SEAT,IBIZA,1,1,,-1.409,0.000383,161424,-1.409,,medium
SEAT,IBIZA,2,1,,-1.2511,0.000151,211203,-1.2511,,medium
SEAT,IBIZA,3,1,,-0.6933,0.000196,179151,-0.6933,,medium
SEAT,IBIZA,4,1,,-0.6639,0.000342,122569,-0.6639,,medium
SEAT,LEON,1,1,,-0.1119,0.000373,210424,-0.1119,,medium
SEAT,LEON,2,1,,0.7047,0.000231,196502,0.7047,,medium
SEAT,LEON,3,1,,0.9317,0.000359,118320,0.9317,,medium
SEAT,LEON,4,1,,0.4605,0.000538,82300,0.4605,,medium
SEAT,MII,2,1,,-0.339,0.001198,30597,-0.339,,medium
SEAT,MII,3,1,,0.1283,0.001943,19562,0.1283,,medium
SEAT,TOLEDO,2,1,,-0.3856,0.00384,9467,-0.3856,,medium
SEAT,TOLEDO,3,1,,0.2528,0.010003,3858,0.2528,,medium
SKODA,CITIGO,1,1,,-0.7383,0.001151,60389,-0.7383,,medium
SKODA,CITIGO,2,1,,-0.2684,0.000412,90119,-0.2684,,medium
SKODA,CITIGO,3,1,,0.6908,0.000915,44780,0.6908,,medium
SKODA,FABIA,1,1,,-0.6232,0.000379,187204,-0.6232,,medium
SKODA,FABIA,2,2,0.8755,-0.1737,0.000181,209321,-0.1614,-1.037,medium
SKODA,FABIA,3,2,0.7943,0.1758,0.000215,178638,0.193,-0.6013,medium
SKODA,FABIA,4,2,0.2036,-0.3633,0.000229,185065,-0.359,-0.5626,high
SKODA,FABIA COMBI,1,1,,-0.6232,0.000379,187204,-0.6232,,medium
SKODA,FABIA COMBI,2,2,0.8755,-0.1737,0.000181,209321,-0.1614,-1.037,medium
SKODA,FABIA COMBI,3,2,0.7943,0.1758,0.000215,178638,0.193,-0.6013,medium
SKODA,FABIA COMBI,4,2,0.2036,-0.3633,0.000229,185065,-0.359,-0.5626,high
SKODA,KAMIQ,1,1,,0.8331,0.007851,12241,0.8331,,medium
SKODA,KAROQ,1,1,,1.3818,0.001183,92186,1.3818,,medium
SKODA,KAROQ,2,1,,1.9257,0.016225,3816,1.9257,,medium
SKODA,KODIAQ,1,2,0.6281,1.1822,0.001259,78459,1.287,0.6589,medium
SKODA,KODIAQ,2,1,,1.7466,0.00556,10604,1.7466,,medium
SKODA,OCTAVIA,1,2,1.0369,0.926,0.000431,220075,1.0542,0.0172,low
SKODA,OCTAVIA,2,2,0.7812,1.0889,0.000227,220714,1.1404,0.3592,medium
SKODA,OCTAVIA,3,2,0.455,0.8023,0.000261,159637,0.8616,0.4066,high
SKODA,OCTAVIA,4,2,0.6541,0.5563,0.00035,127700,0.6248,-0.0293,medium
SKODA,OCTAVIA COMBI,1,2,1.0369,0.926,0.000431,220075,1.0542,0.0172,low
SKODA,OCTAVIA COMBI,2,2,0.7812,1.0889,0.000227,220714,1.1404,0.3592,medium
SKODA,OCTAVIA COMBI,3,2,0.455,0.8023,0.000261,159637,0.8616,0.4066,high
SKODA,OCTAVIA COMBI,4,2,0.6541,0.5563,0.00035,127700,0.6248,-0.0293,medium
SKODA,RAPID,2,1,,-0.0985,0.000858,44650,-0.0985,,medium
SKODA,RAPID,3,1,,0.4678,0.00245,16202,0.4678,,medium
SKODA,RAPID SPACEBACK,2,1,,-0.0985,0.000858,44650,-0.0985,,medium
SKODA,RAPID SPACEBACK,3,1,,0.4678,0.00245,16202,0.4678,,medium
SKODA,SCALA,1,1,,0.2232,0.010407,8086,0.2232,,medium
SKODA,SUPERB,1,2,2.1239,0.2976,0.000905,92341,0.6281,-1.4958,low
SKODA,SUPERB,2,2,1.3356,0.6443,0.000602,75831,0.7492,-0.5864,low
SKODA,SUPERB,3,2,1.3544,0.4759,0.000879,46137,0.6626,-0.6918,low
SKODA,SUPERB,4,2,0.8093,0.7479,0.002442,18548,0.9161,0.1069,medium
SKODA,SUPERB COMBI,1,2,2.1239,0.2976,0.000905,92341,0.6281,-1.4958,low
SKODA,SUPERB COMBI,2,2,1.3356,0.6443,0.000602,75831,0.7492,-0.5864,low
SKODA,SUPERB COMBI,3,2,1.3544,0.4759,0.000879,46137,0.6626,-0.6918,low
SKODA,SUPERB COMBI,4,2,0.8093,0.7479,0.002442,18548,0.9161,0.1069,medium
SUZUKI,ALTO,3,1,,-0.703,0.000424,82714,-0.703,,medium
SUZUKI,ALTO,4,1,,-0.338,0.001087,38922,-0.338,,medium
SUZUKI,BALENO,1,1,,-1.7694,0.003733,15634,-1.7694,,medium
SUZUKI,BALENO,2,1,,-0.8868,0.004149,8081,-0.8868,,medium
SUZUKI,Celerio,1,1,,0.0898,0.001603,51059,0.0898,,medium
SUZUKI,Celerio,2,1,,0.3621,0.000848,49639,0.3621,,medium
SUZUKI,Celerio,3,1,,0.9376,0.015941,2670,0.9376,,medium
SUZUKI,IGNIS,1,1,,-0.4813,0.001537,47501,-0.4813,,medium
SUZUKI,IGNIS,2,1,,-0.2976,0.003279,11263,-0.2976,,medium
SUZUKI,IGNIS,4,1,,-0.4609,0.007426,5671,-0.4609,,medium
SUZUKI,SPLASH,3,1,,-1.1344,0.001092,31288,-1.1344,,medium
SUZUKI,SPLASH,4,1,,-1.1836,0.001844,22585,-1.1836,,medium
SUZUKI,SWIFT,1,2,0.3919,-0.085,0.000664,116486,-0.0616,-0.4535,high
SUZUKI,SWIFT,2,1,,-0.3445,0.000302,121329,-0.3445,,medium
SUZUKI,SWIFT,3,2,0.7189,-0.332,0.000352,103630,-0.3013,-1.0202,medium
SUZUKI,SWIFT,4,2,0.2111,-0.8705,0.000366,114328,-0.8776,-0.6665,high
SUZUKI,SX4,3,1,,0.3606,0.005818,6632,,0.3606,medium
SUZUKI,SX4,4,1,,-0.142,0.009092,4809,,-0.142,medium
SUZUKI,SX4 COMBIBACK,2,1,,0.0444,0.000822,47937,0.0444,,medium
SUZUKI,SX4 COMBIBACK,3,2,0.927,-0.4293,0.000861,41719,-0.5665,0.3606,medium
SUZUKI,SX4 COMBIBACK,4,2,0.7162,-0.7724,0.001089,38538,-0.8582,-0.142,medium
SUZUKI,SX4 S-Cross,3,1,,1.2291,0.00948,4208,,1.2291,medium
SUZUKI,VITARA,1,2,1.0345,0.3837,0.000666,128874,0.3473,1.3818,low
SUZUKI,VITARA,2,2,0.6775,0.5009,0.000654,66551,0.4691,1.1466,medium
SUZUKI,VITARA,3,1,,1.2874,0.021052,2144,1.2874,,low
TOYOTA,AURIS,1,1,,0.1758,0.008832,6033,,0.1758,medium
TOYOTA,AURIS,2,2,0.1094,0.5976,0.00022,203312,0.6053,0.4959,high
TOYOTA,AURIS,3,2,0.1842,0.6838,0.000257,157901,0.6555,0.8397,high
TOYOTA,AURIS,4,2,0.169,0.3027,0.000265,164685,0.3186,0.1495,high
TOYOTA,AVENSIS,2,2,0.6139,1.0621,0.001138,43471,1.0138,1.6277,medium
TOYOTA,AVENSIS,3,2,0.1501,1.1102,0.000645,66338,1.079,1.2291,high
TOYOTA,AVENSIS,4,2,0.073,0.8017,0.000405,109924,0.8168,0.7437,high
TOYOTA,AVENSIS STW,2,2,0.6139,1.0621,0.001138,43471,1.0138,1.6277,medium
TOYOTA,AVENSIS STW,3,2,0.1501,1.1102,0.000645,66338,1.079,1.2291,high
TOYOTA,AVENSIS STW,4,2,0.073,0.8017,0.000405,109924,0.8168,0.7437,high
TOYOTA,AYGO,1,1,,-0.064,0.000323,245099,-0.064,,medium
TOYOTA,AYGO,2,1,,0.034,0.000162,243144,0.034,,medium
TOYOTA,AYGO,3,1,,-0.295,0.000203,178808,-0.295,,medium
TOYOTA,AYGO,4,2,0.9412,-0.6424,0.000233,180434,-0.6302,-1.5713,medium
TOYOTA,AYGO 3/5-DØRS,4,1,,-1.5713,0.017962,3007,,-1.5713,low
TOYOTA,AYGO 5-DØRS,4,1,,-1.5713,0.017962,3007,,-1.5713,low
TOYOTA,Aygo X,4,1,,-1.5713,0.017962,3007,,-1.5713,low
TOYOTA,COROLLA,1,2,1.6101,1.2331,0.001322,75744,1.6093,-0.0008,low
TOYOTA,COROLLA,4,2,0.4156,0.6255,0.000677,66117,0.6526,0.237,high
TOYOTA,RAV4,1,2,0.2398,1.0674,0.000718,125203,1.1471,0.9072,high
TOYOTA,RAV4,2,2,1.0706,0.8867,0.000586,83538,1.0952,0.0246,low
TOYOTA,RAV4,3,2,0.3334,1.625,0.001192,38709,1.7358,1.4024,high
TOYOTA,RAV4,4,2,0.3087,0.9208,0.000934,47156,0.8422,1.1509,high
TOYOTA,RAV4 Plug in,1,2,0.2398,1.0674,0.000718,125203,1.1471,0.9072,high
TOYOTA,RAV4 Plug in,2,2,1.0706,0.8867,0.000586,83538,1.0952,0.0246,low
TOYOTA,RAV4 Plug in,3,1,,1.4024,0.003588,11242,,1.4024,medium
TOYOTA,RAV4 Plug in,4,1,,1.1509,0.003667,10666,,1.1509,medium
TOYOTA,Toyota C-HR,1,2,0.1753,0.1011,0.000456,171833,0.0799,0.2552,high
TOYOTA,Toyota C-HR,2,2,0.0391,0.9381,0.001521,31786,0.9429,0.9038,high
TOYOTA,VERSO,2,1,,0.2915,0.001138,36434,0.2915,,medium
TOYOTA,VERSO,3,2,0.1308,0.3571,0.00093,42056,0.3683,0.2375,high
TOYOTA,VERSO,4,1,,0.7688,0.002173,20896,0.7688,,medium
TOYOTA,YARIS,1,2,1.1241,-0.1364,0.00023,330751,-0.0303,-1.1544,low
TOYOTA,YARIS,2,2,1.0451,-0.0797,0.000109,355192,-0.0378,-1.0829,low
TOYOTA,YARIS,3,2,1.1026,0.0594,0.000122,313618,0.131,-0.9717,low
TOYOTA,YARIS,4,2,0.7871,-0.0522,0.000121,355055,-0.0266,-0.8137,medium
TOYOTA,YARIS 5-DØRS,1,1,,-1.1544,0.00244,16882,,-1.1544,medium
TOYOTA,YARIS 5-DØRS,2,1,,-1.0829,0.002732,15223,,-1.0829,medium
TOYOTA,YARIS 5-DØRS,3,1,,-0.9717,0.001872,21128,,-0.9717,medium
TOYOTA,YARIS 5-DØRS,4,1,,-0.8137,0.00372,12845,,-0.8137,medium
VOLKSWAGEN,CADDY,1,1,,-0.9411,0.000545,123004,-0.9411,,medium
VOLKSWAGEN,CADDY,2,1,,-0.3514,0.000256,143064,-0.3514,,medium
VOLKSWAGEN,CADDY,3,1,,0.2155,0.000291,132153,0.2155,,medium
VOLKSWAGEN,CADDY,4,1,,0.5666,0.000425,105036,0.5666,,medium
VOLKSWAGEN,CALIFORNIA,1,1,,0.0651,0.006477,12571,0.0651,,medium
VOLKSWAGEN,CALIFORNIA,2,1,,0.3684,0.004203,10025,0.3684,,medium
VOLKSWAGEN,CALIFORNIA,3,1,,0.9893,0.006866,6251,0.9893,,medium
VOLKSWAGEN,CALIFORNIA,4,1,,1.4664,0.021451,2276,1.4664,,low
VOLKSWAGEN,GOLF,1,2,1.2318,1.0887,0.000144,703083,1.1221,-0.1097,low
VOLKSWAGEN,GOLF,2,2,0.7787,1.1447,6.5e-05,784565,1.1707,0.392,medium
VOLKSWAGEN,GOLF,3,2,0.1716,0.9398,6.2e-05,685513,0.9509,0.7793,high
VOLKSWAGEN,GOLF,4,2,0.155,0.5854,6.1e-05,734724,0.5929,0.4379,high
VOLKSWAGEN,GOLF VARIANT,1,1,,1.1221,0.000148,693637,1.1221,,medium
VOLKSWAGEN,GOLF VARIANT,2,1,,1.1707,6.7e-05,760031,1.1707,,medium
VOLKSWAGEN,GOLF VARIANT,3,1,,0.9509,6.6e-05,644906,0.9509,,medium
VOLKSWAGEN,GOLF VARIANT,4,1,,0.5929,6.4e-05,702042,0.5929,,medium
VOLKSWAGEN,Golf Sportsvan,1,1,,1.1221,0.000148,693637,1.1221,,medium
VOLKSWAGEN,Golf Sportsvan,2,2,0.1197,1.1703,6.7e-05,762914,1.1707,1.051,high
VOLKSWAGEN,Golf Sportsvan,3,1,,0.9509,6.6e-05,644906,0.9509,,medium
VOLKSWAGEN,PASSAT,1,2,2.1616,0.569,0.000631,140323,0.9452,-1.2164,low
VOLKSWAGEN,PASSAT,2,2,0.985,0.745,0.000244,190451,0.8221,-0.1629,medium
VOLKSWAGEN,PASSAT,3,2,0.5355,0.7106,0.000216,190510,0.7606,0.2251,medium
VOLKSWAGEN,PASSAT,4,2,0.5208,0.8664,0.000234,195103,0.9119,0.3911,medium
VOLKSWAGEN,PASSAT VARIANT,1,2,2.1616,0.569,0.000631,140323,0.9452,-1.2164,low
VOLKSWAGEN,PASSAT VARIANT,2,2,0.985,0.745,0.000244,190451,0.8221,-0.1629,medium
VOLKSWAGEN,PASSAT VARIANT,3,2,0.5355,0.7106,0.000216,190510,0.7606,0.2251,medium
VOLKSWAGEN,PASSAT VARIANT,4,2,0.5208,0.8664,0.000234,195103,0.9119,0.3911,medium
VOLKSWAGEN,POLO,1,2,0.9267,-1.0114,0.000133,492911,-1.0258,-0.0991,medium
VOLKSWAGEN,POLO,2,2,0.0872,-0.7283,6.2e-05,554892,-0.7276,-0.8148,high
VOLKSWAGEN,POLO,3,2,0.6011,-0.717,7.4e-05,478293,-0.7054,-1.3064,medium
VOLKSWAGEN,POLO,4,2,0.1473,-0.8135,9e-05,464745,-0.8168,-0.6695,high
VOLKSWAGEN,T-Cross,1,1,,0.1047,0.003123,26282,0.1047,,medium
VOLKSWAGEN,T-Roc,1,2,0.3262,1.6116,0.000866,129166,1.6408,1.3146,high
VOLKSWAGEN,T-Roc,2,1,,1.8635,0.013522,4501,1.8635,,medium
VOLKSWAGEN,TIGUAN,1,2,0.8944,1.0688,0.000305,328208,1.1097,0.2153,medium
VOLKSWAGEN,TIGUAN,2,2,0.092,0.9148,0.000215,222792,0.9177,0.8257,high
VOLKSWAGEN,TIGUAN,3,2,0.3946,0.7229,0.000311,132289,0.7663,0.3717,high
VOLKSWAGEN,TIGUAN,4,2,0.3801,0.9994,0.000571,78739,0.9376,1.3176,high
VOLKSWAGEN,TOURAN,1,1,,0.0478,0.002055,39472,0.0478,,medium
VOLKSWAGEN,TOURAN,2,1,,0.3149,0.00082,50827,0.3149,,medium
VOLKSWAGEN,TOURAN,3,2,1.0038,0.538,0.000562,71864,0.6176,-0.3862,low
VOLKSWAGEN,TOURAN,4,2,0.1604,0.3977,0.000436,100162,0.3798,0.5403,high
VOLKSWAGEN,UP!,1,1,,-0.5495,0.000571,126225,-0.5495,,medium
VOLKSWAGEN,UP!,2,1,,-0.187,0.000195,193174,-0.187,,medium
VOLKSWAGEN,UP!,3,2,1.4065,0.5427,0.000304,132791,0.591,-0.8155,low
VOLKSWAGEN,UP!,4,1,,1.083,0.009712,4818,1.083,,medium
VOLVO,V40,1,2,0.5788,-0.9201,0.000509,130139,-0.9411,-0.3622,medium
VOLVO,V40,2,2,0.6508,-0.3927,0.00021,173876,-0.4115,0.2394,medium
VOLVO,V40,3,2,0.5077,0.4032,0.000511,76228,0.3144,0.8221,medium
VOLVO,V50,3,1,,-1.0535,0.01211,3281,,-1.0535,medium
VOLVO,V50,4,2,0.154,0.0389,0.000529,81608,0.0601,-0.0939,high
VOLVO,V60,1,2,0.9239,0.4582,0.001469,54651,0.236,1.1598,medium
VOLVO,V60,2,2,0.8817,0.6921,0.000947,48071,0.5936,1.4753,medium
VOLVO,V60,3,2,0.5723,1.193,0.000853,49829,1.0265,1.5988,medium
VOLVO,V60,4,2,0.5879,1.9191,0.004586,9716,1.6531,2.241,medium
VOLVO,V70,2,2,0.5609,0.9071,0.002501,19111,0.8432,1.4041,medium
VOLVO,V70,3,2,0.2708,1.5958,0.001252,35987,1.5021,1.7729,high
VOLVO,V70,4,2,0.4344,1.6205,0.000674,67567,1.4846,1.9189,high
VOLVO,V90,1,2,0.0982,0.608,0.001812,44412,0.5755,0.6736,high
VOLVO,V90,2,2,0.1024,1.0283,0.004575,10935,0.9864,1.0888,high
VOLVO,XC40,1,2,1.8469,1.5036,0.001142,96344,1.3951,3.2419,low
VOLVO,XC60,1,2,1.0759,0.9607,0.000599,157207,0.8273,1.9031,low
VOLVO,XC60,2,2,0.7172,0.5541,0.000314,140050,0.5129,1.2302,medium
VOLVO,XC60,3,2,0.8458,1.3319,0.00056,78415,1.1761,2.022,medium
VOLVO,XC60,4,2,0.9661,2.1484,0.001222,38878,1.8618,2.8279,medium
VOLVO,XC90,1,2,0.6931,0.5666,0.001119,76460,0.4667,1.1598,medium
VOLVO,XC90,2,2,0.1402,0.7029,0.000968,47406,0.7183,0.5782,high
VOLVO,XC90,3,1,,0.6106,0.000979,41360,0.6106,,medium
VOLVO,XC90,4,1,,0.8621,0.000866,52865,0.8621,,medium
