dmr_make,dmr_model,age_band,n_tests_all,raw_rate_all,standardized_rate_all,unstable_all,n_tests_mechanical,raw_rate_mechanical,standardized_rate_mechanical,unstable_mechanical,n_tests_consumable,raw_rate_consumable,standardized_rate_consumable,unstable_consumable
ALFA ROMEO,GIULIETTA,2,35,0.5714,,True,35,0.8,,True,35,0.7714,,True
ALFA ROMEO,GIULIETTA,3,258,0.4612,0.4506,False,258,0.7442,0.7378,False,258,0.6628,0.645,False
ALFA ROMEO,GIULIETTA,4,1,0.0,,True,1,1.0,,True,1,0.0,,True
AUDI,A1 SPORTBACK,1,902,0.755,0.7474,False,902,0.796,0.7883,False,902,0.9623,0.9591,False
AUDI,A1 SPORTBACK,2,1299,0.6336,0.6175,False,1299,0.7436,0.735,False,1299,0.9115,0.8944,False
AUDI,A1 SPORTBACK,3,3090,0.5291,0.4854,False,3090,0.6715,0.6344,False,3090,0.8621,0.8344,False
AUDI,A1 SPORTBACK,4,183,0.4645,0.4506,False,183,0.5847,0.5947,False,183,0.8525,0.7984,False
AUDI,A3,1,4115,0.7443,0.7468,False,4115,0.8311,0.8327,False,4115,0.9198,0.9207,False
AUDI,A3,2,9233,0.644,0.64,False,9233,0.7644,0.7668,False,9233,0.8957,0.89,False
AUDI,A3,3,11732,0.5549,0.546,False,11732,0.7353,0.7331,False,11732,0.8326,0.8202,False
AUDI,A3,4,8787,0.3471,0.3446,False,8787,0.5608,0.5576,False,8787,0.658,0.6489,False
AUDI,A3 CABRIOLET,1,7,0.7143,,True,7,0.7143,,True,7,0.8571,,True
AUDI,A3 CABRIOLET,2,39,0.6667,,True,39,0.7436,,True,39,0.9487,,True
AUDI,A3 CABRIOLET,3,103,0.5728,,True,103,0.7573,,True,103,0.8932,,True
AUDI,A3 CABRIOLET,4,166,0.3675,0.3546,False,166,0.6265,0.581,False,166,0.6928,0.6722,False
AUDI,A3 Limousine,1,109,0.7431,,True,109,0.8165,,True,109,0.9633,,True
AUDI,A3 Limousine,2,290,0.6621,0.6687,False,290,0.8172,0.8188,False,290,0.8828,0.8873,False
AUDI,A3 Limousine,3,391,0.578,0.5605,False,391,0.7877,0.7934,False,391,0.8338,0.8086,False
AUDI,A3 Sportback,1,3698,0.7385,0.745,False,3698,0.8272,0.8309,False,3698,0.9164,0.9184,False
AUDI,A3 Sportback,2,8901,0.6433,0.6386,False,8901,0.7628,0.7647,False,8901,0.8959,0.8902,False
AUDI,A3 Sportback,3,9047,0.5753,0.5648,False,9047,0.7453,0.7446,False,9047,0.8509,0.8386,False
AUDI,A3 Sportback,4,227,0.4053,0.3941,False,227,0.6784,0.6629,False,227,0.6784,0.6725,False
AUDI,A4 AVANT,1,1533,0.8402,0.8571,False,1533,0.9263,0.9267,False,1533,0.9543,0.9615,False
AUDI,A4 AVANT,2,1848,0.717,0.7383,False,1848,0.8772,0.8826,False,1848,0.9064,0.9186,False
AUDI,A4 AVANT,3,2969,0.5423,0.5893,False,2969,0.6962,0.7274,False,2969,0.7952,0.8267,False
AUDI,A4 AVANT,4,152,0.5,0.5193,False,152,0.6382,0.6583,False,152,0.7697,0.7763,False
AUDI,A5 SPORTBACK,1,233,0.8369,0.8427,False,233,0.9185,0.9214,False,233,0.97,0.9743,False
AUDI,A5 SPORTBACK,2,267,0.6629,0.6677,False,267,0.8165,0.8175,False,267,0.9139,0.92,False
AUDI,A5 SPORTBACK,3,880,0.567,0.583,False,880,0.692,0.7021,False,880,0.8205,0.8315,False
AUDI,A5 SPORTBACK,4,69,0.5072,,True,69,0.7246,,True,69,0.7536,,True
AUDI,A6 AVANT,1,526,0.846,0.8459,False,526,0.9335,0.9425,False,526,0.9411,0.9335,False
AUDI,A6 AVANT,2,1067,0.7554,0.7784,False,1067,0.866,0.8707,False,1067,0.9016,0.9164,False
AUDI,A6 AVANT,3,2163,0.6805,0.6959,False,2163,0.8285,0.8301,False,2163,0.8641,0.883,False
AUDI,A6 AVANT,4,143,0.5385,,True,143,0.7552,,True,143,0.7133,,True
AUDI,Q2,1,1587,0.8066,0.7983,False,1587,0.8645,0.861,False,1587,0.9647,0.9615,False
AUDI,Q2,2,722,0.6704,0.6474,False,722,0.7632,0.7746,False,722,0.9488,0.9374,False
AUDI,Q3,1,911,0.7695,0.7685,False,911,0.8386,0.8393,False,911,0.944,0.9431,False
AUDI,Q3,2,1293,0.628,0.6304,False,1293,0.7943,0.797,False,1293,0.9002,0.8982,False
AUDI,Q3,3,2899,0.4964,0.4962,False,2899,0.7703,0.7676,False,2899,0.8158,0.8159,False
AUDI,Q3,4,293,0.4539,0.46,False,293,0.6997,0.7074,False,293,0.7918,0.7864,False
AUDI,Q5,1,1438,0.8456,0.8547,False,1438,0.9444,0.9496,False,1438,0.943,0.9422,False
AUDI,Q5,2,2270,0.7229,0.7461,False,2270,0.8471,0.864,False,2270,0.9057,0.9161,False
AUDI,Q5,3,5548,0.5761,0.628,False,5548,0.724,0.7621,False,5548,0.8142,0.8437,False
AUDI,Q5,4,5189,0.4174,0.4549,False,5189,0.6107,0.6361,False,5189,0.6926,0.7169,False
BMW,1-Serie,1,314,0.7771,0.7848,False,314,0.8662,0.8725,False,314,0.9363,0.943,False
BMW,1-Serie,2,1319,0.6346,0.6303,False,1319,0.7483,0.7464,False,1319,0.8795,0.8778,False
BMW,1-Serie,3,5856,0.4785,0.4737,False,5856,0.6667,0.6629,False,5856,0.7512,0.7459,False
BMW,1-Serie,4,6307,0.3634,0.3523,False,6307,0.5109,0.4993,False,6307,0.6759,0.6633,False
BMW,2-Serie,1,7055,0.8335,0.8155,False,7055,0.9176,0.9082,False,7055,0.9263,0.918,False
BMW,2-Serie,2,5966,0.6537,0.6298,False,5966,0.8228,0.8184,False,5966,0.8793,0.8623,False
BMW,2-Serie,3,949,0.6259,0.5958,False,949,0.8135,0.8047,False,949,0.8672,0.8484,False
BMW,3-Serie,1,4744,0.7582,0.7605,False,4744,0.9045,0.9044,False,4744,0.9132,0.9143,False
BMW,3-Serie,2,3950,0.6405,0.6635,False,3950,0.7927,0.8021,False,3950,0.8408,0.857,False
BMW,3-Serie,3,8958,0.5033,0.5387,False,8958,0.6941,0.7173,False,8958,0.7534,0.7825,False
BMW,3-Serie,4,10635,0.3108,0.3337,False,10635,0.4734,0.4958,False,10635,0.6157,0.6368,False
BMW,4-serie,1,85,0.7412,,True,85,0.8706,,True,85,0.9294,,True
BMW,4-serie,2,509,0.611,0.6213,False,509,0.7682,0.7692,False,509,0.8644,0.8741,False
BMW,4-serie,3,422,0.5332,0.5427,False,422,0.6825,0.6863,False,422,0.7796,0.7803,False
BMW,5-Serie,1,4543,0.8162,0.829,False,4543,0.9095,0.9155,False,4543,0.9333,0.9385,False
BMW,5-Serie,2,3263,0.6417,0.6759,False,3263,0.7784,0.7976,False,3263,0.9035,0.9211,False
BMW,5-Serie,3,8687,0.4765,0.5144,False,8687,0.705,0.7265,False,8687,0.8022,0.8373,False
BMW,5-Serie,4,10877,0.3713,0.4141,False,10877,0.5728,0.6112,False,10877,0.6505,0.7049,False
BMW,X1,1,7080,0.8682,0.8569,False,7080,0.9439,0.9384,False,7080,0.9302,0.9245,False
BMW,X1,2,3404,0.6954,0.7022,False,3404,0.8769,0.8795,False,3404,0.8543,0.859,False
BMW,X1,3,5709,0.4812,0.4934,False,5709,0.6754,0.6814,False,5709,0.8014,0.8064,False
BMW,X1,4,4390,0.3535,0.3637,False,4390,0.5353,0.5436,False,4390,0.7499,0.7541,False
BMW,X3,1,2884,0.8464,0.8475,False,2884,0.948,0.9481,False,2884,0.9258,0.9265,False
BMW,X3,2,3055,0.6491,0.6784,False,3055,0.834,0.8458,False,3055,0.9005,0.9095,False
BMW,X3,3,9399,0.5043,0.5414,False,9399,0.7652,0.7865,False,9399,0.7209,0.7488,False
BMW,X3,4,5417,0.4189,0.4506,False,5417,0.6445,0.6749,False,5417,0.6697,0.6985,False
BMW,X5,1,5474,0.778,0.7928,False,5474,0.9273,0.934,False,5474,0.9046,0.9096,False
BMW,X5,2,3601,0.6418,0.657,False,3601,0.8412,0.8413,False,3601,0.8709,0.8761,False
BMW,X5,3,2684,0.5596,0.5907,False,2684,0.8051,0.8202,False,2684,0.8167,0.8351,False
BMW,X5,4,3889,0.4302,0.4695,False,3889,0.693,0.7353,False,3889,0.7112,0.7465,False
CHEVROLET,SPARK,2,10,0.1,,True,10,0.3,,True,10,0.7,,True
CHEVROLET,SPARK,3,308,0.2597,0.2083,False,308,0.4058,0.3376,False,308,0.6039,0.5569,False
CHEVROLET,SPARK,4,21,0.4762,,True,21,0.5238,,True,21,0.7143,,True
CITROËN,BERLINGO,1,389,0.6761,0.6762,False,389,0.7918,0.7915,False,389,0.8689,0.8691,False
CITROËN,BERLINGO,2,293,0.471,0.4843,False,293,0.6451,0.6533,False,293,0.6894,0.6945,False
CITROËN,BERLINGO,3,704,0.3835,0.3967,False,704,0.6023,0.6099,False,704,0.6108,0.6353,False
CITROËN,BERLINGO,4,993,0.2397,0.2468,False,993,0.4028,0.4126,False,993,0.4451,0.4525,False
CITROËN,C 1,1,58,0.7241,,True,58,0.7931,,True,58,0.931,,True
CITROËN,C 1,2,428,0.5561,0.4369,False,428,0.6472,0.5614,False,428,0.8224,0.7307,False
CITROËN,C 1,3,880,0.3989,0.2788,False,880,0.483,0.3737,False,880,0.7193,0.5634,False
CITROËN,C 1,4,1119,0.319,0.244,False,1119,0.4066,0.3313,False,1119,0.6229,0.5031,False
CITROËN,C1,1,58,0.7241,,True,58,0.7931,,True,58,0.931,,True
CITROËN,C1,2,428,0.5561,0.4369,False,428,0.6472,0.5614,False,428,0.8224,0.7307,False
CITROËN,C1,3,880,0.3989,0.2788,False,880,0.483,0.3737,False,880,0.7193,0.5634,False
CITROËN,C1,4,1119,0.319,0.244,False,1119,0.4066,0.3313,False,1119,0.6229,0.5031,False
CITROËN,C3,1,2416,0.6424,0.5996,False,2416,0.721,0.6922,False,2416,0.9023,0.8822,False
CITROËN,C3,2,1100,0.4918,0.4523,False,1100,0.6309,0.5813,False,1100,0.83,0.7947,False
CITROËN,C3,3,1322,0.3275,0.2593,False,1322,0.5212,0.4617,False,1322,0.615,0.5467,False
CITROËN,C3,4,1932,0.2748,0.2447,False,1932,0.4275,0.4018,False,1932,0.5735,0.5185,False
CITROËN,C3 Aircross,1,782,0.6573,0.6281,False,782,0.6995,0.6762,False,782,0.9322,0.9224,False
CITROËN,C3 Aircross,2,91,0.4615,,True,91,0.5165,,True,91,0.8681,,True
CITROËN,C3 PICASSO,1,11,0.7273,,True,11,0.8182,,True,11,0.9091,,True
CITROËN,C3 PICASSO,2,46,0.5652,,True,46,0.6522,,True,46,0.6957,,True
CITROËN,C3 PICASSO,3,382,0.2984,0.2742,False,382,0.4895,0.4631,False,382,0.5812,0.5497,False
CITROËN,C3 PICASSO,4,833,0.2893,0.2622,False,833,0.4082,0.3945,False,833,0.5882,0.5428,False
CITROËN,C4,1,2520,0.6103,0.6137,False,2520,0.7631,0.7652,False,2520,0.8373,0.8399,False
CITROËN,C4,2,3636,0.4494,0.4508,False,3636,0.6507,0.6536,False,3636,0.7558,0.754,False
CITROËN,C4,3,5303,0.3832,0.384,False,5303,0.5725,0.5707,False,5303,0.6956,0.6929,False
CITROËN,C4,4,2439,0.2628,0.2561,False,2439,0.4531,0.44,False,2439,0.4781,0.467,False
CITROËN,C4 Cactus,1,1085,0.6028,0.5877,False,1085,0.7401,0.7276,False,1085,0.8415,0.8365,False
CITROËN,C4 Cactus,2,1625,0.4258,0.4084,False,1625,0.6302,0.6124,False,1625,0.7526,0.7325,False
CITROËN,C4 Cactus,3,775,0.369,0.3213,False,775,0.569,0.5191,False,775,0.7252,0.6915,False
CITROËN,C4 PICASSO,1,823,0.6087,0.6286,False,823,0.7983,0.8006,False,823,0.8068,0.8354,False
CITROËN,C4 PICASSO,2,1511,0.4467,0.4666,False,1511,0.6519,0.6675,False,1511,0.7379,0.7521,False
CITROËN,C4 PICASSO,3,1484,0.3396,0.3534,False,1484,0.5445,0.5569,False,1484,0.6179,0.6271,False
CITROËN,C4 PICASSO,4,1058,0.2297,0.2436,False,1058,0.4083,0.4202,False,1058,0.3922,0.4026,False
CITROËN,C5 Aircross,1,1527,0.7747,0.7618,False,1527,0.8749,0.8699,False,1527,0.9149,0.9081,False
CITROËN,DS3,2,90,0.2778,,True,90,0.5,,True,90,0.6889,,True
CITROËN,DS3,3,1430,0.2979,0.2836,False,1430,0.4392,0.4274,False,1430,0.5769,0.5525,False
CITROËN,DS3,4,696,0.2931,0.2573,False,696,0.4454,0.4065,False,696,0.5747,0.4937,False
DACIA,Duster,1,767,0.5867,0.587,False,767,0.6858,0.6855,False,767,0.7914,0.7933,False
DACIA,Duster,2,542,0.3376,0.3487,False,542,0.5111,0.5196,False,542,0.6236,0.6298,False
DACIA,Duster,3,489,0.2802,0.2791,False,489,0.4458,0.444,False,489,0.5951,0.589,False
DACIA,Duster,4,8,0.125,,True,8,0.375,,True,8,0.25,,True
FIAT,500,1,212,0.6415,,True,212,0.7783,,True,212,0.9009,,True
FIAT,500,2,384,0.4505,0.4264,False,384,0.6406,0.6046,False,384,0.8229,0.8004,False
FIAT,500,3,2045,0.3335,0.2839,False,2045,0.4885,0.4209,False,2045,0.6694,0.6337,False
FIAT,500,4,2705,0.2621,0.1803,False,2705,0.4037,0.3017,False,2705,0.5763,0.4766,False
FIAT,PANDA,1,20,0.4,,True,20,0.5,,True,20,0.8,,True
FIAT,PANDA,2,94,0.3617,,True,94,0.5532,,True,94,0.8723,,True
FIAT,PANDA,3,332,0.4006,0.3371,False,332,0.5482,0.4794,False,332,0.7982,0.7587,False
FIAT,PANDA,4,101,0.198,0.1339,False,101,0.3267,0.255,False,101,0.6139,0.5512,False
FIAT,Punto S7,3,91,0.2418,,True,91,0.4396,,True,91,0.6044,,True
FIAT,Punto S7,4,347,0.2824,0.2215,False,347,0.4409,0.363,False,347,0.5994,0.5281,False
FORD,B-MAX,1,5,0.4,,True,5,0.4,,True,5,0.8,,True
FORD,B-MAX,2,250,0.616,0.5423,False,250,0.768,0.7313,False,250,0.792,0.7155,False
FORD,B-MAX,3,1129,0.4216,0.3292,False,1129,0.6413,0.5897,False,1129,0.7298,0.6563,False
FORD,B-MAX,4,19,0.4737,,True,19,0.5789,,True,19,0.5789,,True
FORD,C-MAX,1,235,0.7362,0.7371,False,235,0.8213,0.8259,False,235,0.9149,0.9153,False
FORD,C-MAX,2,749,0.6796,0.6635,False,749,0.7637,0.7549,False,749,0.8945,0.8823,False
FORD,C-MAX,3,1829,0.5391,0.5246,False,1829,0.708,0.6977,False,1829,0.7201,0.7043,False
FORD,C-MAX,4,1034,0.3743,0.3615,False,1034,0.5619,0.5455,False,1034,0.617,0.6067,False
FORD,FIESTA,1,3219,0.8189,0.7834,False,3219,0.8764,0.8539,False,3219,0.9506,0.9348,False
FORD,FIESTA,2,4402,0.545,0.487,False,4402,0.6804,0.6289,False,4402,0.8498,0.8052,False
FORD,FIESTA,3,8583,0.3905,0.3349,False,8583,0.5654,0.5147,False,8583,0.7266,0.6643,False
FORD,FIESTA,4,7906,0.2874,0.2516,False,7906,0.4646,0.42,False,7906,0.6092,0.5599,False
FORD,FIESTA 5 DØRS,1,3219,0.8189,0.7834,False,3219,0.8764,0.8539,False,3219,0.9506,0.9348,False
FORD,FIESTA 5 DØRS,2,4402,0.545,0.487,False,4402,0.6804,0.6289,False,4402,0.8498,0.8052,False
FORD,FIESTA 5 DØRS,3,8583,0.3905,0.3349,False,8583,0.5654,0.5147,False,8583,0.7266,0.6643,False
FORD,FIESTA 5 DØRS,4,7906,0.2874,0.2516,False,7906,0.4646,0.42,False,7906,0.6092,0.5599,False
FORD,FOCUS,1,6110,0.8043,0.798,False,6110,0.8687,0.8666,False,6110,0.9358,0.9316,False
FORD,FOCUS,2,5076,0.685,0.6816,False,5076,0.8249,0.8234,False,5076,0.8455,0.8417,False
FORD,FOCUS,3,15257,0.4692,0.4713,False,15257,0.6807,0.6804,False,15257,0.6913,0.6898,False
FORD,FOCUS,4,12012,0.322,0.315,False,12012,0.5667,0.5552,False,12012,0.5447,0.5343,False
FORD,FOCUS STATIONSVOGN,1,6110,0.8043,0.798,False,6110,0.8687,0.8666,False,6110,0.9358,0.9316,False
FORD,FOCUS STATIONSVOGN,2,5076,0.685,0.6816,False,5076,0.8249,0.8234,False,5076,0.8455,0.8417,False
FORD,FOCUS STATIONSVOGN,3,15257,0.4692,0.4713,False,15257,0.6807,0.6804,False,15257,0.6913,0.6898,False
FORD,FOCUS STATIONSVOGN,4,12012,0.322,0.315,False,12012,0.5667,0.5552,False,12012,0.5447,0.5343,False
FORD,Focus,1,6110,0.8043,0.798,False,6110,0.8687,0.8666,False,6110,0.9358,0.9316,False
FORD,Focus,2,5076,0.685,0.6816,False,5076,0.8249,0.8234,False,5076,0.8455,0.8417,False
FORD,Focus,3,15257,0.4692,0.4713,False,15257,0.6807,0.6804,False,15257,0.6913,0.6898,False
FORD,Focus,4,12012,0.322,0.315,False,12012,0.5667,0.5552,False,12012,0.5447,0.5343,False
FORD,GALAXY,1,191,0.6754,0.7081,False,191,0.8063,0.8122,False,191,0.9215,0.9357,False
FORD,GALAXY,2,493,0.6329,0.6707,False,493,0.7688,0.7934,False,493,0.8519,0.8757,False
FORD,GALAXY,3,1766,0.3386,0.4029,False,1766,0.5351,0.5824,False,1766,0.5193,0.578,False
FORD,GALAXY,4,2069,0.2441,0.2662,False,2069,0.435,0.4628,False,2069,0.4476,0.4711,False
FORD,KA,2,41,0.5122,,True,41,0.6585,,True,41,0.878,,True
FORD,KA,3,505,0.4495,0.3178,False,505,0.602,0.5258,False,505,0.7604,0.6688,False
FORD,KA,4,449,0.314,0.2245,False,449,0.4254,0.2808,False,449,0.6102,0.4463,False
FORD,KUGA,1,5193,0.8225,0.8205,False,5193,0.8681,0.8685,False,5193,0.9582,0.9581,False
FORD,KUGA,2,4067,0.7288,0.746,False,4067,0.8205,0.8281,False,4067,0.9159,0.9241,False
FORD,KUGA,3,7170,0.5505,0.5831,False,7170,0.73,0.7506,False,7170,0.794,0.8137,False
FORD,KUGA,4,5780,0.3626,0.39,False,5780,0.5779,0.6088,False,5780,0.5981,0.6263,False
FORD,MONDEO,1,1541,0.7865,0.8291,False,1541,0.8812,0.9004,False,1541,0.9143,0.936,False
FORD,MONDEO,2,5589,0.7035,0.7442,False,5589,0.842,0.8615,False,5589,0.8722,0.894,False
FORD,MONDEO,3,9588,0.4609,0.5284,False,9588,0.6623,0.7095,False,9588,0.7078,0.7589,False
FORD,MONDEO,4,15288,0.3057,0.3527,False,15288,0.491,0.5441,False,15288,0.5339,0.5857,False
FORD,MONDEO STATIONCAR,1,1541,0.7865,0.8291,False,1541,0.8812,0.9004,False,1541,0.9143,0.936,False
FORD,MONDEO STATIONCAR,2,5589,0.7035,0.7442,False,5589,0.842,0.8615,False,5589,0.8722,0.894,False
FORD,MONDEO STATIONCAR,3,9588,0.4609,0.5284,False,9588,0.6623,0.7095,False,9588,0.7078,0.7589,False
FORD,MONDEO STATIONCAR,4,15288,0.3057,0.3527,False,15288,0.491,0.5441,False,15288,0.5339,0.5857,False
FORD,NY Focus,1,6110,0.8043,0.798,False,6110,0.8687,0.8666,False,6110,0.9358,0.9316,False
FORD,NY Focus,2,5076,0.685,0.6816,False,5076,0.8249,0.8234,False,5076,0.8455,0.8417,False
FORD,NY Focus,3,15257,0.4692,0.4713,False,15257,0.6807,0.6804,False,15257,0.6913,0.6898,False
FORD,NY Focus,4,12012,0.322,0.315,False,12012,0.5667,0.5552,False,12012,0.5447,0.5343,False
FORD,PUMA,1,614,0.8795,,True,614,0.8909,,True,614,0.9805,,True
FORD,S-MAX,1,1786,0.7587,0.7866,False,1786,0.8371,0.8611,False,1786,0.9339,0.9417,False
FORD,S-MAX,2,3631,0.6535,0.6677,False,3631,0.7811,0.7865,False,3631,0.8744,0.8872,False
FORD,S-MAX,3,5510,0.3777,0.4375,False,5510,0.5554,0.6048,False,5510,0.6915,0.7324,False
FORD,S-MAX,4,6314,0.28,0.3254,False,6314,0.449,0.4866,False,6314,0.5309,0.5641,False
HONDA,CIVIC,1,573,0.8133,0.8021,False,573,0.9075,0.905,False,573,0.8953,0.891,False
HONDA,CIVIC,2,1171,0.7395,0.7253,False,1171,0.8369,0.8296,False,1171,0.8659,0.8553,False
HONDA,CIVIC,3,2369,0.6492,0.6203,False,2369,0.7965,0.7796,False,2369,0.7729,0.747,False
HONDA,CIVIC,4,2980,0.3221,0.2891,False,2980,0.5302,0.4973,False,2980,0.5003,0.4553,False
HONDA,CR-V,1,1749,0.8576,0.8564,False,1749,0.9211,0.9203,False,1749,0.9331,0.9321,False
HONDA,CR-V,2,2570,0.7728,0.7803,False,2570,0.8887,0.8925,False,2570,0.8619,0.8661,False
HONDA,CR-V,3,6725,0.6641,0.6702,False,6725,0.8416,0.8451,False,6725,0.7612,0.7654,False
HONDA,CR-V,4,9204,0.3817,0.423,False,9204,0.6223,0.6573,False,9204,0.4961,0.5364,False
HONDA,JAZZ,1,801,0.8439,0.7993,False,801,0.8814,0.8574,False,801,0.9538,0.9264,False
HONDA,JAZZ,2,727,0.7194,0.6427,False,727,0.773,0.722,False,727,0.901,0.8232,False
HONDA,JAZZ,3,1643,0.6111,0.5194,False,1643,0.6969,0.6338,False,1643,0.8052,0.7231,False
HONDA,JAZZ,4,2120,0.4604,0.3696,False,2120,0.5599,0.4735,False,2120,0.6731,0.5567,False
HYUNDAI,I 10,1,161,0.6646,,True,161,0.7267,,True,161,0.9068,,True
HYUNDAI,I 10,2,411,0.5864,0.5079,False,411,0.6229,0.5368,False,411,0.8735,0.8043,False
HYUNDAI,I 10,3,1046,0.4532,0.3127,False,1046,0.5382,0.4017,False,1046,0.7457,0.6199,False
HYUNDAI,I 10,4,982,0.4114,0.281,False,982,0.5071,0.3682,False,982,0.667,0.585,False
HYUNDAI,I10,1,161,0.6646,,True,161,0.7267,,True,161,0.9068,,True
HYUNDAI,I10,2,411,0.5864,0.5079,False,411,0.6229,0.5368,False,411,0.8735,0.8043,False
HYUNDAI,I10,3,1046,0.4532,0.3127,False,1046,0.5382,0.4017,False,1046,0.7457,0.6199,False
HYUNDAI,I10,4,982,0.4114,0.281,False,982,0.5071,0.3682,False,982,0.667,0.585,False
HYUNDAI,I20,1,1113,0.8149,0.787,False,1113,0.8634,0.8452,False,1113,0.9317,0.9155,False
HYUNDAI,I20,2,2116,0.6905,0.6465,False,2116,0.7491,0.7112,False,2116,0.9012,0.8724,False
HYUNDAI,I20,3,4313,0.5126,0.3843,False,4313,0.6065,0.5025,False,4313,0.7475,0.6422,False
HYUNDAI,I20,4,3876,0.3983,0.3069,False,3876,0.4936,0.4046,False,3876,0.638,0.5545,False
HYUNDAI,I30,3,164,0.4024,0.3876,False,164,0.6037,0.5888,False,164,0.628,0.6143,False
HYUNDAI,I30,4,3800,0.3184,0.2783,False,3800,0.4695,0.4236,False,3800,0.5687,0.5305,False
HYUNDAI,I30CW,3,164,0.4024,0.3876,False,164,0.6037,0.5888,False,164,0.628,0.6143,False
HYUNDAI,I30CW,4,3800,0.3184,0.2783,False,3800,0.4695,0.4236,False,3800,0.5687,0.5305,False
HYUNDAI,I40,1,1,0.0,,True,1,1.0,,True,1,1.0,,True
HYUNDAI,I40,2,123,0.5041,0.5262,False,123,0.6829,0.6914,False,123,0.7967,0.8153,False
HYUNDAI,I40,3,2466,0.3569,0.3676,False,2466,0.5292,0.5341,False,2466,0.6752,0.6923,False
HYUNDAI,I40,4,753,0.2935,0.2917,False,753,0.4449,0.4428,False,753,0.6135,0.6098,False
HYUNDAI,IX20,2,230,0.6826,0.5528,False,230,0.7435,0.6355,False,230,0.8609,0.7477,False
HYUNDAI,IX20,3,1937,0.4646,0.364,False,1937,0.5829,0.4993,False,1937,0.7176,0.6281,False
HYUNDAI,IX20,4,920,0.3402,0.2674,False,920,0.4543,0.3897,False,920,0.6304,0.5272,False
HYUNDAI,Ioniq,1,1674,0.7605,0.7566,False,1674,0.8286,0.8256,False,1674,0.9158,0.9133,False
HYUNDAI,Ioniq,2,834,0.6583,0.6387,False,834,0.723,0.7148,False,834,0.9149,0.8994,False
HYUNDAI,KONA,1,232,0.8276,,True,232,0.8621,,True,232,0.9526,,True
HYUNDAI,KONA,2,42,0.7381,,True,42,0.7857,,True,42,0.9524,,True
HYUNDAI,Tucson,1,2203,0.8575,0.8471,False,2203,0.9088,0.8995,False,2203,0.9496,0.9462,False
HYUNDAI,Tucson,2,2353,0.6834,0.6858,False,2353,0.7739,0.7745,False,2353,0.8857,0.8854,False
HYUNDAI,Tucson,3,2331,0.4843,0.4729,False,2331,0.6015,0.5927,False,2331,0.7546,0.7427,False
HYUNDAI,Tucson,4,317,0.3249,0.3363,False,317,0.4637,0.4734,False,317,0.5804,0.5896,False
HYUNDAI,i10 AC3,1,161,0.6646,,True,161,0.7267,,True,161,0.9068,,True
HYUNDAI,i10 AC3,2,411,0.5864,0.5079,False,411,0.6229,0.5368,False,411,0.8735,0.8043,False
HYUNDAI,i10 AC3,3,1046,0.4532,0.3127,False,1046,0.5382,0.4017,False,1046,0.7457,0.6199,False
HYUNDAI,i10 AC3,4,982,0.4114,0.281,False,982,0.5071,0.3682,False,982,0.667,0.585,False
HYUNDAI,i30 Stc.,3,164,0.4024,0.3876,False,164,0.6037,0.5888,False,164,0.628,0.6143,False
HYUNDAI,i30 Stc.,4,3800,0.3184,0.2783,False,3800,0.4695,0.4236,False,3800,0.5687,0.5305,False
KIA,CEE'D SW,1,984,0.8181,0.81,False,984,0.8882,0.885,False,984,0.9441,0.9408,False
KIA,CEE'D SW,2,1150,0.5774,0.5663,False,1150,0.773,0.7671,False,1150,0.7974,0.788,False
KIA,CEE'D SW,3,3585,0.424,0.4105,False,3585,0.5919,0.5817,False,3585,0.7272,0.7129,False
KIA,CEE'D SW,4,742,0.3261,0.316,False,742,0.4865,0.48,False,742,0.5674,0.5444,False
KIA,CEED,1,984,0.8181,0.81,False,984,0.8882,0.885,False,984,0.9441,0.9408,False
KIA,CEED,2,1150,0.5774,0.5663,False,1150,0.773,0.7671,False,1150,0.7974,0.788,False
KIA,CEED,3,3585,0.424,0.4105,False,3585,0.5919,0.5817,False,3585,0.7272,0.7129,False
KIA,CEED,4,742,0.3261,0.316,False,742,0.4865,0.48,False,742,0.5674,0.5444,False
KIA,CEED SW,1,984,0.8181,0.81,False,984,0.8882,0.885,False,984,0.9441,0.9408,False
KIA,CEED SW,2,1150,0.5774,0.5663,False,1150,0.773,0.7671,False,1150,0.7974,0.788,False
KIA,CEED SW,3,3585,0.424,0.4105,False,3585,0.5919,0.5817,False,3585,0.7272,0.7129,False
KIA,CEED SW,4,742,0.3261,0.316,False,742,0.4865,0.48,False,742,0.5674,0.5444,False
KIA,Niro,1,5432,0.8238,0.82,False,5432,0.8779,0.8751,False,5432,0.9361,0.9344,False
KIA,Niro,2,2639,0.6961,0.6792,False,2639,0.7529,0.7395,False,2639,0.911,0.9026,False
KIA,Optima,1,1833,0.7916,0.8219,False,1833,0.8963,0.9132,False,1833,0.9209,0.9308,False
KIA,Optima,2,926,0.6577,0.659,False,926,0.7927,0.7939,False,926,0.8909,0.8918,False
KIA,Optima,3,86,0.3605,,True,86,0.4651,,True,86,0.7907,,True
KIA,Optima,4,1,0.0,,True,1,0.0,,True,1,0.0,,True
KIA,PICANTO,1,563,0.794,,True,563,0.8615,,True,563,0.9414,,True
KIA,PICANTO,2,1280,0.582,0.4698,False,1280,0.6695,0.5748,False,1280,0.8938,0.8407,False
KIA,PICANTO,3,3887,0.4091,0.298,False,3887,0.5151,0.4221,False,3887,0.7489,0.6454,False
KIA,PICANTO,4,652,0.2638,0.1756,False,652,0.3788,0.2732,False,652,0.6166,0.519,False
KIA,RIO,1,599,0.8447,0.8323,False,599,0.9098,0.9041,False,599,0.9482,0.9428,False
KIA,RIO,2,1154,0.7002,0.6436,False,1154,0.7808,0.7527,False,1154,0.8847,0.8383,False
KIA,RIO,3,2622,0.484,0.4038,False,2622,0.6358,0.5787,False,2622,0.775,0.7061,False
KIA,RIO,4,248,0.379,0.3781,False,248,0.5484,0.5194,False,248,0.6613,0.6224,False
KIA,SPORTAGE,1,1259,0.8094,0.8249,False,1259,0.8737,0.8839,False,1259,0.9357,0.9418,False
KIA,SPORTAGE,2,3281,0.5968,0.6001,False,3281,0.7089,0.7128,False,3281,0.819,0.8203,False
KIA,SPORTAGE,3,7796,0.3829,0.3903,False,7796,0.5414,0.5464,False,7796,0.6832,0.6868,False
KIA,SPORTAGE,4,1242,0.306,0.3128,False,1242,0.4871,0.4909,False,1242,0.6457,0.6442,False
KIA,Stonic,1,630,0.8349,0.7859,False,630,0.881,0.847,False,630,0.9508,0.9401,False
KIA,Stonic,2,93,0.6774,,True,93,0.7634,,True,93,0.914,,True
KIA,VENGA,1,6,0.6667,,True,6,0.6667,,True,6,1.0,,True
KIA,VENGA,2,273,0.6593,0.5921,False,273,0.7619,0.7461,False,273,0.8168,0.7409,False
KIA,VENGA,3,1099,0.4823,0.3892,False,1099,0.6087,0.5348,False,1099,0.6961,0.6049,False
KIA,VENGA,4,668,0.3817,0.3228,False,668,0.509,0.4401,False,668,0.6003,0.5035,False
KIA,XCeed,1,264,0.8788,,True,264,0.9167,,True,264,0.9735,,True
MAZDA,2,1,625,0.8768,,True,625,0.9264,,True,625,0.9712,,True
MAZDA,2,2,1120,0.7205,0.6754,False,1120,0.8777,0.8676,False,1120,0.942,0.9269,False
MAZDA,2,3,1899,0.5366,0.4417,False,1899,0.7425,0.6797,False,1899,0.772,0.6552,False
MAZDA,2,4,2075,0.3422,0.2739,False,2075,0.5301,0.4546,False,2075,0.6386,0.5401,False
MAZDA,3,1,1523,0.7682,0.747,False,1523,0.8437,0.8333,False,1523,0.9567,0.95,False
MAZDA,3,2,2010,0.6333,0.6234,False,2010,0.7736,0.7683,False,2010,0.9214,0.9114,False
MAZDA,3,3,2880,0.5535,0.5232,False,2880,0.7354,0.7144,False,2880,0.8299,0.8032,False
MAZDA,3,4,3328,0.3416,0.3098,False,3328,0.5892,0.5576,False,3328,0.5907,0.545,False
MAZDA,CX-3,1,2711,0.8181,0.8055,False,2711,0.862,0.8535,False,2711,0.955,0.9477,False
MAZDA,CX-3,2,5128,0.7553,0.7181,False,5128,0.8775,0.8658,False,5128,0.9212,0.895,False
MAZDA,CX-3,3,1002,0.6597,0.6149,False,1002,0.8463,0.8279,False,1002,0.8892,0.8576,False
MAZDA,CX-5,1,6042,0.7903,0.7938,False,6042,0.8388,0.8402,False,6042,0.9522,0.9537,False
MAZDA,CX-5,2,8955,0.6633,0.6766,False,8955,0.8097,0.8181,False,8955,0.8892,0.8947,False
MAZDA,CX-5,3,14518,0.544,0.56,False,14518,0.7075,0.7196,False,14518,0.8071,0.8181,False
MAZDA,CX-5,4,302,0.4371,0.4335,False,302,0.6225,0.622,False,302,0.7152,0.703,False
MAZDA,MAZDA2,1,625,0.8768,,True,625,0.9264,,True,625,0.9712,,True
MAZDA,MAZDA2,2,1120,0.7205,0.6754,False,1120,0.8777,0.8676,False,1120,0.942,0.9269,False
MAZDA,MAZDA2,3,1899,0.5366,0.4417,False,1899,0.7425,0.6797,False,1899,0.772,0.6552,False
MAZDA,MAZDA2,4,2075,0.3422,0.2739,False,2075,0.5301,0.4546,False,2075,0.6386,0.5401,False
MAZDA,MAZDA3,1,1523,0.7682,0.747,False,1523,0.8437,0.8333,False,1523,0.9567,0.95,False
MAZDA,MAZDA3,2,2010,0.6333,0.6234,False,2010,0.7736,0.7683,False,2010,0.9214,0.9114,False
MAZDA,MAZDA3,3,2880,0.5535,0.5232,False,2880,0.7354,0.7144,False,2880,0.8299,0.8032,False
MAZDA,MAZDA3,4,3328,0.3416,0.3098,False,3328,0.5892,0.5576,False,3328,0.5907,0.545,False
MAZDA,MAZDA6,1,1078,0.7699,0.7831,False,1078,0.8275,0.8339,False,1078,0.9499,0.9554,False
MAZDA,MAZDA6,2,2276,0.6454,0.6722,False,2276,0.7922,0.8041,False,2276,0.8924,0.9047,False
MAZDA,MAZDA6,3,3352,0.5015,0.5278,False,3352,0.6796,0.6942,False,3352,0.7658,0.7808,False
MAZDA,MAZDA6,4,4254,0.2957,0.3115,False,4254,0.476,0.4876,False,4254,0.5115,0.5306,False
MAZDA,Mazda CX-30,1,2458,0.8251,0.8213,False,2458,0.8474,0.8508,False,2458,0.974,0.9671,False
MERCEDES-BENZ,A-Klasse,1,2726,0.865,0.8518,False,2726,0.9233,0.9153,False,2726,0.9615,0.9571,False
MERCEDES-BENZ,A-Klasse,2,2268,0.7152,0.6911,False,2268,0.8131,0.8016,False,2268,0.9167,0.9114,False
MERCEDES-BENZ,A-Klasse,3,6182,0.6131,0.583,False,6182,0.757,0.7437,False,6182,0.868,0.8548,False
MERCEDES-BENZ,A-Klasse,4,2238,0.3275,0.2707,False,2238,0.4879,0.4238,False,2238,0.6899,0.6302,False
MERCEDES-BENZ,B-Klasse,1,856,0.8189,0.7849,False,856,0.9147,0.8985,False,856,0.9007,0.8836,False
MERCEDES-BENZ,B-Klasse,2,1185,0.5949,0.5715,False,1185,0.8169,0.8124,False,1185,0.7477,0.7303,False
MERCEDES-BENZ,B-Klasse,3,4025,0.52,0.4844,False,4025,0.7235,0.6986,False,4025,0.7344,0.7087,False
MERCEDES-BENZ,B-Klasse,4,4180,0.3012,0.2731,False,4180,0.4531,0.4222,False,4180,0.6443,0.6127,False
MERCEDES-BENZ,C,1,3637,0.8117,0.8214,False,3637,0.9346,0.9373,False,3637,0.9475,0.9502,False
MERCEDES-BENZ,C,2,5861,0.6466,0.6562,False,5861,0.8432,0.8472,False,5861,0.9246,0.9264,False
MERCEDES-BENZ,C,3,6797,0.5095,0.5207,False,6797,0.6881,0.6968,False,6797,0.8358,0.8428,False
MERCEDES-BENZ,C,4,7755,0.3252,0.3384,False,7755,0.5186,0.5303,False,7755,0.6721,0.6829,False
MERCEDES-BENZ,C-Klasse,1,3637,0.8117,0.8214,False,3637,0.9346,0.9373,False,3637,0.9475,0.9502,False
MERCEDES-BENZ,C-Klasse,2,5861,0.6466,0.6562,False,5861,0.8432,0.8472,False,5861,0.9246,0.9264,False
MERCEDES-BENZ,C-Klasse,3,6797,0.5095,0.5207,False,6797,0.6881,0.6968,False,6797,0.8358,0.8428,False
MERCEDES-BENZ,C-Klasse,4,7755,0.3252,0.3384,False,7755,0.5186,0.5303,False,7755,0.6721,0.6829,False
MERCEDES-BENZ,CLA,1,1365,0.8161,0.8099,False,1365,0.8864,0.8823,False,1365,0.9421,0.9391,False
MERCEDES-BENZ,CLA,2,2377,0.682,0.6756,False,2377,0.8153,0.8162,False,2377,0.8839,0.8767,False
MERCEDES-BENZ,CLA,3,2171,0.5877,0.5756,False,2171,0.754,0.746,False,2171,0.8356,0.829,False
MERCEDES-BENZ,E,1,4198,0.7749,0.8365,False,4198,0.9047,0.9433,False,4198,0.9595,0.9734,False
MERCEDES-BENZ,E,2,3761,0.6139,0.6881,False,3761,0.7783,0.8433,False,3761,0.8992,0.9404,False
MERCEDES-BENZ,E,3,8181,0.4738,0.5341,False,8181,0.6096,0.6643,False,8181,0.8186,0.8607,False
MERCEDES-BENZ,E,4,11198,0.3996,0.4366,False,11198,0.5545,0.5907,False,11198,0.731,0.7636,False
MERCEDES-BENZ,E-Klasse,1,4198,0.7749,0.8365,False,4198,0.9047,0.9433,False,4198,0.9595,0.9734,False
MERCEDES-BENZ,E-Klasse,2,3761,0.6139,0.6881,False,3761,0.7783,0.8433,False,3761,0.8992,0.9404,False
MERCEDES-BENZ,E-Klasse,3,8181,0.4738,0.5341,False,8181,0.6096,0.6643,False,8181,0.8186,0.8607,False
MERCEDES-BENZ,E-Klasse,4,11198,0.3996,0.4366,False,11198,0.5545,0.5907,False,11198,0.731,0.7636,False
MERCEDES-BENZ,GLA,1,938,0.8465,0.8205,False,938,0.9211,0.9028,False,938,0.9467,0.9372,False
MERCEDES-BENZ,GLA,2,1805,0.744,0.721,False,1805,0.8366,0.8287,False,1805,0.9391,0.9309,False
MERCEDES-BENZ,GLA,3,1359,0.7049,0.6719,False,1359,0.8256,0.8218,False,1359,0.9065,0.8921,False
MERCEDES-BENZ,GLC,1,6276,0.8262,0.8402,False,6276,0.9468,0.9496,False,6276,0.9606,0.964,False
MERCEDES-BENZ,GLC,2,5064,0.6917,0.7012,False,5064,0.8821,0.8859,False,5064,0.9512,0.9529,False
MERCEDES-BENZ,GLC,3,311,0.6367,0.6306,False,311,0.8585,0.8604,False,311,0.9518,0.9454,False
MERCEDES-BENZ,GLE,1,2193,0.8618,0.8608,False,2193,0.964,0.9625,False,2193,0.9343,0.936,False
MERCEDES-BENZ,GLE,2,719,0.6982,0.7203,False,719,0.8442,0.8516,False,719,0.8679,0.8794,False
MERCEDES-BENZ,GLE,3,72,0.625,,True,72,0.8056,,True,72,0.8056,,True
MINI,COOPER,1,538,0.8717,0.8547,False,538,0.9387,0.9271,False,538,0.9331,0.9192,False
MINI,COOPER,2,1205,0.6871,0.6518,False,1205,0.8423,0.8144,False,1205,0.8672,0.8412,False
MINI,COOPER,3,3308,0.5193,0.4899,False,3308,0.7249,0.7043,False,3308,0.7464,0.7191,False
MINI,COOPER,4,2672,0.3091,0.2868,False,2672,0.4858,0.458,False,2672,0.5853,0.5567,False
MITSUBISHI,ASX,1,452,0.8407,0.8374,False,452,0.8916,0.8901,False,452,0.9491,0.9481,False
MITSUBISHI,ASX,2,1912,0.762,0.7512,False,1912,0.8311,0.8235,False,1912,0.9252,0.9204,False
MITSUBISHI,ASX,3,9126,0.5672,0.575,False,9126,0.6666,0.6725,False,9126,0.8004,0.8042,False
MITSUBISHI,ASX,4,5149,0.4292,0.4245,False,5149,0.5331,0.5278,False,5149,0.7194,0.7132,False
MITSUBISHI,COLT,3,1264,0.5134,0.3992,False,1264,0.6725,0.5954,False,1264,0.6669,0.5558,False
MITSUBISHI,COLT,4,3136,0.3801,0.2626,False,3136,0.5293,0.4182,False,3136,0.582,0.4749,False
MITSUBISHI,OUTLANDER,1,27166,0.775,0.7797,False,27166,0.8454,0.8493,False,27166,0.9178,0.9191,False
MITSUBISHI,OUTLANDER,2,22180,0.6186,0.6458,False,22180,0.7302,0.7483,False,22180,0.8397,0.8536,False
MITSUBISHI,OUTLANDER,3,16791,0.4405,0.4881,False,16791,0.5876,0.6258,False,16791,0.687,0.7243,False
MITSUBISHI,OUTLANDER,4,10148,0.2621,0.3063,False,10148,0.3887,0.4244,False,10148,0.5033,0.5534,False
MITSUBISHI,SPACE STAR,1,320,0.8594,,True,320,0.8875,,True,320,0.95,,True
MITSUBISHI,SPACE STAR,2,910,0.7714,0.6882,False,910,0.8429,0.7976,False,910,0.9022,0.8235,False
MITSUBISHI,SPACE STAR,3,2090,0.6837,0.5771,False,2090,0.799,0.7336,False,2090,0.8431,0.7579,False
NISSAN,JUKE,1,107,0.8224,,True,107,0.8692,,True,107,0.9439,,True
NISSAN,JUKE,2,531,0.6215,0.5601,False,531,0.7232,0.6887,False,531,0.9096,0.8861,False
NISSAN,JUKE,3,1806,0.3765,0.3285,False,1806,0.5399,0.4834,False,1806,0.7148,0.6704,False
NISSAN,JUKE,4,753,0.3413,0.3011,False,753,0.4529,0.4132,False,753,0.6746,0.6284,False
NISSAN,MICRA,1,296,0.8446,,True,296,0.9426,,True,296,0.9527,,True
NISSAN,MICRA,2,274,0.6715,0.5727,False,274,0.8832,0.8449,False,274,0.8686,0.8084,False
NISSAN,MICRA,3,871,0.5178,0.4301,False,871,0.6602,0.5641,False,871,0.7589,0.6415,False
NISSAN,MICRA,4,662,0.3278,0.2274,False,662,0.5785,0.4606,False,662,0.5347,0.4216,False
NISSAN,NOTE,1,25,0.84,,True,25,0.88,,True,25,0.92,,True
NISSAN,NOTE,2,358,0.7737,0.7002,False,358,0.8687,0.821,False,358,0.9134,0.8746,False
NISSAN,NOTE,3,946,0.5761,0.4751,False,946,0.7674,0.6947,False,946,0.759,0.6817,False
NISSAN,NOTE,4,1197,0.325,0.2759,False,1197,0.6491,0.5989,False,1197,0.5455,0.4952,False
NISSAN,QASHQAI,1,4798,0.8093,0.8029,False,4798,0.8622,0.859,False,4798,0.946,0.9429,False
NISSAN,QASHQAI,2,7503,0.6768,0.6581,False,7503,0.787,0.7793,False,7503,0.906,0.8937,False
NISSAN,QASHQAI,3,10874,0.4414,0.4234,False,10874,0.6123,0.5953,False,10874,0.7341,0.7181,False
NISSAN,QASHQAI,4,9029,0.2554,0.2539,False,9029,0.4043,0.4007,False,9029,0.519,0.5146,False
NISSAN,Qashqai J11A,1,4798,0.8093,0.8029,False,4798,0.8622,0.859,False,4798,0.946,0.9429,False
NISSAN,Qashqai J11A,2,7503,0.6768,0.6581,False,7503,0.787,0.7793,False,7503,0.906,0.8937,False
NISSAN,Qashqai J11A,3,10874,0.4414,0.4234,False,10874,0.6123,0.5953,False,10874,0.7341,0.7181,False
NISSAN,Qashqai J11A,4,9029,0.2554,0.2539,False,9029,0.4043,0.4007,False,9029,0.519,0.5146,False
NISSAN,X-TRAIL,1,677,0.7903,0.7925,False,677,0.8538,0.8486,False,677,0.9247,0.9309,False
NISSAN,X-TRAIL,2,2651,0.5549,0.5917,False,2651,0.7654,0.7842,False,2651,0.8382,0.8608,False
NISSAN,X-TRAIL,3,2381,0.4204,0.4592,False,2381,0.6262,0.6631,False,2381,0.7157,0.7504,False
NISSAN,X-TRAIL,4,3637,0.2741,0.3326,False,3637,0.4061,0.4695,False,3637,0.5615,0.6164,False
OPEL,ASTRA,1,1077,0.8357,0.8384,False,1077,0.8644,0.8667,False,1077,0.9675,0.9683,False
OPEL,ASTRA,2,1977,0.7299,0.7277,False,1977,0.8118,0.8132,False,1977,0.917,0.9146,False
OPEL,ASTRA,3,3710,0.5253,0.5184,False,3710,0.6531,0.6453,False,3710,0.8024,0.7968,False
OPEL,ASTRA,4,5454,0.3526,0.3231,False,5454,0.493,0.4668,False,5454,0.6711,0.6412,False
OPEL,ASTRA SPORTS TOURER,1,128,0.8359,,True,128,0.8594,,True,128,0.9844,,True
OPEL,ASTRA SPORTS TOURER,2,374,0.7326,0.7367,False,374,0.8396,0.8412,False,374,0.9251,0.9265,False
OPEL,ASTRA SPORTS TOURER,3,2062,0.5126,0.5258,False,2062,0.6406,0.6536,False,2062,0.7866,0.7961,False
OPEL,ASTRA SPORTS TOURER,4,979,0.3861,0.3779,False,979,0.5312,0.5297,False,979,0.712,0.7072,False
OPEL,CORSA,1,389,0.8021,,True,389,0.9075,,True,389,0.9512,,True
OPEL,CORSA,2,1681,0.608,0.501,False,1681,0.7888,0.709,False,1681,0.9191,0.8666,False
OPEL,CORSA,3,2051,0.4544,0.3596,False,2051,0.647,0.5371,False,2051,0.7801,0.6823,False
OPEL,CORSA,4,3017,0.3215,0.2336,False,3017,0.5154,0.4048,False,3017,0.597,0.4956,False
OPEL,Crossland X,1,1377,0.7531,0.6882,False,1377,0.793,0.7363,False,1377,0.963,0.9544,False
OPEL,Crossland X,2,177,0.5989,0.5172,False,177,0.6328,0.5536,False,177,0.8983,0.8372,False
OPEL,Grandland X,1,2268,0.8369,0.8179,False,2268,0.8911,0.8799,False,2268,0.9696,0.9645,False
OPEL,Grandland X,2,125,0.76,,True,125,0.864,,True,125,0.936,,True
OPEL,INSIGNIA,1,1365,0.8681,0.8721,False,1365,0.9136,0.9166,False,1365,0.9634,0.9644,False
OPEL,INSIGNIA,2,1507,0.7147,0.7245,False,1507,0.8394,0.8417,False,1507,0.8965,0.9033,False
OPEL,INSIGNIA,3,3483,0.5274,0.5561,False,3483,0.7508,0.7663,False,3483,0.7462,0.7708,False
OPEL,INSIGNIA,4,4475,0.3942,0.4159,False,4475,0.5996,0.6138,False,4475,0.6498,0.6683,False
OPEL,MERIVA,2,68,0.5735,,True,68,0.7353,,True,68,0.8971,,True
OPEL,MERIVA,3,854,0.4508,0.396,False,854,0.63,0.5898,False,854,0.7963,0.7407,False
OPEL,MERIVA,4,1312,0.3422,0.2943,False,1312,0.4596,0.4054,False,1312,0.641,0.59,False
OPEL,Mokka,1,1060,0.8406,0.8247,False,1060,0.9057,0.8965,False,1060,0.9651,0.9614,False
OPEL,Mokka,2,3055,0.691,0.6402,False,3055,0.8101,0.7729,False,3055,0.9067,0.8811,False
OPEL,Mokka,3,4582,0.534,0.4721,False,4582,0.7239,0.6805,False,4582,0.8154,0.7765,False
OPEL,Mokka,4,35,0.5143,,True,35,0.6571,,True,35,0.8571,,True
OPEL,ZAFIRA,1,47,0.766,,True,47,0.8085,,True,47,0.9574,,True
OPEL,ZAFIRA,2,235,0.6128,0.6236,False,235,0.7149,0.7231,False,235,0.9149,0.9191,False
OPEL,ZAFIRA,3,1038,0.4441,0.4792,False,1038,0.6281,0.652,False,1038,0.7168,0.7532,False
OPEL,ZAFIRA,4,1175,0.2528,0.2693,False,1175,0.4094,0.4359,False,1175,0.5226,0.5386,False
PEUGEOT,107,2,7,0.4286,,True,7,0.7143,,True,7,0.7143,,True
PEUGEOT,107,3,862,0.4153,0.3235,False,862,0.5023,0.4108,False,862,0.703,0.6201,False
PEUGEOT,107,4,1880,0.3096,0.1728,False,1880,0.3968,0.2277,False,1880,0.6271,0.5035,False
PEUGEOT,108,1,129,0.6357,,True,129,0.7364,,True,129,0.907,,True
PEUGEOT,108,2,601,0.6023,0.4454,False,601,0.6972,0.5636,False,601,0.8719,0.7846,False
PEUGEOT,108,3,301,0.4784,0.3555,False,301,0.5748,0.4538,False,301,0.8339,0.8056,False
PEUGEOT,2008,1,2747,0.7284,0.6891,False,2747,0.7969,0.7735,False,2747,0.9239,0.902,False
PEUGEOT,2008,2,3179,0.559,0.5219,False,3179,0.6826,0.6603,False,3179,0.8594,0.8337,False
PEUGEOT,2008,3,2682,0.4172,0.3722,False,2682,0.5805,0.5527,False,2682,0.7782,0.7387,False
PEUGEOT,206 +,4,143,0.2797,0.1801,False,143,0.4755,0.3837,False,143,0.5874,0.4413,False
PEUGEOT,207,3,610,0.3705,0.3165,False,610,0.5459,0.4874,False,610,0.5787,0.5354,False
PEUGEOT,207,4,5486,0.2845,0.2523,False,5486,0.4229,0.3823,False,5486,0.5341,0.4787,False
PEUGEOT,208,1,1123,0.7605,0.6782,False,1123,0.8335,0.7968,False,1123,0.9243,0.8863,False
PEUGEOT,208,2,2180,0.5881,0.5027,False,2180,0.7216,0.6568,False,2180,0.8431,0.7959,False
PEUGEOT,208,3,5152,0.4858,0.3892,False,5152,0.6069,0.5279,False,5152,0.7871,0.7079,False
PEUGEOT,208,4,267,0.4494,0.3629,False,267,0.5955,0.5118,False,267,0.7416,0.6797,False
PEUGEOT,3008,1,7489,0.7499,0.7462,False,7489,0.8581,0.856,False,7489,0.9128,0.9109,False
PEUGEOT,3008,2,3468,0.5926,0.584,False,3468,0.7687,0.7652,False,3468,0.8665,0.8588,False
PEUGEOT,3008,3,3530,0.4065,0.4048,False,3530,0.6924,0.6866,False,3530,0.632,0.6296,False
PEUGEOT,3008,4,4758,0.2816,0.2777,False,4758,0.5282,0.5179,False,4758,0.4773,0.4674,False
PEUGEOT,308,1,1141,0.6398,0.646,False,1141,0.7713,0.7747,False,1141,0.8536,0.8572,False
PEUGEOT,308,2,4530,0.5245,0.5232,False,4530,0.7042,0.7008,False,4530,0.8015,0.8,False
PEUGEOT,308,3,4837,0.4691,0.4418,False,4837,0.6372,0.6095,False,4837,0.768,0.7495,False
PEUGEOT,308,4,4655,0.304,0.2762,False,4655,0.4498,0.4151,False,4655,0.6178,0.5812,False
PEUGEOT,5008,1,4893,0.6703,0.6804,False,4893,0.7932,0.7967,False,4893,0.8931,0.8961,False
PEUGEOT,5008,2,1312,0.5076,0.5223,False,1312,0.7127,0.7191,False,1312,0.7637,0.7704,False
PEUGEOT,5008,3,1911,0.325,0.3694,False,1911,0.573,0.6125,False,1911,0.5406,0.5777,False
PEUGEOT,5008,4,1845,0.2455,0.2682,False,1845,0.4439,0.4649,False,1845,0.452,0.4794,False
PEUGEOT,508,1,1065,0.7202,0.7223,False,1065,0.8488,0.8498,False,1065,0.9249,0.9248,False
PEUGEOT,508,2,919,0.5386,0.576,False,919,0.7476,0.78,False,919,0.7813,0.8002,False
PEUGEOT,508,3,4721,0.4105,0.4423,False,4721,0.6645,0.6954,False,4721,0.6236,0.6632,False
PEUGEOT,508,4,1566,0.3883,0.4054,False,1566,0.606,0.6207,False,1566,0.5862,0.6059,False
RENAULT,CLIO,1,563,0.6146,,True,563,0.8011,,True,563,0.9094,,True
RENAULT,CLIO,2,641,0.4072,0.3799,False,641,0.6755,0.6417,False,641,0.8034,0.7548,False
RENAULT,CLIO,3,1622,0.3514,0.2944,False,1622,0.5228,0.4459,False,1622,0.6788,0.601,False
RENAULT,CLIO,4,517,0.2244,0.2376,False,517,0.4139,0.3855,False,517,0.4487,0.4315,False
RENAULT,Captur,1,1550,0.7929,0.7318,False,1550,0.8645,0.8262,False,1550,0.96,0.9432,False
RENAULT,Captur,2,1187,0.6142,0.5379,False,1187,0.8029,0.7455,False,1187,0.8821,0.8514,False
RENAULT,Captur,3,929,0.5081,0.4292,False,929,0.7384,0.6559,False,929,0.8385,0.8055,False
RENAULT,Kadjar,1,356,0.7444,0.7522,False,356,0.8118,0.8186,False,356,0.9326,0.934,False
RENAULT,Kadjar,2,688,0.6265,0.6241,False,688,0.7631,0.7589,False,688,0.8823,0.8803,False
RENAULT,Kadjar,3,102,0.5588,,True,102,0.8039,,True,102,0.8627,,True
RENAULT,MEGANE,1,294,0.6667,0.6563,False,294,0.8367,0.8227,False,294,0.8435,0.8351,False
RENAULT,MEGANE,2,326,0.5583,0.5413,False,326,0.7055,0.6908,False,326,0.7761,0.761,False
RENAULT,MEGANE,3,1261,0.2593,0.2603,False,1261,0.4338,0.4337,False,1261,0.5369,0.5347,False
RENAULT,MEGANE,4,1622,0.1961,0.1824,False,1622,0.3662,0.3494,False,1622,0.4624,0.4356,False
RENAULT,MEGANE SPORT TOURER,1,294,0.6667,0.6563,False,294,0.8367,0.8227,False,294,0.8435,0.8351,False
RENAULT,MEGANE SPORT TOURER,2,326,0.5583,0.5413,False,326,0.7055,0.6908,False,326,0.7761,0.761,False
RENAULT,MEGANE SPORT TOURER,3,1261,0.2593,0.2603,False,1261,0.4338,0.4337,False,1261,0.5369,0.5347,False
RENAULT,MEGANE SPORT TOURER,4,1622,0.1961,0.1824,False,1622,0.3662,0.3494,False,1622,0.4624,0.4356,False
RENAULT,Ny Clio,1,563,0.6146,,True,563,0.8011,,True,563,0.9094,,True
RENAULT,Ny Clio,2,641,0.4072,0.3799,False,641,0.6755,0.6417,False,641,0.8034,0.7548,False
RENAULT,Ny Clio,3,1622,0.3514,0.2944,False,1622,0.5228,0.4459,False,1622,0.6788,0.601,False
RENAULT,Ny Clio,4,517,0.2244,0.2376,False,517,0.4139,0.3855,False,517,0.4487,0.4315,False
SEAT,IBIZA,1,162,0.6543,,True,162,0.716,,True,162,0.9012,,True
SEAT,IBIZA,2,1,0.0,,True,1,0.0,,True,1,1.0,,True
SEAT,IBIZA,4,7,0.0,,True,7,0.2857,,True,7,0.4286,,True
SEAT,Ibiza GP2,1,162,0.6543,,True,162,0.716,,True,162,0.9012,,True
SEAT,Ibiza GP2,2,1,0.0,,True,1,0.0,,True,1,1.0,,True
SEAT,Ibiza GP2,4,7,0.0,,True,7,0.2857,,True,7,0.4286,,True
SEAT,LEON,1,71,0.7465,,True,71,0.8873,,True,71,0.8732,,True
SEAT,LEON,2,5,0.0,,True,5,0.4,,True,5,0.6,,True
SEAT,LEON,3,2,0.0,,True,2,0.0,,True,2,1.0,,True
SEAT,LEON,4,7,0.0,,True,7,0.1429,,True,7,0.4286,,True
SKODA,CITIGO,1,202,0.7871,,True,202,0.8267,,True,202,0.9752,,True
SKODA,CITIGO,2,474,0.6392,0.5609,False,474,0.7046,0.6209,False,474,0.8987,0.8667,False
SKODA,CITIGO,3,1480,0.552,0.45,False,1480,0.6534,0.5617,False,1480,0.8486,0.762,False
SKODA,CITIGO,4,64,0.4375,,True,64,0.625,,True,64,0.8281,,True
SKODA,FABIA,1,2246,0.7542,0.7406,False,2246,0.8366,0.83,False,2246,0.9372,0.929,False
SKODA,FABIA,2,3224,0.6272,0.5917,False,3224,0.7426,0.7214,False,3224,0.9057,0.8855,False
SKODA,FABIA,3,3929,0.4996,0.4474,False,3929,0.6259,0.5893,False,3929,0.7742,0.7228,False
SKODA,FABIA,4,4252,0.3349,0.2906,False,4252,0.46,0.4127,False,4252,0.5964,0.5394,False
SKODA,FABIA COMBI,1,2246,0.7542,0.7406,False,2246,0.8366,0.83,False,2246,0.9372,0.929,False
SKODA,FABIA COMBI,2,3224,0.6272,0.5917,False,3224,0.7426,0.7214,False,3224,0.9057,0.8855,False
SKODA,FABIA COMBI,3,3929,0.4996,0.4474,False,3929,0.6259,0.5893,False,3929,0.7742,0.7228,False
SKODA,FABIA COMBI,4,4252,0.3349,0.2906,False,4252,0.46,0.4127,False,4252,0.5964,0.5394,False
SKODA,KAMIQ,1,327,0.7156,,True,327,0.7523,,True,327,0.9602,,True
SKODA,KAROQ,1,2413,0.8201,0.8226,False,2413,0.8678,0.8692,False,2413,0.9681,0.9685,False
SKODA,KAROQ,2,173,0.7572,,True,173,0.8324,,True,173,0.9595,,True
SKODA,KODIAQ,1,7893,0.8263,0.8383,False,7893,0.8864,0.8867,False,7893,0.9705,0.976,False
SKODA,KODIAQ,2,2105,0.7962,0.8122,False,2105,0.8646,0.8682,False,2105,0.9525,0.9567,False
SKODA,OCTAVIA,1,14749,0.7874,0.8053,False,14749,0.8747,0.8813,False,14749,0.9564,0.9609,False
SKODA,OCTAVIA,2,13702,0.6792,0.6923,False,13702,0.7975,0.7991,False,13702,0.9064,0.918,False
SKODA,OCTAVIA,3,19319,0.4995,0.5284,False,19319,0.6942,0.7085,False,19319,0.7444,0.7708,False
SKODA,OCTAVIA,4,12917,0.3009,0.3275,False,12917,0.5444,0.5675,False,12917,0.4976,0.5321,False
SKODA,OCTAVIA COMBI,1,14749,0.7874,0.8053,False,14749,0.8747,0.8813,False,14749,0.9564,0.9609,False
SKODA,OCTAVIA COMBI,2,13702,0.6792,0.6923,False,13702,0.7975,0.7991,False,13702,0.9064,0.918,False
SKODA,OCTAVIA COMBI,3,19319,0.4995,0.5284,False,19319,0.6942,0.7085,False,19319,0.7444,0.7708,False
SKODA,OCTAVIA COMBI,4,12917,0.3009,0.3275,False,12917,0.5444,0.5675,False,12917,0.4976,0.5321,False
SKODA,RAPID,1,482,0.7075,0.7083,False,482,0.8091,0.8094,False,482,0.9398,0.9413,False
SKODA,RAPID,2,1389,0.6156,0.597,False,1389,0.7523,0.742,False,1389,0.9042,0.8984,False
SKODA,RAPID,3,1667,0.4967,0.4589,False,1667,0.6413,0.6126,False,1667,0.8194,0.7866,False
SKODA,RAPID SPACEBACK,1,482,0.7075,0.7083,False,482,0.8091,0.8094,False,482,0.9398,0.9413,False
SKODA,RAPID SPACEBACK,2,1389,0.6156,0.597,False,1389,0.7523,0.742,False,1389,0.9042,0.8984,False
SKODA,RAPID SPACEBACK,3,1667,0.4967,0.4589,False,1667,0.6413,0.6126,False,1667,0.8194,0.7866,False
SKODA,SCALA,1,339,0.764,,True,339,0.7847,,True,339,0.9646,,True
SKODA,SUPERB,1,6713,0.6781,0.7083,False,6713,0.8345,0.8267,False,6713,0.9409,0.9512,False
SKODA,SUPERB,2,5609,0.5999,0.6255,False,5609,0.8057,0.7998,False,5609,0.8993,0.9242,False
SKODA,SUPERB,3,6121,0.3939,0.4402,False,6121,0.6852,0.704,False,6121,0.6535,0.7017,False
SKODA,SUPERB,4,3621,0.3082,0.3373,False,3621,0.5777,0.6,False,3621,0.5504,0.5883,False
SKODA,SUPERB COMBI,1,6713,0.6781,0.7083,False,6713,0.8345,0.8267,False,6713,0.9409,0.9512,False
SKODA,SUPERB COMBI,2,5609,0.5999,0.6255,False,5609,0.8057,0.7998,False,5609,0.8993,0.9242,False
SKODA,SUPERB COMBI,3,6121,0.3939,0.4402,False,6121,0.6852,0.704,False,6121,0.6535,0.7017,False
SKODA,SUPERB COMBI,4,3621,0.3082,0.3373,False,3621,0.5777,0.6,False,3621,0.5504,0.5883,False
SUZUKI,ALTO,2,5,0.0,,True,5,0.2,,True,5,0.4,,True
SUZUKI,ALTO,3,285,0.3649,0.3116,False,285,0.4632,0.4333,False,285,0.6737,0.6006,False
SUZUKI,ALTO,4,392,0.3622,0.3082,False,392,0.4643,0.3964,False,392,0.6454,0.5713,False
SUZUKI,IGNIS,1,1716,0.8467,0.8044,False,1716,0.9341,0.9148,False,1716,0.9569,0.9459,False
SUZUKI,IGNIS,2,813,0.6581,0.5707,False,813,0.8536,0.7786,False,813,0.9237,0.8851,False
SUZUKI,IGNIS,4,390,0.3436,0.2586,False,390,0.5436,0.4282,False,390,0.6,0.4915,False
SUZUKI,SWIFT,1,4184,0.8138,0.778,False,4184,0.8676,0.844,False,4184,0.9465,0.9348,False
SUZUKI,SWIFT,2,2129,0.6477,0.6107,False,2129,0.7464,0.7228,False,2129,0.8671,0.8289,False
SUZUKI,SWIFT,3,4814,0.474,0.4143,False,4814,0.5478,0.4951,False,4814,0.7111,0.6506,False
SUZUKI,SWIFT,4,4271,0.3393,0.2837,False,4271,0.4701,0.4206,False,4271,0.6209,0.5502,False
SUZUKI,SX4,1,2054,0.8963,0.8768,False,2054,0.9333,0.9175,False,2054,0.9615,0.9527,False
SUZUKI,SX4,2,2476,0.7431,0.7009,False,2476,0.8401,0.8193,False,2476,0.8994,0.8794,False
SUZUKI,SX4,3,6632,0.592,0.5247,False,6632,0.7235,0.6814,False,6632,0.8108,0.7565,False
SUZUKI,SX4,4,4809,0.3897,0.3195,False,4809,0.5369,0.4732,False,4809,0.6565,0.5794,False
SUZUKI,SX4 COMBIBACK,1,2054,0.8963,0.8768,False,2054,0.9333,0.9175,False,2054,0.9615,0.9527,False
SUZUKI,SX4 COMBIBACK,2,2476,0.7431,0.7009,False,2476,0.8401,0.8193,False,2476,0.8994,0.8794,False
SUZUKI,SX4 COMBIBACK,3,6632,0.592,0.5247,False,6632,0.7235,0.6814,False,6632,0.8108,0.7565,False
SUZUKI,SX4 COMBIBACK,4,4809,0.3897,0.3195,False,4809,0.5369,0.4732,False,4809,0.6565,0.5794,False
SUZUKI,SX4 S-Cross,1,80,0.7625,,True,80,0.825,,True,80,0.925,,True
SUZUKI,SX4 S-Cross,2,2348,0.7534,0.7098,False,2348,0.8463,0.8244,False,2348,0.9046,0.8846,False
SUZUKI,SX4 S-Cross,3,4208,0.6637,0.5936,False,4208,0.775,0.731,False,4208,0.8714,0.8268,False
SUZUKI,VITARA,1,3773,0.8863,0.8699,False,3773,0.9311,0.9229,False,3773,0.9486,0.9383,False
SUZUKI,VITARA,2,3777,0.7633,0.7425,False,3777,0.8464,0.8328,False,3777,0.8991,0.8857,False
SUZUKI,VITARA,3,1056,0.6714,0.6181,False,1056,0.7765,0.7359,False,1056,0.8627,0.8217,False
TOYOTA,AURIS,1,6033,0.8158,0.8139,False,6033,0.8938,0.8932,False,6033,0.8982,0.8966,False
TOYOTA,AURIS,2,15458,0.7248,0.7014,False,15458,0.8235,0.8072,False,15458,0.8574,0.8424,False
TOYOTA,AURIS,3,23427,0.6006,0.563,False,23427,0.7,0.6716,False,23427,0.8083,0.7802,False
TOYOTA,AURIS,4,14992,0.3795,0.3404,False,14992,0.4801,0.445,False,14992,0.6197,0.5773,False
TOYOTA,AVENSIS,1,538,0.8327,0.8515,False,538,0.9089,0.9227,False,538,0.9257,0.9302,False
TOYOTA,AVENSIS,2,3935,0.7626,0.7704,False,3935,0.8643,0.869,False,3935,0.8902,0.8944,False
TOYOTA,AVENSIS,3,12867,0.5615,0.5936,False,12867,0.7344,0.7528,False,12867,0.7343,0.7616,False
TOYOTA,AVENSIS,4,20526,0.3476,0.3849,False,20526,0.5646,0.5939,False,20526,0.5163,0.553,False
TOYOTA,AVENSIS STW,1,538,0.8327,0.8515,False,538,0.9089,0.9227,False,538,0.9257,0.9302,False
TOYOTA,AVENSIS STW,2,3935,0.7626,0.7704,False,3935,0.8643,0.869,False,3935,0.8902,0.8944,False
TOYOTA,AVENSIS STW,3,12867,0.5615,0.5936,False,12867,0.7344,0.7528,False,12867,0.7343,0.7616,False
TOYOTA,AVENSIS STW,4,20526,0.3476,0.3849,False,20526,0.5646,0.5939,False,20526,0.5163,0.553,False
TOYOTA,AYGO,1,689,0.8041,,True,689,0.8578,,True,689,0.9434,,True
TOYOTA,AYGO,2,608,0.5839,0.4647,False,608,0.7007,0.5777,False,608,0.8914,0.8546,False
TOYOTA,AYGO,3,2298,0.4765,0.3489,False,2298,0.5796,0.4642,False,2298,0.7476,0.6546,False
TOYOTA,AYGO,4,3007,0.3189,0.228,False,3007,0.4147,0.3183,False,3007,0.6013,0.5035,False
TOYOTA,AYGO 3/5-DØRS,1,689,0.8041,,True,689,0.8578,,True,689,0.9434,,True
TOYOTA,AYGO 3/5-DØRS,2,608,0.5839,0.4647,False,608,0.7007,0.5777,False,608,0.8914,0.8546,False
TOYOTA,AYGO 3/5-DØRS,3,2298,0.4765,0.3489,False,2298,0.5796,0.4642,False,2298,0.7476,0.6546,False
TOYOTA,AYGO 3/5-DØRS,4,3007,0.3189,0.228,False,3007,0.4147,0.3183,False,3007,0.6013,0.5035,False
TOYOTA,AYGO 5-DØRS,1,689,0.8041,,True,689,0.8578,,True,689,0.9434,,True
TOYOTA,AYGO 5-DØRS,2,608,0.5839,0.4647,False,608,0.7007,0.5777,False,608,0.8914,0.8546,False
TOYOTA,AYGO 5-DØRS,3,2298,0.4765,0.3489,False,2298,0.5796,0.4642,False,2298,0.7476,0.6546,False
TOYOTA,AYGO 5-DØRS,4,3007,0.3189,0.228,False,3007,0.4147,0.3183,False,3007,0.6013,0.5035,False
TOYOTA,Aygo X,1,689,0.8041,,True,689,0.8578,,True,689,0.9434,,True
TOYOTA,Aygo X,2,608,0.5839,0.4647,False,608,0.7007,0.5777,False,608,0.8914,0.8546,False
TOYOTA,Aygo X,3,2298,0.4765,0.3489,False,2298,0.5796,0.4642,False,2298,0.7476,0.6546,False
TOYOTA,Aygo X,4,3007,0.3189,0.228,False,3007,0.4147,0.3183,False,3007,0.6013,0.5035,False
TOYOTA,COROLLA,1,9061,0.8273,0.8043,False,9061,0.8712,0.8576,False,9061,0.955,0.944,False
TOYOTA,COROLLA,3,284,0.3979,0.3941,False,284,0.507,0.5018,False,284,0.6479,0.635,False
TOYOTA,COROLLA,4,4053,0.3568,0.3468,False,4053,0.469,0.4599,False,4053,0.5574,0.5456,False
TOYOTA,RAV4,1,29243,0.8503,0.8498,False,29243,0.9366,0.9359,False,29243,0.9467,0.947,False
TOYOTA,RAV4,2,15118,0.6658,0.6694,False,15118,0.8305,0.833,False,15118,0.9149,0.9162,False
TOYOTA,RAV4,3,11242,0.598,0.607,False,11242,0.7371,0.7433,False,11242,0.8255,0.8313,False
TOYOTA,RAV4,4,10666,0.3961,0.4166,False,10666,0.5323,0.5499,False,10666,0.6365,0.6548,False
TOYOTA,RAV4 Plug in,1,29243,0.8503,0.8498,False,29243,0.9366,0.9359,False,29243,0.9467,0.947,False
TOYOTA,RAV4 Plug in,2,15118,0.6658,0.6694,False,15118,0.8305,0.833,False,15118,0.9149,0.9162,False
TOYOTA,RAV4 Plug in,3,11242,0.598,0.607,False,11242,0.7371,0.7433,False,11242,0.8255,0.8313,False
TOYOTA,RAV4 Plug in,4,10666,0.3961,0.4166,False,10666,0.5323,0.5499,False,10666,0.6365,0.6548,False
TOYOTA,Toyota C-HR,1,14399,0.8366,0.8181,False,14399,0.9024,0.8908,False,14399,0.9269,0.9189,False
TOYOTA,Toyota C-HR,2,4126,0.7593,0.7276,False,4126,0.8546,0.8433,False,4126,0.9125,0.8949,False
TOYOTA,VERSO,2,178,0.6517,0.5929,False,178,0.736,0.6971,False,178,0.8371,0.7877,False
TOYOTA,VERSO,3,3553,0.5623,0.5148,False,3553,0.6853,0.6432,False,3553,0.7385,0.6959,False
TOYOTA,VERSO,4,2396,0.3744,0.3547,False,2396,0.5288,0.5107,False,2396,0.5626,0.5397,False
TOYOTA,YARIS,1,16882,0.7943,0.7325,False,16882,0.8507,0.8153,False,16882,0.9417,0.9116,False
TOYOTA,YARIS,2,15223,0.6607,0.5882,False,15223,0.7522,0.7054,False,15223,0.8875,0.8406,False
TOYOTA,YARIS,3,21128,0.5077,0.4181,False,21128,0.6636,0.5777,False,21128,0.7917,0.7233,False
TOYOTA,YARIS,4,12845,0.353,0.2741,False,12845,0.4947,0.4096,False,12845,0.5983,0.5124,False
TOYOTA,YARIS 5-DØRS,1,16882,0.7943,0.7325,False,16882,0.8507,0.8153,False,16882,0.9417,0.9116,False
TOYOTA,YARIS 5-DØRS,2,15223,0.6607,0.5882,False,15223,0.7522,0.7054,False,15223,0.8875,0.8406,False
TOYOTA,YARIS 5-DØRS,3,21128,0.5077,0.4181,False,21128,0.6636,0.5777,False,21128,0.7917,0.7233,False
TOYOTA,YARIS 5-DØRS,4,12845,0.353,0.2741,False,12845,0.4947,0.4096,False,12845,0.5983,0.5124,False
TOYOTA,Yaris Cross,1,261,0.8927,,True,261,0.931,,True,261,0.9502,,True
VOLKSWAGEN,CADDY,1,865,0.6277,0.6482,False,865,0.7688,0.7796,False,865,0.8971,0.9185,False
VOLKSWAGEN,CADDY,2,818,0.5367,0.5657,False,818,0.7152,0.7443,False,818,0.802,0.8382,False
VOLKSWAGEN,CADDY,3,1122,0.3734,0.3962,False,1122,0.6087,0.6249,False,1122,0.7442,0.7697,False
VOLKSWAGEN,CADDY,4,1082,0.3133,0.3295,False,1082,0.4963,0.5138,False,1082,0.6377,0.6571,False
VOLKSWAGEN,GOLF,1,9446,0.7941,0.7982,False,9446,0.8665,0.8706,False,9446,0.9525,0.9519,False
VOLKSWAGEN,GOLF,2,24534,0.7001,0.6945,False,24534,0.8108,0.8092,False,24534,0.917,0.9133,False
VOLKSWAGEN,GOLF,3,40607,0.5734,0.5582,False,40607,0.7444,0.7357,False,40607,0.8415,0.828,False
VOLKSWAGEN,GOLF,4,32682,0.379,0.3617,False,32682,0.5602,0.5425,False,32682,0.7002,0.6807,False
VOLKSWAGEN,Golf Sportsvan,1,502,0.8805,0.8611,False,502,0.9462,0.9361,False,502,0.9721,0.9659,False
VOLKSWAGEN,Golf Sportsvan,2,2883,0.7693,0.7367,False,2883,0.8637,0.8502,False,2883,0.9431,0.9272,False
VOLKSWAGEN,Golf Sportsvan,3,1676,0.6957,0.6479,False,1676,0.8168,0.7991,False,1676,0.929,0.8926,False
VOLKSWAGEN,PASSAT,1,11253,0.7047,0.7282,False,11253,0.8144,0.8142,False,11253,0.9485,0.9539,False
VOLKSWAGEN,PASSAT,2,14320,0.6384,0.6562,False,14320,0.7989,0.7946,False,14320,0.9203,0.9305,False
VOLKSWAGEN,PASSAT,3,16654,0.4676,0.5138,False,16654,0.7103,0.733,False,16654,0.7913,0.8233,False
VOLKSWAGEN,PASSAT,4,15462,0.3268,0.3582,False,15462,0.5367,0.5699,False,15462,0.6039,0.6428,False
VOLKSWAGEN,PASSAT VARIANT,1,11253,0.7047,0.7282,False,11253,0.8144,0.8142,False,11253,0.9485,0.9539,False
VOLKSWAGEN,PASSAT VARIANT,2,14320,0.6384,0.6562,False,14320,0.7989,0.7946,False,14320,0.9203,0.9305,False
VOLKSWAGEN,PASSAT VARIANT,3,16654,0.4676,0.5138,False,16654,0.7103,0.733,False,16654,0.7913,0.8233,False
VOLKSWAGEN,PASSAT VARIANT,4,15462,0.3268,0.3582,False,15462,0.5367,0.5699,False,15462,0.6039,0.6428,False
VOLKSWAGEN,POLO,1,5836,0.8384,0.7988,False,5836,0.8855,0.8547,False,5836,0.9611,0.9504,False
VOLKSWAGEN,POLO,2,5290,0.6624,0.6085,False,5290,0.7684,0.7396,False,5290,0.9079,0.8674,False
VOLKSWAGEN,POLO,3,10576,0.4702,0.3921,False,10576,0.6225,0.5677,False,10576,0.7936,0.7204,False
VOLKSWAGEN,POLO,4,11528,0.3405,0.2835,False,11528,0.4778,0.417,False,11528,0.6388,0.5614,False
VOLKSWAGEN,T-Cross,1,1210,0.7545,0.7029,False,1210,0.8099,0.7673,False,1210,0.9256,0.9047,False
VOLKSWAGEN,T-Roc,1,7258,0.883,0.8672,False,7258,0.9281,0.9225,False,7258,0.9755,0.9722,False
VOLKSWAGEN,T-Roc,2,288,0.816,0.8251,False,288,0.8576,0.8715,False,288,0.9583,0.9643,False
VOLKSWAGEN,TIGUAN,1,8054,0.8064,0.816,False,8054,0.876,0.8769,False,8054,0.9604,0.9626,False
VOLKSWAGEN,TIGUAN,2,7466,0.7135,0.7227,False,7466,0.8381,0.8379,False,7466,0.9281,0.9312,False
VOLKSWAGEN,TIGUAN,3,13669,0.5067,0.5256,False,13669,0.769,0.7761,False,13669,0.8139,0.8267,False
VOLKSWAGEN,TIGUAN,4,11058,0.4046,0.4298,False,11058,0.6488,0.6709,False,11058,0.6889,0.7104,False
VOLKSWAGEN,TOURAN,1,1595,0.7511,0.7682,False,1595,0.8583,0.8578,False,1595,0.9467,0.9526,False
VOLKSWAGEN,TOURAN,2,2051,0.6299,0.6479,False,2051,0.8113,0.8172,False,2051,0.8854,0.8954,False
VOLKSWAGEN,TOURAN,3,5455,0.4249,0.4646,False,5455,0.6722,0.6975,False,5455,0.7388,0.7735,False
VOLKSWAGEN,TOURAN,4,10414,0.325,0.3694,False,10414,0.54,0.5784,False,10414,0.5919,0.6367,False
VOLKSWAGEN,UP!,1,680,0.7618,0.699,False,680,0.825,0.7774,False,680,0.8971,0.8523,False
VOLKSWAGEN,UP!,2,1503,0.656,0.5671,False,1503,0.7226,0.6426,False,1503,0.8869,0.8358,False
VOLKSWAGEN,UP!,3,4436,0.5349,0.4304,False,4436,0.6253,0.548,False,4436,0.8296,0.7459,False
VOLKSWAGEN,UP!,4,234,0.4701,0.3556,False,234,0.5556,0.4176,False,234,0.7436,0.6526,False
VOLVO,V40,1,3389,0.7814,0.7835,False,3389,0.9003,0.9019,False,3389,0.9602,0.9612,False
VOLVO,V40,2,6391,0.6932,0.6842,False,6391,0.836,0.8299,False,6391,0.9216,0.9121,False
VOLVO,V40,3,13394,0.5716,0.5616,False,13394,0.7623,0.7545,False,13394,0.8233,0.8123,False
VOLVO,V40,4,243,0.4609,0.4277,False,243,0.6584,0.61,False,243,0.6872,0.6646,False
VOLVO,V50,3,3281,0.3679,0.4117,False,3281,0.6599,0.6901,False,3281,0.5962,0.6409,False
VOLVO,V50,4,11296,0.3009,0.3229,False,11296,0.5481,0.5712,False,11296,0.5157,0.538,False
VOLVO,V60,1,11028,0.8484,0.8608,False,11028,0.9139,0.9216,False,11028,0.9473,0.9503,False
VOLVO,V60,2,6546,0.7476,0.7618,False,6546,0.8439,0.8494,False,6546,0.9172,0.9218,False
VOLVO,V60,3,13953,0.5833,0.622,False,13953,0.7622,0.781,False,13953,0.8364,0.8591,False
VOLVO,V60,4,3752,0.4805,0.5042,False,3752,0.6818,0.6964,False,3752,0.7364,0.7546,False
VOLVO,V70,2,2502,0.7278,0.7577,False,2502,0.8169,0.8264,False,2502,0.9137,0.9306,False
VOLVO,V70,3,11477,0.5689,0.6351,False,11477,0.7386,0.7785,False,11477,0.7732,0.824,False
VOLVO,V70,4,17685,0.4028,0.4781,False,17685,0.5683,0.6363,False,17685,0.6155,0.682,False
VOLVO,V90,1,10928,0.8098,0.839,False,10928,0.8854,0.9054,False,10928,0.9348,0.9419,False
VOLVO,V90,2,4670,0.7043,0.739,False,4670,0.8118,0.8251,False,4670,0.9188,0.9336,False
VOLVO,XC40,1,6206,0.9355,0.9279,False,6206,0.961,0.9554,False,6206,0.9803,0.9797,False
VOLVO,XC40,2,184,0.8478,,True,184,0.8967,,True,184,0.962,,True
VOLVO,XC60,1,16959,0.8836,0.8893,False,16959,0.9432,0.9462,False,16959,0.9493,0.951,False
VOLVO,XC60,2,9732,0.7243,0.7475,False,9732,0.8883,0.8982,False,9732,0.8772,0.8892,False
VOLVO,XC60,3,13968,0.6064,0.6535,False,13968,0.8407,0.8662,False,13968,0.8411,0.8715,False
VOLVO,XC60,4,9334,0.51,0.5516,False,9334,0.7572,0.7862,False,9334,0.7536,0.7947,False
VOLVO,XC90,1,8675,0.8484,0.8608,False,8675,0.9329,0.9391,False,8675,0.9412,0.9437,False
VOLVO,XC90,2,5537,0.6677,0.7068,False,5537,0.7928,0.8148,False,5537,0.9189,0.927,False
VOLVO,XC90,3,1135,0.5524,0.5975,False,1135,0.6731,0.7064,False,1135,0.8115,0.8648,False
VOLVO,XC90,4,1825,0.3337,0.414,False,1825,0.4915,0.5381,False,1825,0.5085,0.5812,False
