dmr_make,dmr_model,dk_vehicle_count,proposed_no_make,proposed_no_model_token,no_inspection_count,confidence,rule_fired,match_score,decision,decision_basis
VOLKSWAGEN,UP!,62570,VOLKSWAGEN,UP,6854,exact,prefix_identity,1.0,y,"literal string identity (prefix_identity), 6,854 Norwegian inspections"
PEUGEOT,208,52719,PEUGEOT,208,8735,exact,prefix_identity,1.0,y,"literal string identity (prefix_identity), 8,735 Norwegian inspections"
VOLKSWAGEN,POLO,44100,VOLKSWAGEN,POLO,40877,exact,prefix_identity,1.0,y,"literal string identity (prefix_identity), 40,877 Norwegian inspections"
TOYOTA,AYGO,43773,TOYOTA,AYGO,7203,exact,prefix_identity,1.0,y,"literal string identity (prefix_identity), 7,203 Norwegian inspections"
TOYOTA,YARIS,39750,TOYOTA,YARIS,84724,exact,prefix_identity,1.0,y,"literal string identity (prefix_identity), 84,724 Norwegian inspections"
CITROËN,C3,38244,CITROEN,C3,7407,exact,prefix_identity,1.0,y,"literal string identity (prefix_identity), 7,407 Norwegian inspections"
KIA,PICANTO,32895,KIA,PICANTO,6700,exact,prefix_identity,1.0,y,"literal string identity (prefix_identity), 6,700 Norwegian inspections"
CITROËN,C1,31991,CITROEN,C1,2638,exact,prefix_identity,1.0,y,"literal string identity (prefix_identity), 2,638 Norwegian inspections"
FORD,FIESTA,31965,FORD,FIESTA,26232,exact,prefix_identity,1.0,y,"literal string identity (prefix_identity), 26,232 Norwegian inspections"
VOLKSWAGEN,GOLF,29976,VOLKSWAGEN,GOLF,129219,exact,prefix_identity,1.0,y,"literal string identity (prefix_identity), 129,219 Norwegian inspections"
HYUNDAI,I10,29175,HYUNDAI,I10,2608,exact,prefix_identity,1.0,y,"literal string identity (prefix_identity), 2,608 Norwegian inspections"
SKODA,CITIGO,27868,SKODA,CITIGO,2220,exact,prefix_identity,1.0,y,"literal string identity (prefix_identity), 2,220 Norwegian inspections"
OPEL,CORSA,27644,OPEL,CORSA,10031,exact,prefix_identity,1.0,y,"literal string identity (prefix_identity), 10,031 Norwegian inspections"
RENAULT,Ny Clio,26976,RENAULT,CLIO,4069,exact,prefix_identity,1.0,y,"literal string identity (prefix_identity), 4,069 Norwegian inspections"
HYUNDAI,I20,25514,HYUNDAI,I20,11429,exact,prefix_identity,1.0,y,"literal string identity (prefix_identity), 11,429 Norwegian inspections"
SKODA,FABIA,25197,SKODA,FABIA,15567,exact,prefix_identity,1.0,y,"literal string identity (prefix_identity), 15,567 Norwegian inspections"
SKODA,OCTAVIA,24510,SKODA,OCTAVIA,67202,exact,prefix_identity,1.0,y,"literal string identity (prefix_identity), 67,202 Norwegian inspections"
NISSAN,QASHQAI,23722,NISSAN,QASHQAI,33664,exact,prefix_identity,1.0,y,"literal string identity (prefix_identity), 33,664 Norwegian inspections"
SUZUKI,SWIFT,22549,SUZUKI,SWIFT,17165,exact,prefix_identity,1.0,y,"literal string identity (prefix_identity), 17,165 Norwegian inspections"
KIA,RIO,21547,KIA,RIO,4672,exact,prefix_identity,1.0,y,"literal string identity (prefix_identity), 4,672 Norwegian inspections"
PEUGEOT,308,20846,PEUGEOT,308,15427,exact,prefix_identity,1.0,y,"literal string identity (prefix_identity), 15,427 Norwegian inspections"
RENAULT,Captur,18881,RENAULT,CAPTUR,3713,exact,prefix_identity,1.0,y,"literal string identity (prefix_identity), 3,713 Norwegian inspections"
VOLKSWAGEN,TOURAN,17682,VOLKSWAGEN,TOURAN,25894,exact,prefix_identity,1.0,y,"literal string identity (prefix_identity), 25,894 Norwegian inspections"
PEUGEOT,107,17674,PEUGEOT,107,2957,exact,prefix_identity,1.0,y,"literal string identity (prefix_identity), 2,957 Norwegian inspections"
FORD,KUGA,16767,FORD,KUGA,22451,exact,prefix_identity,1.0,y,"literal string identity (prefix_identity), 22,451 Norwegian inspections"
PEUGEOT,2008,16677,PEUGEOT,2008,8657,exact,prefix_identity,1.0,y,"literal string identity (prefix_identity), 8,657 Norwegian inspections"
PEUGEOT,108,15588,PEUGEOT,108,1031,exact,prefix_identity,1.0,y,"literal string identity (prefix_identity), 1,031 Norwegian inspections"
VOLKSWAGEN,PASSAT,15030,VOLKSWAGEN,PASSAT,70734,exact,prefix_identity,1.0,y,"literal string identity (prefix_identity), 70,734 Norwegian inspections"
KIA,CEED,14992,KIA,CEED,6566,exact,prefix_identity,1.0,y,"literal string identity (prefix_identity), 6,566 Norwegian inspections"
OPEL,ASTRA,14759,OPEL,ASTRA,17798,exact,prefix_identity,1.0,y,"literal string identity (prefix_identity), 17,798 Norwegian inspections"
FORD,FOCUS,14472,FORD,FOCUS,44247,exact,prefix_identity,1.0,y,"literal string identity (prefix_identity), 44,247 Norwegian inspections"
CHEVROLET,SPARK,12832,CHEVROLET,SPARK,339,exact,prefix_identity,1.0,y,"literal string identity (prefix_identity), 339 Norwegian inspections"
FORD,KA,12679,FORD,KA,1046,exact,prefix_identity,1.0,y,"literal string identity (prefix_identity), 1,046 Norwegian inspections"
MERCEDES-BENZ,C-Klasse,12063,MERCEDES-BENZ,C,31181,exact,prefix_identity,1.0,y,"literal string identity (prefix_identity), 31,181 Norwegian inspections"
SEAT,MII,11905,SEAT,,0,no-candidate,,,,no-candidate: no Norwegian equivalent found automatically -- needs a human
PEUGEOT,3008,11806,PEUGEOT,3008,19410,exact,prefix_identity,1.0,y,"literal string identity (prefix_identity), 19,410 Norwegian inspections"
FIAT,500,11378,FIAT,500,4817,exact,prefix_identity,1.0,y,"literal string identity (prefix_identity), 4,817 Norwegian inspections"
TOYOTA,AURIS,10970,TOYOTA,AURIS,62942,exact,prefix_identity,1.0,y,"literal string identity (prefix_identity), 62,942 Norwegian inspections"
SUZUKI,VITARA,9524,SUZUKI,VITARA,8765,exact,prefix_identity,1.0,y,"literal string identity (prefix_identity), 8,765 Norwegian inspections"
RENAULT,MEGANE,9277,RENAULT,MEGANE,5169,exact,prefix_identity,1.0,y,"literal string identity (prefix_identity), 5,169 Norwegian inspections"
SEAT,LEON,9206,SEAT,LEON,201,exact,prefix_identity,1.0,y,"literal string identity (prefix_identity), 201 Norwegian inspections"
HYUNDAI,I30,9003,HYUNDAI,I30,4284,exact,prefix_identity,1.0,y,"literal string identity (prefix_identity), 4,284 Norwegian inspections"
SUZUKI,SX4 S-Cross,8987,SUZUKI,SX4 S CROSS,6636,exact,prefix_identity,1.0,y,"literal string identity (prefix_identity), 6,636 Norwegian inspections"
OPEL,KARL,8920,OPEL,,0,no-candidate,,,,no-candidate: no Norwegian equivalent found automatically -- needs a human
SUZUKI,BALENO,8873,SUZUKI,BALENO,479,exact,prefix_identity,1.0,y,"literal string identity (prefix_identity), 479 Norwegian inspections"
VOLKSWAGEN,T-Roc,8548,VOLKSWAGEN,T ROC,7701,exact,prefix_identity,1.0,y,"literal string identity (prefix_identity), 7,701 Norwegian inspections"
SKODA,OCTAVIA COMBI,8432,SKODA,OCTAVIA,67202,exact,prefix_identity,1.0,y,"literal string identity (prefix_identity), 67,202 Norwegian inspections"
SUZUKI,Celerio,8391,SUZUKI,,0,no-candidate,,,,no-candidate: no Norwegian equivalent found automatically -- needs a human
RENAULT,CLIO,8289,RENAULT,CLIO,4069,exact,prefix_identity,1.0,y,"literal string identity (prefix_identity), 4,069 Norwegian inspections"
CITROËN,C4,8280,CITROEN,C4,14694,exact,prefix_identity,1.0,y,"literal string identity (prefix_identity), 14,694 Norwegian inspections"
MERCEDES-BENZ,A-Klasse,8082,MERCEDES-BENZ,A,15306,exact,prefix_identity,1.0,y,"literal string identity (prefix_identity), 15,306 Norwegian inspections"
SKODA,FABIA COMBI,8079,SKODA,FABIA,15567,exact,prefix_identity,1.0,y,"literal string identity (prefix_identity), 15,567 Norwegian inspections"
FORD,C-MAX,8014,FORD,C MAX,3869,exact,prefix_identity,1.0,y,"literal string identity (prefix_identity), 3,869 Norwegian inspections"
CITROËN,C4 Cactus,7882,CITROEN,C4 CACTUS,3491,exact,prefix_identity,1.0,y,"literal string identity (prefix_identity), 3,491 Norwegian inspections"
NISSAN,MICRA,7864,NISSAN,MICRA,3600,exact,prefix_identity,1.0,y,"literal string identity (prefix_identity), 3,600 Norwegian inspections"
FIAT,PANDA,7703,FIAT,PANDA,582,exact,prefix_identity,1.0,y,"literal string identity (prefix_identity), 582 Norwegian inspections"
MAZDA,MAZDA2,7483,MAZDA,2,6051,exact,prefix_identity,1.0,y,"literal string identity (prefix_identity), 6,051 Norwegian inspections"
RENAULT,TWINGO,7445,RENAULT,TWINGO,20,high,name_similarity_firsttoken,1.0,n,"exact/structural match but only 20 Norwegian inspections, below the 200 noise floor -- likely a mis-keyed stray record, not a real model bucket"
RENAULT,TWINGO,7445,RENAULT,TURING,1,medium,name_similarity_firsttoken,0.6667,,"similarity 0.67 is an inference, not an identity -- needs a human"
BMW,3-Serie,7390,BMW,320,17606,high,family_series_sibling,1.0,y,"structural family membership (family_series_sibling), 17,606 Norwegian inspections"
BMW,3-Serie,7390,BMW,318,8228,high,family_series_sibling,1.0,y,"structural family membership (family_series_sibling), 8,228 Norwegian inspections"
BMW,3-Serie,7390,BMW,316,5807,high,family_series_sibling,1.0,y,"structural family membership (family_series_sibling), 5,807 Norwegian inspections"
BMW,3-Serie,7390,BMW,330,5397,high,family_series_sibling,1.0,y,"structural family membership (family_series_sibling), 5,397 Norwegian inspections"
BMW,3-Serie,7390,BMW,325,1248,high,family_series_sibling,1.0,y,"structural family membership (family_series_sibling), 1,248 Norwegian inspections"
BMW,3-Serie,7390,BMW,328,313,high,family_series_sibling,1.0,y,"structural family membership (family_series_sibling), 313 Norwegian inspections"
BMW,3-Serie,7390,BMW,335,261,high,family_series_sibling,1.0,y,"structural family membership (family_series_sibling), 261 Norwegian inspections"
BMW,3-Serie,7390,BMW,323,196,high,family_series_sibling,1.0,n,"exact/structural match but only 196 Norwegian inspections, below the 200 noise floor -- likely a mis-keyed stray record, not a real model bucket"
BMW,3-Serie,7390,BMW,340,40,high,family_series_sibling,1.0,n,"exact/structural match but only 40 Norwegian inspections, below the 200 noise floor -- likely a mis-keyed stray record, not a real model bucket"
BMW,3-Serie,7390,BMW,324,5,high,family_series_sibling,1.0,n,"exact/structural match but only 5 Norwegian inspections, below the 200 noise floor -- likely a mis-keyed stray record, not a real model bucket"
BMW,3-Serie,7390,BMW,346,4,high,family_series_sibling,1.0,n,"exact/structural match but only 4 Norwegian inspections, below the 200 noise floor -- likely a mis-keyed stray record, not a real model bucket"
BMW,3-Serie,7390,BMW,315,3,high,family_series_sibling,1.0,n,"exact/structural match but only 3 Norwegian inspections, below the 200 noise floor -- likely a mis-keyed stray record, not a real model bucket"
BMW,3-Serie,7390,BMW,3181,2,high,family_series_sibling,1.0,n,"exact/structural match but only 2 Norwegian inspections, below the 200 noise floor -- likely a mis-keyed stray record, not a real model bucket"
BMW,3-Serie,7390,BMW,3251,1,high,family_series_sibling,1.0,n,"exact/structural match but only 1 Norwegian inspections, below the 200 noise floor -- likely a mis-keyed stray record, not a real model bucket"
BMW,3-Serie,7390,BMW,3200,1,high,family_series_sibling,1.0,n,"exact/structural match but only 1 Norwegian inspections, below the 200 noise floor -- likely a mis-keyed stray record, not a real model bucket"
BMW,3-Serie,7390,BMW,30,1,high,family_series_sibling,1.0,n,"exact/structural match but only 1 Norwegian inspections, below the 200 noise floor -- likely a mis-keyed stray record, not a real model bucket"
BMW,3-Serie,7390,BMW,381,1,high,family_series_sibling,1.0,n,"exact/structural match but only 1 Norwegian inspections, below the 200 noise floor -- likely a mis-keyed stray record, not a real model bucket"
SUZUKI,IGNIS,7200,SUZUKI,IGNIS,5987,exact,prefix_identity,1.0,y,"literal string identity (prefix_identity), 5,987 Norwegian inspections"
AUDI,A3 Sportback,7174,AUDI,A3 SPORTBACK,21874,exact,prefix_identity,1.0,y,"literal string identity (prefix_identity), 21,874 Norwegian inspections"
SEAT,IBIZA,7137,SEAT,IBIZA,235,exact,prefix_identity,1.0,y,"literal string identity (prefix_identity), 235 Norwegian inspections"
MERCEDES-BENZ,E-Klasse,7135,MERCEDES-BENZ,E,39883,exact,prefix_identity,1.0,y,"literal string identity (prefix_identity), 39,883 Norwegian inspections"
FORD,S-MAX,7026,FORD,S MAX,18412,exact,prefix_identity,1.0,y,"literal string identity (prefix_identity), 18,412 Norwegian inspections"
MITSUBISHI,SPACE STAR,7009,MITSUBISHI,SPACE STAR,4078,exact,prefix_identity,1.0,y,"literal string identity (prefix_identity), 4,078 Norwegian inspections"
SUZUKI,ALTO,6754,SUZUKI,ALTO,692,exact,prefix_identity,1.0,y,"literal string identity (prefix_identity), 692 Norwegian inspections"
CITROËN,C 1,6597,CITROEN,C1,2638,exact,prefix_identity,1.0,y,"literal string identity (prefix_identity), 2,638 Norwegian inspections"
VOLKSWAGEN,T-Cross,6532,VOLKSWAGEN,T CROSS,1240,exact,prefix_identity,1.0,y,"literal string identity (prefix_identity), 1,240 Norwegian inspections"
VOLKSWAGEN,TIGUAN,6412,VOLKSWAGEN,TIGUAN,40886,exact,prefix_identity,1.0,y,"literal string identity (prefix_identity), 40,886 Norwegian inspections"
CITROËN,GRAND C4 PICASSO,6346,CITROEN,,0,no-candidate,,,,no-candidate: no Norwegian equivalent found automatically -- needs a human
KIA,Niro,6209,KIA,NIRO,8121,exact,prefix_identity,1.0,y,"literal string identity (prefix_identity), 8,121 Norwegian inspections"
VOLKSWAGEN,PASSAT VARIANT,6038,VOLKSWAGEN,PASSAT,70734,exact,prefix_identity,1.0,y,"literal string identity (prefix_identity), 70,734 Norwegian inspections"
FORD,FIESTA 5 DØRS,5987,FORD,FIESTA,26232,exact,prefix_identity,1.0,y,"literal string identity (prefix_identity), 26,232 Norwegian inspections"
TOYOTA,Toyota C-HR,5943,TOYOTA,C HR,18837,exact,prefix_identity,1.0,y,"literal string identity (prefix_identity), 18,837 Norwegian inspections"
TOYOTA,AYGO 3/5-DØRS,5820,TOYOTA,AYGO,7203,exact,prefix_identity,1.0,y,"literal string identity (prefix_identity), 7,203 Norwegian inspections"
NISSAN,NOTE,5684,NISSAN,NOTE,3325,exact,prefix_identity,1.0,y,"literal string identity (prefix_identity), 3,325 Norwegian inspections"
VOLVO,V60,5670,VOLVO,V60,35556,exact,prefix_identity,1.0,y,"literal string identity (prefix_identity), 35,556 Norwegian inspections"
FORD,MONDEO,5626,FORD,MONDEO,36399,exact,prefix_identity,1.0,y,"literal string identity (prefix_identity), 36,399 Norwegian inspections"
TOYOTA,COROLLA,5346,TOYOTA,COROLLA,40357,exact,prefix_identity,1.0,y,"literal string identity (prefix_identity), 40,357 Norwegian inspections"
RENAULT,GRAND SCENIC,5269,RENAULT,SCENIC,135,medium,name_similarity_fullstring,0.6667,,"similarity 0.67 is an inference, not an identity -- needs a human"
RENAULT,GRAND SCENIC,5269,RENAULT,GRAND,1,high,name_similarity_firsttoken,1.0,n,"exact/structural match but only 1 Norwegian inspections, below the 200 noise floor -- likely a mis-keyed stray record, not a real model bucket"
SUZUKI,SPLASH,5129,SUZUKI,SPLASH,8,high,name_similarity_firsttoken,1.0,n,"exact/structural match but only 8 Norwegian inspections, below the 200 noise floor -- likely a mis-keyed stray record, not a real model bucket"
DACIA,Duster,5050,DACIA,DUSTER,1807,exact,prefix_identity,1.0,y,"literal string identity (prefix_identity), 1,807 Norwegian inspections"
TOYOTA,RAV4,4915,TOYOTA,RAV4,83482,exact,prefix_identity,1.0,y,"literal string identity (prefix_identity), 83,482 Norwegian inspections"
TOYOTA,AVENSIS,4889,TOYOTA,AVENSIS,55295,exact,prefix_identity,1.0,y,"literal string identity (prefix_identity), 55,295 Norwegian inspections"
VOLKSWAGEN,Golf Sportsvan,4733,VOLKSWAGEN,GOLF SPORTSVAN,5061,exact,prefix_identity,1.0,y,"literal string identity (prefix_identity), 5,061 Norwegian inspections"
MAZDA,MAZDA6,4712,MAZDA,6,12454,exact,prefix_identity,1.0,y,"literal string identity (prefix_identity), 12,454 Norwegian inspections"
TOYOTA,YARIS 5-DØRS,4539,TOYOTA,YARIS,84724,exact,prefix_identity,1.0,y,"literal string identity (prefix_identity), 84,724 Norwegian inspections"
HONDA,JAZZ,4499,HONDA,JAZZ,6568,exact,prefix_identity,1.0,y,"literal string identity (prefix_identity), 6,568 Norwegian inspections"
HYUNDAI,I30CW,4476,HYUNDAI,I30,4284,exact,code_exact,1.0,y,"literal string identity (code_exact), 4,284 Norwegian inspections"
TOYOTA,VERSO,4405,TOYOTA,VERSO,6130,exact,prefix_identity,1.0,y,"literal string identity (prefix_identity), 6,130 Norwegian inspections"
OPEL,INSIGNIA,4352,OPEL,INSIGNIA,10843,exact,prefix_identity,1.0,y,"literal string identity (prefix_identity), 10,843 Norwegian inspections"
RENAULT,Kadjar,4348,RENAULT,KADJAR,1149,exact,prefix_identity,1.0,y,"literal string identity (prefix_identity), 1,149 Norwegian inspections"
PEUGEOT,207,4319,PEUGEOT,207,7722,exact,prefix_identity,1.0,y,"literal string identity (prefix_identity), 7,722 Norwegian inspections"
DACIA,Logan MCV,4307,DACIA,LOGAN,12,high,name_similarity_firsttoken,1.0,n,"exact/structural match but only 12 Norwegian inspections, below the 200 noise floor -- likely a mis-keyed stray record, not a real model bucket"
CITROËN,C3 PICASSO,4293,CITROEN,C3 PICASSO,1272,exact,prefix_identity,1.0,y,"literal string identity (prefix_identity), 1,272 Norwegian inspections"
MAZDA,CX-5,4262,MAZDA,CX 5,29842,exact,prefix_identity,1.0,y,"literal string identity (prefix_identity), 29,842 Norwegian inspections"
OPEL,Crossland X,4241,OPEL,CROSSLAND X,1556,exact,prefix_identity,1.0,y,"literal string identity (prefix_identity), 1,556 Norwegian inspections"
FIAT,500C,4232,FIAT,500C,78,exact,prefix_identity,1.0,n,"exact/structural match but only 78 Norwegian inspections, below the 200 noise floor -- likely a mis-keyed stray record, not a real model bucket"
MAZDA,MAZDA3,4189,MAZDA,3,11132,exact,prefix_identity,1.0,y,"literal string identity (prefix_identity), 11,132 Norwegian inspections"
DACIA,SANDERO,4174,DACIA,SANDERO,1,high,name_similarity_firsttoken,1.0,n,"exact/structural match but only 1 Norwegian inspections, below the 200 noise floor -- likely a mis-keyed stray record, not a real model bucket"
AUDI,A4 AVANT,4144,AUDI,A4 AVANT,6599,exact,prefix_identity,1.0,y,"literal string identity (prefix_identity), 6,599 Norwegian inspections"
PEUGEOT,206 +,4125,PEUGEOT,206,2777,exact,prefix_identity,1.0,y,"literal string identity (prefix_identity), 2,777 Norwegian inspections"
CHEVROLET,AVEO,4123,CHEVROLET,AVEO,185,exact,prefix_identity,1.0,n,"exact/structural match but only 185 Norwegian inspections, below the 200 noise floor -- likely a mis-keyed stray record, not a real model bucket"
BMW,1-Serie,4105,BMW,116,10420,high,family_series_sibling,1.0,y,"structural family membership (family_series_sibling), 10,420 Norwegian inspections"
BMW,1-Serie,4105,BMW,118,5655,high,family_series_sibling,1.0,y,"structural family membership (family_series_sibling), 5,655 Norwegian inspections"
BMW,1-Serie,4105,BMW,120,975,high,family_series_sibling,1.0,y,"structural family membership (family_series_sibling), 975 Norwegian inspections"
BMW,1-Serie,4105,BMW,114,324,high,family_series_sibling,1.0,y,"structural family membership (family_series_sibling), 324 Norwegian inspections"
BMW,1-Serie,4105,BMW,135,32,high,family_series_sibling,1.0,n,"exact/structural match but only 32 Norwegian inspections, below the 200 noise floor -- likely a mis-keyed stray record, not a real model bucket"
BMW,1-Serie,4105,BMW,123,23,high,family_series_sibling,1.0,n,"exact/structural match but only 23 Norwegian inspections, below the 200 noise floor -- likely a mis-keyed stray record, not a real model bucket"
BMW,1-Serie,4105,BMW,1602,21,high,family_series_sibling,1.0,n,"exact/structural match but only 21 Norwegian inspections, below the 200 noise floor -- likely a mis-keyed stray record, not a real model bucket"
BMW,1-Serie,4105,BMW,125,17,high,family_series_sibling,1.0,n,"exact/structural match but only 17 Norwegian inspections, below the 200 noise floor -- likely a mis-keyed stray record, not a real model bucket"
BMW,1-Serie,4105,BMW,1502,6,high,family_series_sibling,1.0,n,"exact/structural match but only 6 Norwegian inspections, below the 200 noise floor -- likely a mis-keyed stray record, not a real model bucket"
BMW,1-Serie,4105,BMW,1600,5,high,family_series_sibling,1.0,n,"exact/structural match but only 5 Norwegian inspections, below the 200 noise floor -- likely a mis-keyed stray record, not a real model bucket"
BMW,1-Serie,4105,BMW,130,5,high,family_series_sibling,1.0,n,"exact/structural match but only 5 Norwegian inspections, below the 200 noise floor -- likely a mis-keyed stray record, not a real model bucket"
BMW,1-Serie,4105,BMW,1800,5,high,family_series_sibling,1.0,n,"exact/structural match but only 5 Norwegian inspections, below the 200 noise floor -- likely a mis-keyed stray record, not a real model bucket"
BMW,1-Serie,4105,BMW,128,3,high,family_series_sibling,1.0,n,"exact/structural match but only 3 Norwegian inspections, below the 200 noise floor -- likely a mis-keyed stray record, not a real model bucket"
BMW,1-Serie,4105,BMW,1802,2,high,family_series_sibling,1.0,n,"exact/structural match but only 2 Norwegian inspections, below the 200 noise floor -- likely a mis-keyed stray record, not a real model bucket"
BMW,1-Serie,4105,BMW,1969,1,high,family_series_sibling,1.0,n,"exact/structural match but only 1 Norwegian inspections, below the 200 noise floor -- likely a mis-keyed stray record, not a real model bucket"
BMW,1-Serie,4105,BMW,187,1,high,family_series_sibling,1.0,n,"exact/structural match but only 1 Norwegian inspections, below the 200 noise floor -- likely a mis-keyed stray record, not a real model bucket"
BMW,1-Serie,4105,BMW,1975,1,high,family_series_sibling,1.0,n,"exact/structural match but only 1 Norwegian inspections, below the 200 noise floor -- likely a mis-keyed stray record, not a real model bucket"
BMW,1-Serie,4105,BMW,1400,1,high,family_series_sibling,1.0,n,"exact/structural match but only 1 Norwegian inspections, below the 200 noise floor -- likely a mis-keyed stray record, not a real model bucket"
BMW,1-Serie,4105,BMW,1995,1,high,family_series_sibling,1.0,n,"exact/structural match but only 1 Norwegian inspections, below the 200 noise floor -- likely a mis-keyed stray record, not a real model bucket"
PEUGEOT,5008,4075,PEUGEOT,5008,10054,exact,prefix_identity,1.0,y,"literal string identity (prefix_identity), 10,054 Norwegian inspections"
BMW,5-Serie,4027,BMW,520,19420,high,family_series_sibling,1.0,y,"structural family membership (family_series_sibling), 19,420 Norwegian inspections"
BMW,5-Serie,4027,BMW,525,7870,high,family_series_sibling,1.0,y,"structural family membership (family_series_sibling), 7,870 Norwegian inspections"
BMW,5-Serie,4027,BMW,530,7625,high,family_series_sibling,1.0,y,"structural family membership (family_series_sibling), 7,625 Norwegian inspections"
BMW,5-Serie,4027,BMW,523,845,high,family_series_sibling,1.0,y,"structural family membership (family_series_sibling), 845 Norwegian inspections"
BMW,5-Serie,4027,BMW,535,432,high,family_series_sibling,1.0,y,"structural family membership (family_series_sibling), 432 Norwegian inspections"
BMW,5-Serie,4027,BMW,540,242,high,family_series_sibling,1.0,y,"structural family membership (family_series_sibling), 242 Norwegian inspections"
BMW,5-Serie,4027,BMW,528,226,high,family_series_sibling,1.0,y,"structural family membership (family_series_sibling), 226 Norwegian inspections"
BMW,5-Serie,4027,BMW,518,214,high,family_series_sibling,1.0,y,"structural family membership (family_series_sibling), 214 Norwegian inspections"
BMW,5-Serie,4027,BMW,545,55,high,family_series_sibling,1.0,n,"exact/structural match but only 55 Norwegian inspections, below the 200 noise floor -- likely a mis-keyed stray record, not a real model bucket"
BMW,5-Serie,4027,BMW,550,29,high,family_series_sibling,1.0,n,"exact/structural match but only 29 Norwegian inspections, below the 200 noise floor -- likely a mis-keyed stray record, not a real model bucket"
BMW,5-Serie,4027,BMW,524,6,high,family_series_sibling,1.0,n,"exact/structural match but only 6 Norwegian inspections, below the 200 noise floor -- likely a mis-keyed stray record, not a real model bucket"
BMW,5-Serie,4027,BMW,5201,4,high,family_series_sibling,1.0,n,"exact/structural match but only 4 Norwegian inspections, below the 200 noise floor -- likely a mis-keyed stray record, not a real model bucket"
BMW,5-Serie,4027,BMW,5301,1,high,family_series_sibling,1.0,n,"exact/structural match but only 1 Norwegian inspections, below the 200 noise floor -- likely a mis-keyed stray record, not a real model bucket"
BMW,5-Serie,4027,BMW,5281,1,high,family_series_sibling,1.0,n,"exact/structural match but only 1 Norwegian inspections, below the 200 noise floor -- likely a mis-keyed stray record, not a real model bucket"
BMW,5-Serie,4027,BMW,560,1,high,family_series_sibling,1.0,n,"exact/structural match but only 1 Norwegian inspections, below the 200 noise floor -- likely a mis-keyed stray record, not a real model bucket"
BMW,5-Serie,4027,BMW,529,1,high,family_series_sibling,1.0,n,"exact/structural match but only 1 Norwegian inspections, below the 200 noise floor -- likely a mis-keyed stray record, not a real model bucket"
HYUNDAI,KONA,3897,HYUNDAI,KONA,276,exact,prefix_identity,1.0,y,"literal string identity (prefix_identity), 276 Norwegian inspections"
AUDI,Q3,3809,AUDI,Q3,5398,exact,prefix_identity,1.0,y,"literal string identity (prefix_identity), 5,398 Norwegian inspections"
SKODA,SUPERB,3724,SKODA,SUPERB,22645,exact,prefix_identity,1.0,y,"literal string identity (prefix_identity), 22,645 Norwegian inspections"
VOLVO,XC40,3659,VOLVO,XC40,6577,exact,prefix_identity,1.0,y,"literal string identity (prefix_identity), 6,577 Norwegian inspections"
SKODA,KAMIQ,3615,SKODA,KAMIQ,347,exact,prefix_identity,1.0,y,"literal string identity (prefix_identity), 347 Norwegian inspections"
HYUNDAI,Tucson,3585,HYUNDAI,TUCSON,8355,exact,prefix_identity,1.0,y,"literal string identity (prefix_identity), 8,355 Norwegian inspections"
HONDA,CIVIC,3578,HONDA,CIVIC,9680,exact,prefix_identity,1.0,y,"literal string identity (prefix_identity), 9,680 Norwegian inspections"
MAZDA,CX-3,3555,MAZDA,CX 3,8841,exact,prefix_identity,1.0,y,"literal string identity (prefix_identity), 8,841 Norwegian inspections"
MERCEDES-BENZ,B-Klasse,3537,MERCEDES-BENZ,B,12287,exact,prefix_identity,1.0,y,"literal string identity (prefix_identity), 12,287 Norwegian inspections"
VOLKSWAGEN,GOLF VARIANT,3463,VOLKSWAGEN,GOLF VARIANT,46,exact,prefix_identity,1.0,n,"exact/structural match but only 46 Norwegian inspections, below the 200 noise floor -- likely a mis-keyed stray record, not a real model bucket"
VOLVO,XC60,3445,VOLVO,XC60,50617,exact,prefix_identity,1.0,y,"literal string identity (prefix_identity), 50,617 Norwegian inspections"
VOLKSWAGEN,CADDY,3359,VOLKSWAGEN,CADDY,4139,exact,prefix_identity,1.0,y,"literal string identity (prefix_identity), 4,139 Norwegian inspections"
TOYOTA,AYGO 5-DØRS,3269,TOYOTA,AYGO,7203,exact,prefix_identity,1.0,y,"literal string identity (prefix_identity), 7,203 Norwegian inspections"
MAZDA,3,3198,MAZDA,3,11132,exact,prefix_identity,1.0,y,"literal string identity (prefix_identity), 11,132 Norwegian inspections"
SEAT,Arona,3193,SEAT,ARONA,110,exact,prefix_identity,1.0,n,"exact/structural match but only 110 Norwegian inspections, below the 200 noise floor -- likely a mis-keyed stray record, not a real model bucket"
AUDI,A6 AVANT,3021,AUDI,A6 AVANT,3997,exact,prefix_identity,1.0,y,"literal string identity (prefix_identity), 3,997 Norwegian inspections"
CITROËN,C3 Aircross,3001,CITROEN,C3 AIRCROSS,875,exact,prefix_identity,1.0,y,"literal string identity (prefix_identity), 875 Norwegian inspections"
CITROËN,C5 Aircross,2987,CITROEN,C5 AIRCROSS,1585,exact,prefix_identity,1.0,y,"literal string identity (prefix_identity), 1,585 Norwegian inspections"
AUDI,Q5,2982,AUDI,Q5,14484,exact,prefix_identity,1.0,y,"literal string identity (prefix_identity), 14,484 Norwegian inspections"
TOYOTA,RAV4 Plug in,2964,TOYOTA,RAV4,83482,exact,prefix_identity,1.0,y,"literal string identity (prefix_identity), 83,482 Norwegian inspections"
SKODA,KAROQ,2955,SKODA,KAROQ,2609,exact,prefix_identity,1.0,y,"literal string identity (prefix_identity), 2,609 Norwegian inspections"
MAZDA,2,2889,MAZDA,2,6051,exact,prefix_identity,1.0,y,"literal string identity (prefix_identity), 6,051 Norwegian inspections"
SKODA,RAPID,2881,SKODA,RAPID,3539,exact,prefix_identity,1.0,y,"literal string identity (prefix_identity), 3,539 Norwegian inspections"
TOYOTA,Aygo X,2868,TOYOTA,AYGO,7203,exact,prefix_identity,1.0,y,"literal string identity (prefix_identity), 7,203 Norwegian inspections"
BMW,X1,2862,BMW,X1,20852,exact,prefix_identity,1.0,y,"literal string identity (prefix_identity), 20,852 Norwegian inspections"
VOLVO,V40,2821,VOLVO,V40,24267,exact,prefix_identity,1.0,y,"literal string identity (prefix_identity), 24,267 Norwegian inspections"
TOYOTA,AVENSIS STW,2732,TOYOTA,AVENSIS,55295,exact,prefix_identity,1.0,y,"literal string identity (prefix_identity), 55,295 Norwegian inspections"
NISSAN,JUKE,2719,NISSAN,JUKE,3197,exact,prefix_identity,1.0,y,"literal string identity (prefix_identity), 3,197 Norwegian inspections"
OPEL,Grandland X,2675,OPEL,GRANDLAND X,2408,exact,prefix_identity,1.0,y,"literal string identity (prefix_identity), 2,408 Norwegian inspections"
AUDI,Q2,2668,AUDI,Q2,2311,exact,prefix_identity,1.0,y,"literal string identity (prefix_identity), 2,311 Norwegian inspections"
KIA,CEE'D SW,2612,KIA,CEED,6566,exact,prefix_identity,1.0,y,"literal string identity (prefix_identity), 6,566 Norwegian inspections"
OPEL,MERIVA,2606,OPEL,MERIVA,3304,exact,prefix_identity,1.0,y,"literal string identity (prefix_identity), 3,304 Norwegian inspections"
FORD,Focus,2582,FORD,FOCUS,44247,exact,prefix_identity,1.0,y,"literal string identity (prefix_identity), 44,247 Norwegian inspections"
SEAT,TOLEDO,2576,SEAT,TOLEDO,66,exact,prefix_identity,1.0,n,"exact/structural match but only 66 Norwegian inspections, below the 200 noise floor -- likely a mis-keyed stray record, not a real model bucket"
CITROËN,BERLINGO,2539,CITROEN,BERLINGO,3094,exact,prefix_identity,1.0,y,"literal string identity (prefix_identity), 3,094 Norwegian inspections"
MERCEDES-BENZ,C,2526,MERCEDES-BENZ,C,31181,exact,prefix_identity,1.0,y,"literal string identity (prefix_identity), 31,181 Norwegian inspections"
KIA,VENGA,2486,KIA,VENGA,2046,exact,prefix_identity,1.0,y,"literal string identity (prefix_identity), 2,046 Norwegian inspections"
SKODA,RAPID SPACEBACK,2456,SKODA,RAPID,3539,exact,prefix_identity,1.0,y,"literal string identity (prefix_identity), 3,539 Norwegian inspections"
FORD,MONDEO STATIONCAR,2444,FORD,MONDEO,36399,exact,prefix_identity,1.0,y,"literal string identity (prefix_identity), 36,399 Norwegian inspections"
MITSUBISHI,OUTLANDER,2387,MITSUBISHI,OUTLANDER,79708,exact,prefix_identity,1.0,y,"literal string identity (prefix_identity), 79,708 Norwegian inspections"
SKODA,SCALA,2385,SKODA,SCALA,345,exact,prefix_identity,1.0,y,"literal string identity (prefix_identity), 345 Norwegian inspections"
KIA,SPORTAGE,2382,KIA,SPORTAGE,13659,exact,prefix_identity,1.0,y,"literal string identity (prefix_identity), 13,659 Norwegian inspections"
HONDA,CR-V,2347,HONDA,CR V,31336,exact,prefix_identity,1.0,y,"literal string identity (prefix_identity), 31,336 Norwegian inspections"
KIA,Optima,2341,KIA,OPTIMA,2855,exact,prefix_identity,1.0,y,"literal string identity (prefix_identity), 2,855 Norwegian inspections"
SKODA,SUPERB COMBI,2282,SKODA,SUPERB,22645,exact,prefix_identity,1.0,y,"literal string identity (prefix_identity), 22,645 Norwegian inspections"
HYUNDAI,i30 Stc.,2253,HYUNDAI,I30,4284,exact,prefix_identity,1.0,y,"literal string identity (prefix_identity), 4,284 Norwegian inspections"
FORD,NY Focus,2243,FORD,FOCUS,44247,exact,prefix_identity,1.0,y,"literal string identity (prefix_identity), 44,247 Norwegian inspections"
FORD,Transit Custom Kombi,2219,FORD,TRANSIT CUSTOM,110,exact,prefix_identity,1.0,n,"exact/structural match but only 110 Norwegian inspections, below the 200 noise floor -- likely a mis-keyed stray record, not a real model bucket"
KIA,XCeed,2204,KIA,XCEED,268,exact,prefix_identity,1.0,y,"literal string identity (prefix_identity), 268 Norwegian inspections"
PEUGEOT,508,2195,PEUGEOT,508,8284,exact,prefix_identity,1.0,y,"literal string identity (prefix_identity), 8,284 Norwegian inspections"
AUDI,A5 SPORTBACK,2179,AUDI,A5 SPORTBACK,1449,exact,prefix_identity,1.0,y,"literal string identity (prefix_identity), 1,449 Norwegian inspections"
KIA,Stonic,2134,KIA,STONIC,725,exact,prefix_identity,1.0,y,"literal string identity (prefix_identity), 725 Norwegian inspections"
MERCEDES-BENZ,E,2114,MERCEDES-BENZ,E,39883,exact,prefix_identity,1.0,y,"literal string identity (prefix_identity), 39,883 Norwegian inspections"
SKODA,KODIAQ,2109,SKODA,KODIAQ,10328,exact,prefix_identity,1.0,y,"literal string identity (prefix_identity), 10,328 Norwegian inspections"
MITSUBISHI,ASX,2106,MITSUBISHI,ASX,16639,exact,prefix_identity,1.0,y,"literal string identity (prefix_identity), 16,639 Norwegian inspections"
SUZUKI,SX4 COMBIBACK,2103,SUZUKI,SX4,17530,exact,prefix_identity,1.0,y,"literal string identity (prefix_identity), 17,530 Norwegian inspections"
MINI,COOPER,2097,MINI,COOPER,9225,exact,prefix_identity,1.0,y,"literal string identity (prefix_identity), 9,225 Norwegian inspections"
MITSUBISHI,COLT,2076,MITSUBISHI,COLT,6284,exact,prefix_identity,1.0,y,"literal string identity (prefix_identity), 6,284 Norwegian inspections"
MERCEDES-BENZ,GLC,2052,MERCEDES-BENZ,GLC,11767,exact,prefix_identity,1.0,y,"literal string identity (prefix_identity), 11,767 Norwegian inspections"
SEAT,Ibiza GP2,2032,SEAT,IBIZA,235,exact,prefix_identity,1.0,y,"literal string identity (prefix_identity), 235 Norwegian inspections"
MERCEDES-BENZ,CLA,2030,MERCEDES-BENZ,CLA,5931,exact,prefix_identity,1.0,y,"literal string identity (prefix_identity), 5,931 Norwegian inspections"
AUDI,A1 SPORTBACK,2002,AUDI,A1 SPORTBACK,5479,exact,prefix_identity,1.0,y,"literal string identity (prefix_identity), 5,479 Norwegian inspections"
FIAT,500 C,1959,FIAT,500C,78,exact,prefix_identity,1.0,n,"exact/structural match but only 78 Norwegian inspections, below the 200 noise floor -- likely a mis-keyed stray record, not a real model bucket"
MAZDA,Mazda CX-30,1948,MAZDA,CX 30,2543,exact,prefix_identity,1.0,y,"literal string identity (prefix_identity), 2,543 Norwegian inspections"
TOYOTA,Yaris Cross,1939,TOYOTA,YARIS CROSS,308,exact,prefix_identity,1.0,y,"literal string identity (prefix_identity), 308 Norwegian inspections"
BMW,4-serie,1925,BMW,420,1016,high,family_series_sibling,1.0,y,"structural family membership (family_series_sibling), 1,016 Norwegian inspections"
BMW,4-serie,1925,BMW,428,124,high,family_series_sibling,1.0,n,"exact/structural match but only 124 Norwegian inspections, below the 200 noise floor -- likely a mis-keyed stray record, not a real model bucket"
BMW,4-serie,1925,BMW,430,81,high,family_series_sibling,1.0,n,"exact/structural match but only 81 Norwegian inspections, below the 200 noise floor -- likely a mis-keyed stray record, not a real model bucket"
BMW,4-serie,1925,BMW,435,61,high,family_series_sibling,1.0,n,"exact/structural match but only 61 Norwegian inspections, below the 200 noise floor -- likely a mis-keyed stray record, not a real model bucket"
BMW,4-serie,1925,BMW,440,46,high,family_series_sibling,1.0,n,"exact/structural match but only 46 Norwegian inspections, below the 200 noise floor -- likely a mis-keyed stray record, not a real model bucket"
BMW,4-serie,1925,BMW,418,9,high,family_series_sibling,1.0,n,"exact/structural match but only 9 Norwegian inspections, below the 200 noise floor -- likely a mis-keyed stray record, not a real model bucket"
BMW,4-serie,1925,BMW,425,3,high,family_series_sibling,1.0,n,"exact/structural match but only 3 Norwegian inspections, below the 200 noise floor -- likely a mis-keyed stray record, not a real model bucket"
CITROËN,C4 PICASSO,1915,CITROEN,C4 PICASSO,5036,exact,prefix_identity,1.0,y,"literal string identity (prefix_identity), 5,036 Norwegian inspections"
CITROËN,DS3,1908,CITROEN,DS3,2216,exact,prefix_identity,1.0,y,"literal string identity (prefix_identity), 2,216 Norwegian inspections"
RENAULT,SCENIC,1877,RENAULT,SCENIC,135,exact,prefix_identity,1.0,n,"exact/structural match but only 135 Norwegian inspections, below the 200 noise floor -- likely a mis-keyed stray record, not a real model bucket"
NISSAN,Qashqai J11A,1840,NISSAN,QASHQAI,33664,exact,prefix_identity,1.0,y,"literal string identity (prefix_identity), 33,664 Norwegian inspections"
HYUNDAI,Ioniq,1839,HYUNDAI,IONIQ,2524,exact,prefix_identity,1.0,y,"literal string identity (prefix_identity), 2,524 Norwegian inspections"
MERCEDES-BENZ,GLA,1831,MERCEDES-BENZ,GLA,4105,exact,prefix_identity,1.0,y,"literal string identity (prefix_identity), 4,105 Norwegian inspections"
FORD,FOCUS STATIONSVOGN,1801,FORD,FOCUS,44247,exact,prefix_identity,1.0,y,"literal string identity (prefix_identity), 44,247 Norwegian inspections"
FORD,PUMA,1795,FORD,PUMA,661,exact,prefix_identity,1.0,y,"literal string identity (prefix_identity), 661 Norwegian inspections"
SEAT,Ateca,1775,SEAT,ATECA,187,exact,prefix_identity,1.0,n,"exact/structural match but only 187 Norwegian inspections, below the 200 noise floor -- likely a mis-keyed stray record, not a real model bucket"
BMW,2-Serie,1774,BMW,225,11273,high,family_series_sibling,1.0,y,"structural family membership (family_series_sibling), 11,273 Norwegian inspections"
BMW,2-Serie,1774,BMW,218,1630,high,family_series_sibling,1.0,y,"structural family membership (family_series_sibling), 1,630 Norwegian inspections"
BMW,2-Serie,1774,BMW,220,920,high,family_series_sibling,1.0,y,"structural family membership (family_series_sibling), 920 Norwegian inspections"
BMW,2-Serie,1774,BMW,216,229,high,family_series_sibling,1.0,y,"structural family membership (family_series_sibling), 229 Norwegian inspections"
BMW,2-Serie,1774,BMW,2002,59,high,family_series_sibling,1.0,n,"exact/structural match but only 59 Norwegian inspections, below the 200 noise floor -- likely a mis-keyed stray record, not a real model bucket"
BMW,2-Serie,1774,BMW,214,26,high,family_series_sibling,1.0,n,"exact/structural match but only 26 Norwegian inspections, below the 200 noise floor -- likely a mis-keyed stray record, not a real model bucket"
BMW,2-Serie,1774,BMW,2000,11,high,family_series_sibling,1.0,n,"exact/structural match but only 11 Norwegian inspections, below the 200 noise floor -- likely a mis-keyed stray record, not a real model bucket"
BMW,2-Serie,1774,BMW,230,8,high,family_series_sibling,1.0,n,"exact/structural match but only 8 Norwegian inspections, below the 200 noise floor -- likely a mis-keyed stray record, not a real model bucket"
BMW,2-Serie,1774,BMW,2800,8,high,family_series_sibling,1.0,n,"exact/structural match but only 8 Norwegian inspections, below the 200 noise floor -- likely a mis-keyed stray record, not a real model bucket"
BMW,2-Serie,1774,BMW,23,3,high,family_series_sibling,1.0,n,"exact/structural match but only 3 Norwegian inspections, below the 200 noise floor -- likely a mis-keyed stray record, not a real model bucket"
FORD,B-MAX,1774,FORD,B MAX,1403,exact,prefix_identity,1.0,y,"literal string identity (prefix_identity), 1,403 Norwegian inspections"
BMW,X5,1767,BMW,X5,18551,exact,prefix_identity,1.0,y,"literal string identity (prefix_identity), 18,551 Norwegian inspections"
CITROËN,Grand C4 SpaceTourer,1762,CITROEN,,0,no-candidate,,,,no-candidate: no Norwegian equivalent found automatically -- needs a human
AUDI,A3,1760,AUDI,A3,40962,exact,prefix_identity,1.0,y,"literal string identity (prefix_identity), 40,962 Norwegian inspections"
VOLVO,V70,1756,VOLVO,V70,49444,exact,prefix_identity,1.0,y,"literal string identity (prefix_identity), 49,444 Norwegian inspections"
FORD,GALAXY,1725,FORD,GALAXY,5022,exact,prefix_identity,1.0,y,"literal string identity (prefix_identity), 5,022 Norwegian inspections"
FIAT,Punto S7,1690,FIAT,PUNTO,557,exact,prefix_identity,1.0,y,"literal string identity (prefix_identity), 557 Norwegian inspections"
OPEL,Mokka,1686,OPEL,MOKKA,8732,exact,prefix_identity,1.0,y,"literal string identity (prefix_identity), 8,732 Norwegian inspections"
RENAULT,MEGANE SPORT TOURER,1658,RENAULT,MEGANE,5169,exact,prefix_identity,1.0,y,"literal string identity (prefix_identity), 5,169 Norwegian inspections"
HYUNDAI,I 10,1642,HYUNDAI,I10,2608,exact,prefix_identity,1.0,y,"literal string identity (prefix_identity), 2,608 Norwegian inspections"
HYUNDAI,IX20,1641,HYUNDAI,IX20,3087,exact,prefix_identity,1.0,y,"literal string identity (prefix_identity), 3,087 Norwegian inspections"
SUZUKI,SX4,1616,SUZUKI,SX4,17530,exact,prefix_identity,1.0,y,"literal string identity (prefix_identity), 17,530 Norwegian inspections"
BMW,X3,1583,BMW,X3,24512,exact,prefix_identity,1.0,y,"literal string identity (prefix_identity), 24,512 Norwegian inspections"
AUDI,A3 Limousine,1525,AUDI,A3 LIMOUSINE,790,exact,prefix_identity,1.0,y,"literal string identity (prefix_identity), 790 Norwegian inspections"
NISSAN,X-TRAIL,1513,NISSAN,X TRAIL,14153,exact,prefix_identity,1.0,y,"literal string identity (prefix_identity), 14,153 Norwegian inspections"
MERCEDES-BENZ,GLE,1502,MERCEDES-BENZ,GLE,3143,exact,prefix_identity,1.0,y,"literal string identity (prefix_identity), 3,143 Norwegian inspections"
VOLVO,V90,1476,VOLVO,V90,15806,exact,prefix_identity,1.0,y,"literal string identity (prefix_identity), 15,806 Norwegian inspections"
VOLVO,XC90,1470,VOLVO,XC90,25142,exact,prefix_identity,1.0,y,"literal string identity (prefix_identity), 25,142 Norwegian inspections"
AUDI,A3 CABRIOLET,1419,AUDI,A3 CABRIOLET,326,exact,prefix_identity,1.0,y,"literal string identity (prefix_identity), 326 Norwegian inspections"
HYUNDAI,I40,1400,HYUNDAI,I40,3343,exact,prefix_identity,1.0,y,"literal string identity (prefix_identity), 3,343 Norwegian inspections"
OPEL,ZAFIRA,1383,OPEL,ZAFIRA,4014,exact,prefix_identity,1.0,y,"literal string identity (prefix_identity), 4,014 Norwegian inspections"
VOLKSWAGEN,CALIFORNIA,1382,VOLKSWAGEN,CALIFORNIA,57,exact,prefix_identity,1.0,n,"exact/structural match but only 57 Norwegian inspections, below the 200 noise floor -- likely a mis-keyed stray record, not a real model bucket"
HYUNDAI,i10 AC3,1356,HYUNDAI,I10,2608,exact,prefix_identity,1.0,y,"literal string identity (prefix_identity), 2,608 Norwegian inspections"
ALFA ROMEO,GIULIETTA,1350,ALFA ROMEO,GIULIETTA,294,exact,prefix_identity,1.0,y,"literal string identity (prefix_identity), 294 Norwegian inspections"
VOLVO,V50,1331,VOLVO,V50,19676,exact,prefix_identity,1.0,y,"literal string identity (prefix_identity), 19,676 Norwegian inspections"
OPEL,ASTRA SPORTS TOURER,1323,OPEL,ASTRA SPORTS TOURER,3543,exact,prefix_identity,1.0,y,"literal string identity (prefix_identity), 3,543 Norwegian inspections"
MERCEDES-BENZ,GLB,1319,MERCEDES-BENZ,GLB,191,exact,prefix_identity,1.0,n,"exact/structural match but only 191 Norwegian inspections, below the 200 noise floor -- likely a mis-keyed stray record, not a real model bucket"
DS,DS 3,1313,DS,3,183,exact,prefix_identity,1.0,n,"exact/structural match but only 183 Norwegian inspections, below the 200 noise floor -- likely a mis-keyed stray record, not a real model bucket"
KIA,CEED SW,46,KIA,CEED,6566,exact,prefix_identity,1.0,y,"literal string identity (prefix_identity), 6,566 Norwegian inspections"
