dmr_make,dmr_model,age_band,estimated_value_dkk,n_listings,pooled_at_brand,calibrated,calibration_factor_applied,mileage_adjustment_pct_per_10k_km
HYUNDAI,I10,1,70242,107,False,True,0.6677,0.0391
HYUNDAI,I10,2,52050,107,False,True,0.6677,0.0391
HYUNDAI,I10,3,43726,107,False,True,0.6677,0.0391
HYUNDAI,I10,4,29933,107,False,True,0.6677,0.0391
HYUNDAI,I20,1,124444,387,False,True,0.7098,0.0391
HYUNDAI,I20,2,80385,387,False,True,0.6677,0.0391
HYUNDAI,I20,3,52565,387,False,True,0.6677,0.0391
HYUNDAI,I20,4,35284,387,False,True,0.6677,0.0391
SKODA,OCTAVIA,1,237991,478,False,True,0.7098,0.0391
SKODA,OCTAVIA,2,145456,478,False,True,0.7098,0.0391
SKODA,OCTAVIA,3,86522,478,False,True,0.6677,0.0391
SKODA,OCTAVIA,4,56081,478,False,True,0.6677,0.0391
PEUGEOT,2008,1,151219,458,False,True,0.7098,0.0391
PEUGEOT,2008,2,83989,458,False,True,0.6677,0.0391
PEUGEOT,2008,3,65972,458,False,True,0.6677,0.0391
PEUGEOT,2008,4,56562,458,False,True,0.6677,0.0391
TOYOTA,Toyota C-HR,1,208564,5761,True,True,0.7098,0.0391
TOYOTA,Toyota C-HR,2,142163,5761,True,True,0.7098,0.0391
TOYOTA,Toyota C-HR,3,79956,5761,True,True,0.6677,0.0391
TOYOTA,Toyota C-HR,4,50692,5761,True,True,0.6677,0.0391
FIAT,500C,1,166746,73,False,True,0.7098,0.0391
FIAT,500C,2,92496,73,False,True,0.6677,0.0391
FIAT,500C,3,75811,73,False,True,0.6677,0.0391
FIAT,500 C,4,58599,73,False,True,0.6677,0.0391
MAZDA,MAZDA3,1,235788,559,True,True,0.7098,0.0391
MAZDA,MAZDA3,2,184176,559,True,True,0.7098,0.0391
MAZDA,MAZDA3,3,134537,559,True,True,0.7098,0.0391
MAZDA,MAZDA3,4,77163,559,True,True,0.6677,0.0391
VOLVO,XC40,1,394742,5010,True,True,0.7098,0.0391
VOLVO,XC40,2,225082,5010,True,True,0.7098,0.0391
VOLVO,XC40,3,117972,5010,True,True,0.7098,0.0391
VOLVO,XC40,4,48802,5010,True,True,0.6677,0.0391
MERCEDES-BENZ,B-Klasse,1,566311,6359,True,True,0.7098,0.0391
MERCEDES-BENZ,B-Klasse,2,374904,6359,True,True,0.7098,0.0391
MERCEDES-BENZ,B-Klasse,3,223050,6359,True,True,0.7098,0.0391
MERCEDES-BENZ,B-Klasse,4,125619,6359,True,True,0.7098,0.0391
CITROËN,C3 Aircross,1,148498,160,False,True,0.7098,0.0391
CITROËN,C3 Aircross,2,89421,160,False,True,0.6677,0.0391
CITROËN,C3 Aircross,3,57309,160,False,True,0.6677,0.0391
CITROËN,C3 Aircross,4,40891,160,False,True,0.6677,0.0391
OPEL,MERIVA,1,70080,624,False,True,0.6677,0.0391
OPEL,MERIVA,2,68817,624,False,True,0.6677,0.0391
OPEL,MERIVA,3,60151,624,False,True,0.6677,0.0391
OPEL,MERIVA,4,46212,624,False,True,0.6677,0.0391
MERCEDES-BENZ,C,1,567145,6359,True,True,0.7098,0.0391
MERCEDES-BENZ,C,2,375737,6359,True,True,0.7098,0.0391
MERCEDES-BENZ,C,3,223884,6359,True,True,0.7098,0.0391
MERCEDES-BENZ,C,4,126452,6359,True,True,0.7098,0.0391
SKODA,RAPID SPACEBACK,1,209976,987,True,True,0.7098,0.0391
SKODA,RAPID SPACEBACK,2,169299,987,True,True,0.7098,0.0391
SKODA,RAPID SPACEBACK,3,93477,987,True,True,0.6677,0.0391
SKODA,RAPID SPACEBACK,4,50940,987,True,True,0.6677,0.0391
KIA,Optima,1,108055,78,False,True,0.7098,0.0391
KIA,Optima,2,111404,78,False,True,0.7098,0.0391
KIA,Optima,3,88249,78,False,True,0.6677,0.0391
KIA,Optima,4,51981,78,False,True,0.6677,0.0391
AUDI,A1 SPORTBACK,1,531299,486,True,True,0.7098,0.0391
AUDI,A1 SPORTBACK,2,243695,486,True,True,0.7098,0.0391
AUDI,A1 SPORTBACK,3,147663,486,True,True,0.7098,0.0391
AUDI,A1 SPORTBACK,4,113137,486,True,True,0.7098,0.0391
BMW,4-serie,1,520838,6692,True,True,0.7098,0.0391
BMW,4-serie,2,313704,6692,True,True,0.7098,0.0391
BMW,4-serie,3,195027,6692,True,True,0.7098,0.0391
BMW,4-serie,4,109531,6692,True,True,0.7098,0.0391
NISSAN,Qashqai J11A,1,219733,326,False,True,0.7098,0.0391
NISSAN,Qashqai J11A,2,143976,326,False,True,0.7098,0.0391
NISSAN,Qashqai J11A,3,98473,326,False,True,0.6677,0.0391
NISSAN,Qashqai J11A,4,61290,326,False,True,0.6677,0.0391
RENAULT,MEGANE SPORT TOURER,1,135696,400,False,True,0.7098,0.0391
RENAULT,MEGANE SPORT TOURER,2,90141,400,False,True,0.6677,0.0391
RENAULT,MEGANE SPORT TOURER,3,56827,400,False,True,0.6677,0.0391
RENAULT,MEGANE SPORT TOURER,4,33275,400,False,True,0.6677,0.0391
SEAT,LEON,1,152525,774,False,True,0.7098,0.0391
SEAT,LEON,2,113912,774,False,True,0.7098,0.0391
SEAT,LEON,3,75222,774,False,True,0.6677,0.0391
SEAT,LEON,4,51191,774,False,True,0.6677,0.0391
NISSAN,MICRA,1,80961,330,False,True,0.6677,0.0391
NISSAN,MICRA,2,55829,330,False,True,0.6677,0.0391
NISSAN,MICRA,3,48560,330,False,True,0.6677,0.0391
NISSAN,MICRA,4,33565,330,False,True,0.6677,0.0391
AUDI,A3 Sportback,1,134848,24,False,True,0.7098,0.0391
AUDI,A3 Sportback,2,134848,24,False,True,0.7098,0.0391
AUDI,A3 Sportback,3,109189,24,False,True,0.7098,0.0391
AUDI,A3 Sportback,4,59512,24,False,True,0.6677,0.0391
VOLKSWAGEN,T-Cross,1,216098,122,False,True,0.7098,0.0391
VOLKSWAGEN,T-Cross,2,172635,122,False,True,0.7098,0.0391
VOLKSWAGEN,T-Cross,3,157817,122,False,True,0.7098,0.0391
VOLKSWAGEN,T-Cross,4,157817,122,False,True,0.7098,0.0391
MAZDA,CX-5,1,323046,92,False,True,0.7098,0.0391
MAZDA,CX-5,2,225162,92,False,True,0.7098,0.0391
MAZDA,CX-5,3,163149,92,False,True,0.7098,0.0391
MAZDA,CX-5,4,132315,92,False,True,0.7098,0.0391
PEUGEOT,206 +,1,190534,6154,True,True,0.7098,0.0391
PEUGEOT,206 +,2,111709,6154,True,True,0.7098,0.0391
PEUGEOT,206 +,3,73261,6154,True,True,0.6677,0.0391
PEUGEOT,206 +,4,51803,6154,True,True,0.6677,0.0391
AUDI,A6 AVANT,1,567291,57,False,True,0.7098,0.0391
AUDI,A6 AVANT,2,256616,57,False,True,0.7098,0.0391
AUDI,A6 AVANT,3,154066,57,False,True,0.7098,0.0391
AUDI,A6 AVANT,4,96006,57,False,True,0.6677,0.0391
FORD,PUMA,1,208993,64,False,True,0.7098,0.0391
FORD,PUMA,2,203945,64,False,True,0.7098,0.0391
FORD,PUMA,3,203945,64,False,True,0.7098,0.0391
FORD,PUMA,4,203945,64,False,True,0.7098,0.0391
CITROËN,Grand C4 SpaceTourer,1,151223,1252,True,True,0.7098,0.0391
CITROËN,Grand C4 SpaceTourer,2,93698,1252,True,True,0.6677,0.0391
CITROËN,Grand C4 SpaceTourer,3,62244,1252,True,True,0.6677,0.0391
CITROËN,Grand C4 SpaceTourer,4,43328,1252,True,True,0.6677,0.0391
ALFA ROMEO,GIULIETTA,1,92579,131,False,True,0.6677,0.0391
ALFA ROMEO,GIULIETTA,2,92579,131,False,True,0.6677,0.0391
ALFA ROMEO,GIULIETTA,3,81635,131,False,True,0.6677,0.0391
ALFA ROMEO,GIULIETTA,4,65675,131,False,True,0.6677,0.0391
VOLKSWAGEN,GOLF,1,180592,2855,False,True,0.7098,0.0391
VOLKSWAGEN,GOLF,2,121724,2855,False,True,0.7098,0.0391
VOLKSWAGEN,GOLF,3,77740,2855,False,True,0.6677,0.0391
VOLKSWAGEN,GOLF,4,49809,2855,False,True,0.6677,0.0391
RENAULT,Ny Clio,1,153403,4872,True,True,0.7098,0.0391
RENAULT,Ny Clio,2,96026,4872,True,True,0.6677,0.0391
RENAULT,Ny Clio,3,58583,4872,True,True,0.6677,0.0391
RENAULT,Ny Clio,4,36564,4872,True,True,0.6677,0.0391
VOLKSWAGEN,TOURAN,1,258907,538,False,True,0.7098,0.0391
VOLKSWAGEN,TOURAN,2,167875,538,False,True,0.7098,0.0391
VOLKSWAGEN,TOURAN,3,110677,538,False,True,0.7098,0.0391
VOLKSWAGEN,TOURAN,4,59732,538,False,True,0.6677,0.0391
PEUGEOT,107,1,25319,77,False,True,0.6677,0.0391
PEUGEOT,107,2,25319,77,False,True,0.6677,0.0391
PEUGEOT,107,3,25319,77,False,True,0.6677,0.0391
PEUGEOT,107,4,23065,77,False,True,0.6677,0.0391
PEUGEOT,3008,1,249480,696,False,True,0.7098,0.0391
PEUGEOT,3008,2,174383,696,False,True,0.7098,0.0391
PEUGEOT,3008,3,92080,696,False,True,0.6677,0.0391
PEUGEOT,3008,4,44381,696,False,True,0.6677,0.0391
SKODA,FABIA COMBI,1,94038,25,False,True,0.6677,0.0391
SKODA,FABIA COMBI,2,65573,25,False,True,0.6677,0.0391
SKODA,FABIA COMBI,3,50416,25,False,True,0.6677,0.0391
SKODA,FABIA COMBI,4,37824,25,False,True,0.6677,0.0391
MAZDA,MAZDA2,1,232455,559,True,True,0.7098,0.0391
MAZDA,MAZDA2,2,180843,559,True,True,0.7098,0.0391
MAZDA,MAZDA2,3,131204,559,True,True,0.7098,0.0391
MAZDA,MAZDA2,4,74027,559,True,True,0.6677,0.0391
FORD,MONDEO,1,158887,836,False,True,0.7098,0.0391
FORD,MONDEO,2,124513,836,False,True,0.7098,0.0391
FORD,MONDEO,3,81434,836,False,True,0.6677,0.0391
FORD,MONDEO,4,51101,836,False,True,0.6677,0.0391
MAZDA,MAZDA6,1,244870,559,True,True,0.7098,0.0391
MAZDA,MAZDA6,2,193258,559,True,True,0.7098,0.0391
MAZDA,MAZDA6,3,143619,559,True,True,0.7098,0.0391
MAZDA,MAZDA6,4,85706,559,True,True,0.6677,0.0391
MAZDA,3,1,215720,91,False,True,0.7098,0.0391
MAZDA,3,2,150579,91,False,True,0.7098,0.0391
MAZDA,3,3,72959,91,False,True,0.6677,0.0391
MAZDA,3,4,41499,91,False,True,0.6677,0.0391
SEAT,TOLEDO,1,63676,74,False,True,0.6677,0.0391
SEAT,TOLEDO,2,63230,74,False,True,0.6677,0.0391
SEAT,TOLEDO,3,56370,74,False,True,0.6677,0.0391
SEAT,TOLEDO,4,43890,74,False,True,0.6677,0.0391
FORD,MONDEO STATIONCAR,1,139762,207,False,True,0.7098,0.0391
FORD,MONDEO STATIONCAR,2,131783,207,False,True,0.7098,0.0391
FORD,MONDEO STATIONCAR,3,83676,207,False,True,0.6677,0.0391
FORD,MONDEO STATIONCAR,4,53022,207,False,True,0.6677,0.0391
HONDA,CR-V,1,324809,459,False,True,0.7098,0.0391
HONDA,CR-V,2,226277,459,False,True,0.7098,0.0391
HONDA,CR-V,3,157966,459,False,True,0.7098,0.0391
HONDA,CR-V,4,97559,459,False,True,0.6677,0.0391
KIA,Stonic,1,150416,117,False,True,0.7098,0.0391
KIA,Stonic,2,131066,117,False,True,0.7098,0.0391
KIA,Stonic,3,119379,117,False,True,0.7098,0.0391
KIA,Stonic,4,119379,117,False,True,0.7098,0.0391
MERCEDES-BENZ,GLA,1,346618,194,False,True,0.7098,0.0391
MERCEDES-BENZ,GLA,2,238939,194,False,True,0.7098,0.0391
MERCEDES-BENZ,GLA,3,203349,194,False,True,0.7098,0.0391
MERCEDES-BENZ,GLA,4,167366,194,False,True,0.7098,0.0391
BMW,2-Serie,1,519588,6692,True,True,0.7098,0.0391
BMW,2-Serie,2,312454,6692,True,True,0.7098,0.0391
BMW,2-Serie,3,193778,6692,True,True,0.7098,0.0391
BMW,2-Serie,4,108281,6692,True,True,0.7098,0.0391
FIAT,Punto S7,1,154526,575,True,True,0.7098,0.0391
FIAT,Punto S7,2,96221,575,True,True,0.6677,0.0391
FIAT,Punto S7,3,71542,575,True,True,0.6677,0.0391
FIAT,Punto S7,4,48358,575,True,True,0.6677,0.0391
VOLKSWAGEN,CALIFORNIA,1,938220,71,False,True,0.7098,0.0391
VOLKSWAGEN,CALIFORNIA,2,710669,71,False,True,0.7098,0.0391
VOLKSWAGEN,CALIFORNIA,3,572375,71,False,True,0.7098,0.0391
VOLKSWAGEN,CALIFORNIA,4,572375,71,False,True,0.7098,0.0391
VOLKSWAGEN,POLO,1,137144,852,False,True,0.7098,0.0391
VOLKSWAGEN,POLO,2,78756,852,False,True,0.6677,0.0391
VOLKSWAGEN,POLO,3,53828,852,False,True,0.6677,0.0391
VOLKSWAGEN,POLO,4,35507,852,False,True,0.6677,0.0391
FORD,FOCUS,1,155312,1674,False,True,0.7098,0.0391
FORD,FOCUS,2,87437,1674,False,True,0.6677,0.0391
FORD,FOCUS,3,57975,1674,False,True,0.6677,0.0391
FORD,FOCUS,4,38726,1674,False,True,0.6677,0.0391
RENAULT,MEGANE,1,143217,1147,False,True,0.7098,0.0391
RENAULT,MEGANE,2,91499,1147,False,True,0.6677,0.0391
RENAULT,MEGANE,3,55085,1147,False,True,0.6677,0.0391
RENAULT,MEGANE,4,34377,1147,False,True,0.6677,0.0391
VOLKSWAGEN,GOLF VARIANT,1,169140,800,False,True,0.7098,0.0391
VOLKSWAGEN,GOLF VARIANT,2,118318,800,False,True,0.7098,0.0391
VOLKSWAGEN,GOLF VARIANT,3,79232,800,False,True,0.6677,0.0391
VOLKSWAGEN,GOLF VARIANT,4,50778,800,False,True,0.6677,0.0391
CITROËN,BERLINGO,1,213644,91,False,True,0.7098,0.0391
CITROËN,BERLINGO,2,111494,91,False,True,0.7098,0.0391
CITROËN,BERLINGO,3,60280,91,False,True,0.6677,0.0391
CITROËN,BERLINGO,4,42521,91,False,True,0.6677,0.0391
FORD,NY Focus,1,177304,5921,True,True,0.7098,0.0391
FORD,NY Focus,2,111071,5921,True,True,0.7098,0.0391
FORD,NY Focus,3,65614,5921,True,True,0.6677,0.0391
FORD,NY Focus,4,43012,5921,True,True,0.6677,0.0391
MITSUBISHI,ASX,1,241745,122,False,True,0.7098,0.0391
MITSUBISHI,ASX,2,153373,122,False,True,0.7098,0.0391
MITSUBISHI,ASX,3,94051,122,False,True,0.6677,0.0391
MITSUBISHI,ASX,4,67901,122,False,True,0.6677,0.0391
TOYOTA,Yaris Cross,1,140467,409,False,True,0.7098,0.0391
TOYOTA,Yaris Cross,2,96435,409,False,True,0.6677,0.0391
TOYOTA,Yaris Cross,3,59369,409,False,True,0.6677,0.0391
TOYOTA,Yaris Cross,4,39230,409,False,True,0.6677,0.0391
VOLVO,V50,1,38379,323,False,True,0.6677,0.0391
VOLVO,V50,2,38379,323,False,True,0.6677,0.0391
VOLVO,V50,3,38379,323,False,True,0.6677,0.0391
VOLVO,V50,4,36484,323,False,True,0.6677,0.0391
VOLKSWAGEN,UP!,1,95692,172,False,True,0.6677,0.0391
VOLKSWAGEN,UP!,2,54326,172,False,True,0.6677,0.0391
VOLKSWAGEN,UP!,3,42912,172,False,True,0.6677,0.0391
VOLKSWAGEN,UP!,4,36986,172,False,True,0.6677,0.0391
VOLVO,V60,1,281877,439,False,True,0.7098,0.0391
VOLVO,V60,2,163733,439,False,True,0.7098,0.0391
VOLVO,V60,3,96369,439,False,True,0.6677,0.0391
VOLVO,V60,4,63509,439,False,True,0.6677,0.0391
TOYOTA,RAV4,1,354377,511,False,True,0.7098,0.0391
TOYOTA,RAV4,2,246773,511,False,True,0.7098,0.0391
TOYOTA,RAV4,3,165395,511,False,True,0.7098,0.0391
TOYOTA,RAV4,4,92735,511,False,True,0.6677,0.0391
BMW,1-Serie,1,517921,6692,True,True,0.7098,0.0391
BMW,1-Serie,2,310787,6692,True,True,0.7098,0.0391
BMW,1-Serie,3,192111,6692,True,True,0.7098,0.0391
BMW,1-Serie,4,106615,6692,True,True,0.7098,0.0391
HYUNDAI,Tucson,1,262655,596,False,True,0.7098,0.0391
HYUNDAI,Tucson,2,191482,596,False,True,0.7098,0.0391
HYUNDAI,Tucson,3,123633,596,False,True,0.7098,0.0391
HYUNDAI,Tucson,4,65663,596,False,True,0.6677,0.0391
CITROËN,C5 Aircross,1,196563,62,False,True,0.7098,0.0391
CITROËN,C5 Aircross,2,121382,62,False,True,0.7098,0.0391
CITROËN,C5 Aircross,3,58634,62,False,True,0.6677,0.0391
CITROËN,C5 Aircross,4,25433,62,False,True,0.6677,0.0391
KIA,CEE'D SW,1,159510,203,False,True,0.7098,0.0391
KIA,CEE'D SW,2,98867,203,False,True,0.6677,0.0391
KIA,CEE'D SW,3,68371,203,False,True,0.6677,0.0391
KIA,CEE'D SW,4,57767,203,False,True,0.6677,0.0391
RENAULT,SCENIC,1,132966,485,False,True,0.7098,0.0391
RENAULT,SCENIC,2,97202,485,False,True,0.6677,0.0391
RENAULT,SCENIC,3,63853,485,False,True,0.6677,0.0391
RENAULT,SCENIC,4,36812,485,False,True,0.6677,0.0391
FORD,B-MAX,1,57171,107,False,True,0.6677,0.0391
FORD,B-MAX,2,55369,107,False,True,0.6677,0.0391
FORD,B-MAX,3,50736,107,False,True,0.6677,0.0391
FORD,B-MAX,4,47826,107,False,True,0.6677,0.0391
OPEL,ASTRA SPORTS TOURER,1,162249,1018,False,True,0.7098,0.0391
OPEL,ASTRA SPORTS TOURER,2,95954,1018,False,True,0.6677,0.0391
OPEL,ASTRA SPORTS TOURER,3,62506,1018,False,True,0.6677,0.0391
OPEL,ASTRA SPORTS TOURER,4,42665,1018,False,True,0.6677,0.0391
MERCEDES-BENZ,GLB,1,523739,52,False,True,0.7098,0.0391
MERCEDES-BENZ,GLB,2,503470,52,False,True,0.7098,0.0391
MERCEDES-BENZ,GLB,3,503470,52,False,True,0.7098,0.0391
MERCEDES-BENZ,GLB,4,503470,52,False,True,0.7098,0.0391
KIA,RIO,1,93492,218,False,True,0.6677,0.0391
KIA,RIO,2,73219,218,False,True,0.6677,0.0391
KIA,RIO,3,56765,218,False,True,0.6677,0.0391
KIA,RIO,4,43383,218,False,True,0.6677,0.0391
RENAULT,Captur,1,177027,340,False,True,0.7098,0.0391
RENAULT,Captur,2,122581,340,False,True,0.7098,0.0391
RENAULT,Captur,3,79619,340,False,True,0.6677,0.0391
RENAULT,Captur,4,63969,340,False,True,0.6677,0.0391
PEUGEOT,108,1,51710,38,False,True,0.6677,0.0391
PEUGEOT,108,2,46350,38,False,True,0.6677,0.0391
PEUGEOT,108,3,42495,38,False,True,0.6677,0.0391
PEUGEOT,108,4,42495,38,False,True,0.6677,0.0391
KIA,CEED,1,158410,633,False,True,0.7098,0.0391
KIA,CEED,2,107033,633,False,True,0.7098,0.0391
KIA,CEED,3,64990,633,False,True,0.6677,0.0391
KIA,CEED,4,50470,633,False,True,0.6677,0.0391
SKODA,OCTAVIA COMBI,1,238366,152,False,True,0.7098,0.0391
SKODA,OCTAVIA COMBI,2,144597,152,False,True,0.7098,0.0391
SKODA,OCTAVIA COMBI,3,85870,152,False,True,0.6677,0.0391
SKODA,OCTAVIA COMBI,4,54823,152,False,True,0.6677,0.0391
CITROËN,C4,1,137555,190,False,True,0.7098,0.0391
CITROËN,C4,2,76055,190,False,True,0.6677,0.0391
CITROËN,C4,3,59505,190,False,True,0.6677,0.0391
CITROËN,C4,4,41788,190,False,True,0.6677,0.0391
OPEL,INSIGNIA,1,171103,1715,False,True,0.7098,0.0391
OPEL,INSIGNIA,2,137677,1715,False,True,0.7098,0.0391
OPEL,INSIGNIA,3,86843,1715,False,True,0.6677,0.0391
OPEL,INSIGNIA,4,56250,1715,False,True,0.6677,0.0391
SEAT,Arona,1,178780,149,False,True,0.7098,0.0391
SEAT,Arona,2,150936,149,False,True,0.7098,0.0391
SEAT,Arona,3,139281,149,False,True,0.7098,0.0391
SEAT,Arona,4,139281,149,False,True,0.7098,0.0391
AUDI,Q5,1,520545,32,False,True,0.7098,0.0391
AUDI,Q5,2,409880,32,False,True,0.7098,0.0391
AUDI,Q5,3,211954,32,False,True,0.7098,0.0391
AUDI,Q5,4,120805,32,False,True,0.7098,0.0391
SKODA,SCALA,1,174003,44,False,True,0.7098,0.0391
SKODA,SCALA,2,156603,44,False,True,0.7098,0.0391
SKODA,SCALA,3,156603,44,False,True,0.7098,0.0391
SKODA,SCALA,4,156603,44,False,True,0.7098,0.0391
PEUGEOT,508,1,213532,661,False,True,0.7098,0.0391
PEUGEOT,508,2,110374,661,False,True,0.7098,0.0391
PEUGEOT,508,3,69971,661,False,True,0.6677,0.0391
PEUGEOT,508,4,48075,661,False,True,0.6677,0.0391
MAZDA,Mazda CX-30,1,242037,559,True,True,0.7098,0.0391
MAZDA,Mazda CX-30,2,190425,559,True,True,0.7098,0.0391
MAZDA,Mazda CX-30,3,140787,559,True,True,0.7098,0.0391
MAZDA,Mazda CX-30,4,83041,559,True,True,0.6677,0.0391
AUDI,A3,1,121977,58,False,True,0.7098,0.0391
AUDI,A3,2,123893,58,False,True,0.7098,0.0391
AUDI,A3,3,97390,58,False,True,0.6677,0.0391
AUDI,A3,4,57908,58,False,True,0.6677,0.0391
BMW,X3,1,509343,574,False,True,0.7098,0.0391
BMW,X3,2,333007,574,False,True,0.7098,0.0391
BMW,X3,3,201657,574,False,True,0.7098,0.0391
BMW,X3,4,99147,574,False,True,0.6677,0.0391
NISSAN,X-TRAIL,1,266212,157,False,True,0.7098,0.0391
NISSAN,X-TRAIL,2,158999,157,False,True,0.7098,0.0391
NISSAN,X-TRAIL,3,137821,157,False,True,0.7098,0.0391
NISSAN,X-TRAIL,4,93324,157,False,True,0.6677,0.0391
OPEL,ZAFIRA,1,228956,638,False,True,0.7098,0.0391
OPEL,ZAFIRA,2,118881,638,False,True,0.7098,0.0391
OPEL,ZAFIRA,3,86027,638,False,True,0.6677,0.0391
OPEL,ZAFIRA,4,62164,638,False,True,0.6677,0.0391
HYUNDAI,i10 AC3,1,72168,43,False,True,0.6677,0.0391
HYUNDAI,i10 AC3,2,56120,43,False,True,0.6677,0.0391
HYUNDAI,i10 AC3,3,42033,43,False,True,0.6677,0.0391
HYUNDAI,i10 AC3,4,27789,43,False,True,0.6677,0.0391
BMW,3-Serie,1,519588,6692,True,True,0.7098,0.0391
BMW,3-Serie,2,312454,6692,True,True,0.7098,0.0391
BMW,3-Serie,3,193778,6692,True,True,0.7098,0.0391
BMW,3-Serie,4,108281,6692,True,True,0.7098,0.0391
VOLKSWAGEN,TIGUAN,1,303475,958,False,True,0.7098,0.0391
VOLKSWAGEN,TIGUAN,2,228936,958,False,True,0.7098,0.0391
VOLKSWAGEN,TIGUAN,3,161718,958,False,True,0.7098,0.0391
VOLKSWAGEN,TIGUAN,4,87467,958,False,True,0.6677,0.0391
VOLKSWAGEN,Golf Sportsvan,1,174539,827,False,True,0.7098,0.0391
VOLKSWAGEN,Golf Sportsvan,2,121446,827,False,True,0.7098,0.0391
VOLKSWAGEN,Golf Sportsvan,3,81750,827,False,True,0.6677,0.0391
VOLKSWAGEN,Golf Sportsvan,4,53777,827,False,True,0.6677,0.0391
HONDA,CIVIC,1,206112,802,False,True,0.7098,0.0391
HONDA,CIVIC,2,157303,802,False,True,0.7098,0.0391
HONDA,CIVIC,3,106889,802,False,True,0.7098,0.0391
HONDA,CIVIC,4,57007,802,False,True,0.6677,0.0391
VOLKSWAGEN,CADDY,1,238456,378,False,True,0.7098,0.0391
VOLKSWAGEN,CADDY,2,141306,378,False,True,0.7098,0.0391
VOLKSWAGEN,CADDY,3,90842,378,False,True,0.6677,0.0391
VOLKSWAGEN,CADDY,4,61003,378,False,True,0.6677,0.0391
HYUNDAI,i30 Stc.,1,151260,360,False,True,0.7098,0.0391
HYUNDAI,i30 Stc.,2,114204,360,False,True,0.7098,0.0391
HYUNDAI,i30 Stc.,3,66210,360,False,True,0.6677,0.0391
HYUNDAI,i30 Stc.,4,42416,360,False,True,0.6677,0.0391
HYUNDAI,Ioniq,1,152006,3481,True,True,0.7098,0.0391
HYUNDAI,Ioniq,2,99271,3481,True,True,0.6677,0.0391
HYUNDAI,Ioniq,3,59498,3481,True,True,0.6677,0.0391
HYUNDAI,Ioniq,4,37151,3481,True,True,0.6677,0.0391
MERCEDES-BENZ,C-Klasse,1,567978,6359,True,True,0.7098,0.0391
MERCEDES-BENZ,C-Klasse,2,376570,6359,True,True,0.7098,0.0391
MERCEDES-BENZ,C-Klasse,3,224717,6359,True,True,0.7098,0.0391
MERCEDES-BENZ,C-Klasse,4,127286,6359,True,True,0.7098,0.0391
FORD,S-MAX,1,132593,282,False,True,0.7098,0.0391
FORD,S-MAX,2,140484,282,False,True,0.7098,0.0391
FORD,S-MAX,3,110447,282,False,True,0.7098,0.0391
FORD,S-MAX,4,64751,282,False,True,0.6677,0.0391
KIA,Niro,1,148105,2480,True,True,0.7098,0.0391
KIA,Niro,2,96696,2480,True,True,0.6677,0.0391
KIA,Niro,3,66008,2480,True,True,0.6677,0.0391
KIA,Niro,4,42846,2480,True,True,0.6677,0.0391
SKODA,KAROQ,1,258631,24,False,True,0.7098,0.0391
SKODA,KAROQ,2,247494,24,False,True,0.7098,0.0391
SKODA,KAROQ,3,247494,24,False,True,0.7098,0.0391
SKODA,KAROQ,4,247494,24,False,True,0.7098,0.0391
KIA,VENGA,1,83058,89,False,True,0.6677,0.0391
KIA,VENGA,2,83491,89,False,True,0.6677,0.0391
KIA,VENGA,3,69605,89,False,True,0.6677,0.0391
KIA,VENGA,4,52843,89,False,True,0.6677,0.0391
FORD,Transit Custom Kombi,1,447097,102,False,True,0.7098,0.0391
FORD,Transit Custom Kombi,2,280368,102,False,True,0.7098,0.0391
FORD,Transit Custom Kombi,3,166769,102,False,True,0.7098,0.0391
FORD,Transit Custom Kombi,4,98618,102,False,True,0.6677,0.0391
KIA,XCeed,1,201350,115,False,True,0.7098,0.0391
KIA,XCeed,2,198155,115,False,True,0.7098,0.0391
KIA,XCeed,3,198155,115,False,True,0.7098,0.0391
KIA,XCeed,4,198155,115,False,True,0.7098,0.0391
SKODA,KODIAQ,1,418505,15,False,True,0.7098,0.0391
SKODA,KODIAQ,2,322178,15,False,True,0.7098,0.0391
SKODA,KODIAQ,3,300842,15,False,True,0.7098,0.0391
SKODA,KODIAQ,4,300842,15,False,True,0.7098,0.0391
SEAT,Ibiza GP2,1,97113,163,False,True,0.6677,0.0391
SEAT,Ibiza GP2,2,72345,163,False,True,0.6677,0.0391
SEAT,Ibiza GP2,3,48618,163,False,True,0.6677,0.0391
SEAT,Ibiza GP2,4,31709,163,False,True,0.6677,0.0391
PEUGEOT,208,1,127597,524,False,True,0.7098,0.0391
PEUGEOT,208,2,59161,524,False,True,0.6677,0.0391
PEUGEOT,208,3,43620,524,False,True,0.6677,0.0391
PEUGEOT,208,4,38031,524,False,True,0.6677,0.0391
KIA,PICANTO,1,97404,121,False,True,0.6677,0.0391
KIA,PICANTO,2,63213,121,False,True,0.6677,0.0391
KIA,PICANTO,3,41347,121,False,True,0.6677,0.0391
KIA,PICANTO,4,27259,121,False,True,0.6677,0.0391
HYUNDAI,I30,1,150119,1086,False,True,0.7098,0.0391
HYUNDAI,I30,2,96090,1086,False,True,0.6677,0.0391
HYUNDAI,I30,3,58088,1086,False,True,0.6677,0.0391
HYUNDAI,I30,4,37791,1086,False,True,0.6677,0.0391
FORD,C-MAX,1,75823,367,False,True,0.6677,0.0391
FORD,C-MAX,2,75064,367,False,True,0.6677,0.0391
FORD,C-MAX,3,63100,367,False,True,0.6677,0.0391
FORD,C-MAX,4,48994,367,False,True,0.6677,0.0391
FIAT,PANDA,1,100061,26,False,True,0.6677,0.0391
FIAT,PANDA,2,62600,26,False,True,0.6677,0.0391
FIAT,PANDA,3,43226,26,False,True,0.6677,0.0391
FIAT,PANDA,4,28716,26,False,True,0.6677,0.0391
CITROËN,C3 PICASSO,1,122768,101,False,True,0.7098,0.0391
CITROËN,C3 PICASSO,2,73281,101,False,True,0.6677,0.0391
CITROËN,C3 PICASSO,3,51626,101,False,True,0.6677,0.0391
CITROËN,C3 PICASSO,4,40234,101,False,True,0.6677,0.0391
AUDI,A4 AVANT,1,310365,72,False,True,0.7098,0.0391
AUDI,A4 AVANT,2,215640,72,False,True,0.7098,0.0391
AUDI,A4 AVANT,3,133146,72,False,True,0.7098,0.0391
AUDI,A4 AVANT,4,75278,72,False,True,0.6677,0.0391
MERCEDES-BENZ,E,1,549416,6359,True,True,0.7098,0.0391
MERCEDES-BENZ,E,2,358008,6359,True,True,0.7098,0.0391
MERCEDES-BENZ,E,3,206154,6359,True,True,0.7098,0.0391
MERCEDES-BENZ,E,4,108723,6359,True,True,0.7098,0.0391
SEAT,Ateca,1,252481,158,False,True,0.7098,0.0391
SEAT,Ateca,2,185221,158,False,True,0.7098,0.0391
SEAT,Ateca,3,164651,158,False,True,0.7098,0.0391
SEAT,Ateca,4,164651,158,False,True,0.7098,0.0391
VOLVO,V70,1,81693,390,False,True,0.6677,0.0391
VOLVO,V70,2,82697,390,False,True,0.6677,0.0391
VOLVO,V70,3,73607,390,False,True,0.6677,0.0391
VOLVO,V70,4,53045,390,False,True,0.6677,0.0391
CITROËN,C3,1,132201,394,False,True,0.7098,0.0391
CITROËN,C3,2,86798,394,False,True,0.6677,0.0391
CITROËN,C3,3,52998,394,False,True,0.6677,0.0391
CITROËN,C3,4,33118,394,False,True,0.6677,0.0391
PEUGEOT,308,1,145798,1144,False,True,0.7098,0.0391
PEUGEOT,308,2,71657,1144,False,True,0.6677,0.0391
PEUGEOT,308,3,49981,1144,False,True,0.6677,0.0391
PEUGEOT,308,4,30477,1144,False,True,0.6677,0.0391
VOLKSWAGEN,PASSAT,1,221728,2137,False,True,0.7098,0.0391
VOLKSWAGEN,PASSAT,2,158459,2137,False,True,0.7098,0.0391
VOLKSWAGEN,PASSAT,3,107813,2137,False,True,0.7098,0.0391
VOLKSWAGEN,PASSAT,4,56546,2137,False,True,0.6677,0.0391
TOYOTA,AURIS,1,118452,612,False,True,0.7098,0.0391
TOYOTA,AURIS,2,113213,612,False,True,0.7098,0.0391
TOYOTA,AURIS,3,76090,612,False,True,0.6677,0.0391
TOYOTA,AURIS,4,50419,612,False,True,0.6677,0.0391
DACIA,Duster,1,161728,172,False,True,0.7098,0.0391
DACIA,Duster,2,127431,172,False,True,0.7098,0.0391
DACIA,Duster,3,75795,172,False,True,0.6677,0.0391
DACIA,Duster,4,53098,172,False,True,0.6677,0.0391
HYUNDAI,I30CW,1,170158,3481,True,True,0.7098,0.0391
HYUNDAI,I30CW,2,123681,3481,True,True,0.7098,0.0391
HYUNDAI,I30CW,3,76574,3481,True,True,0.6677,0.0391
HYUNDAI,I30CW,4,51593,3481,True,True,0.6677,0.0391
BMW,5-Serie,1,517921,6692,True,True,0.7098,0.0391
BMW,5-Serie,2,310787,6692,True,True,0.7098,0.0391
BMW,5-Serie,3,192111,6692,True,True,0.7098,0.0391
BMW,5-Serie,4,106615,6692,True,True,0.7098,0.0391
SKODA,SUPERB,1,280881,228,False,True,0.7098,0.0391
SKODA,SUPERB,2,211709,228,False,True,0.7098,0.0391
SKODA,SUPERB,3,124623,228,False,True,0.7098,0.0391
SKODA,SUPERB,4,58422,228,False,True,0.6677,0.0391
SKODA,KAMIQ,1,210138,49,False,True,0.7098,0.0391
SKODA,KAMIQ,2,213776,49,False,True,0.7098,0.0391
SKODA,KAMIQ,3,213776,49,False,True,0.7098,0.0391
SKODA,KAMIQ,4,213776,49,False,True,0.7098,0.0391
VOLVO,XC60,1,416011,5010,True,True,0.7098,0.0391
VOLVO,XC60,2,246351,5010,True,True,0.7098,0.0391
VOLVO,XC60,3,139240,5010,True,True,0.7098,0.0391
VOLVO,XC60,4,68809,5010,True,True,0.6677,0.0391
VOLVO,V40,1,114682,547,False,True,0.7098,0.0391
VOLVO,V40,2,110906,547,False,True,0.7098,0.0391
VOLVO,V40,3,84187,547,False,True,0.6677,0.0391
VOLVO,V40,4,49797,547,False,True,0.6677,0.0391
AUDI,A5 SPORTBACK,1,542965,486,True,True,0.7098,0.0391
AUDI,A5 SPORTBACK,2,255361,486,True,True,0.7098,0.0391
AUDI,A5 SPORTBACK,3,159329,486,True,True,0.7098,0.0391
AUDI,A5 SPORTBACK,4,124802,486,True,True,0.7098,0.0391
MINI,COOPER,1,232387,373,False,True,0.7098,0.0391
MINI,COOPER,2,145175,373,False,True,0.7098,0.0391
MINI,COOPER,3,107764,373,False,True,0.7098,0.0391
MINI,COOPER,4,64757,373,False,True,0.6677,0.0391
CITROËN,DS3,1,144971,1252,True,True,0.7098,0.0391
CITROËN,DS3,2,87817,1252,True,True,0.6677,0.0391
CITROËN,DS3,3,56362,1252,True,True,0.6677,0.0391
CITROËN,DS3,4,37446,1252,True,True,0.6677,0.0391
MERCEDES-BENZ,GLE,1,929268,243,False,True,0.7098,0.0391
MERCEDES-BENZ,GLE,2,595512,243,False,True,0.7098,0.0391
MERCEDES-BENZ,GLE,3,496263,243,False,True,0.7098,0.0391
MERCEDES-BENZ,GLE,4,496263,243,False,True,0.7098,0.0391
FORD,FIESTA,1,117492,828,False,True,0.7098,0.0391
FORD,FIESTA,2,63704,828,False,True,0.6677,0.0391
FORD,FIESTA,3,47891,828,False,True,0.6677,0.0391
FORD,FIESTA,4,33757,828,False,True,0.6677,0.0391
SKODA,CITIGO,1,205389,987,True,True,0.7098,0.0391
SKODA,CITIGO,2,164712,987,True,True,0.7098,0.0391
SKODA,CITIGO,3,89162,987,True,True,0.6677,0.0391
SKODA,CITIGO,4,46625,987,True,True,0.6677,0.0391
SKODA,FABIA,1,93660,112,False,True,0.6677,0.0391
SKODA,FABIA,2,59052,112,False,True,0.6677,0.0391
SKODA,FABIA,3,41030,112,False,True,0.6677,0.0391
SKODA,FABIA,4,29162,112,False,True,0.6677,0.0391
CHEVROLET,SPARK,1,495368,307,True,True,0.7098,0.0391
CHEVROLET,SPARK,2,401192,307,True,True,0.7098,0.0391
CHEVROLET,SPARK,3,193526,307,True,True,0.7098,0.0391
CHEVROLET,SPARK,4,52573,307,True,True,0.6677,0.0391
SEAT,MII,1,40219,41,False,True,0.6677,0.0391
SEAT,MII,2,39766,41,False,True,0.6677,0.0391
SEAT,MII,3,35939,41,False,True,0.6677,0.0391
SEAT,MII,4,31835,41,False,True,0.6677,0.0391
MERCEDES-BENZ,E-Klasse,1,570478,6359,True,True,0.7098,0.0391
MERCEDES-BENZ,E-Klasse,2,379070,6359,True,True,0.7098,0.0391
MERCEDES-BENZ,E-Klasse,3,227217,6359,True,True,0.7098,0.0391
MERCEDES-BENZ,E-Klasse,4,129786,6359,True,True,0.7098,0.0391
TOYOTA,VERSO,1,88960,177,False,True,0.6677,0.0391
TOYOTA,VERSO,2,93590,177,False,True,0.6677,0.0391
TOYOTA,VERSO,3,88849,177,False,True,0.6677,0.0391
TOYOTA,VERSO,4,77872,177,False,True,0.6677,0.0391
BMW,X1,1,290187,317,False,True,0.7098,0.0391
BMW,X1,2,213623,317,False,True,0.7098,0.0391
BMW,X1,3,144432,317,False,True,0.7098,0.0391
BMW,X1,4,80303,317,False,True,0.6677,0.0391
MITSUBISHI,OUTLANDER,1,176668,203,False,True,0.7098,0.0391
MITSUBISHI,OUTLANDER,2,149871,203,False,True,0.7098,0.0391
MITSUBISHI,OUTLANDER,3,93617,203,False,True,0.6677,0.0391
MITSUBISHI,OUTLANDER,4,44709,203,False,True,0.6677,0.0391
FORD,KA,1,54672,81,False,True,0.6677,0.0391
FORD,KA,2,54672,81,False,True,0.6677,0.0391
FORD,KA,3,44455,81,False,True,0.6677,0.0391
FORD,KA,4,29532,81,False,True,0.6677,0.0391
RENAULT,CLIO,1,96334,983,False,True,0.6677,0.0391
RENAULT,CLIO,2,68073,983,False,True,0.6677,0.0391
RENAULT,CLIO,3,47987,983,False,True,0.6677,0.0391
RENAULT,CLIO,4,31801,983,False,True,0.6677,0.0391
MERCEDES-BENZ,A-Klasse,1,564645,6359,True,True,0.7098,0.0391
MERCEDES-BENZ,A-Klasse,2,373237,6359,True,True,0.7098,0.0391
MERCEDES-BENZ,A-Klasse,3,221384,6359,True,True,0.7098,0.0391
MERCEDES-BENZ,A-Klasse,4,123953,6359,True,True,0.7098,0.0391
MITSUBISHI,SPACE STAR,1,110813,86,False,True,0.7098,0.0391
MITSUBISHI,SPACE STAR,2,73601,86,False,True,0.6677,0.0391
MITSUBISHI,SPACE STAR,3,44149,86,False,True,0.6677,0.0391
MITSUBISHI,SPACE STAR,4,25810,86,False,True,0.6677,0.0391
TOYOTA,AYGO 3/5-DØRS,1,79931,95,False,True,0.6677,0.0391
TOYOTA,AYGO 3/5-DØRS,2,63391,95,False,True,0.6677,0.0391
TOYOTA,AYGO 3/5-DØRS,3,46112,95,False,True,0.6677,0.0391
TOYOTA,AYGO 3/5-DØRS,4,36366,95,False,True,0.6677,0.0391
PEUGEOT,207,1,28301,451,False,True,0.6677,0.0391
PEUGEOT,207,2,28301,451,False,True,0.6677,0.0391
PEUGEOT,207,3,28301,451,False,True,0.6677,0.0391
PEUGEOT,207,4,27557,451,False,True,0.6677,0.0391
OPEL,Crossland X,1,163676,211,False,True,0.7098,0.0391
OPEL,Crossland X,2,120478,211,False,True,0.7098,0.0391
OPEL,Crossland X,3,95901,211,False,True,0.6677,0.0391
OPEL,Crossland X,4,95901,211,False,True,0.6677,0.0391
MAZDA,CX-3,1,168081,28,False,True,0.7098,0.0391
MAZDA,CX-3,2,166788,28,False,True,0.7098,0.0391
MAZDA,CX-3,3,165807,28,False,True,0.7098,0.0391
MAZDA,CX-3,4,165807,28,False,True,0.7098,0.0391
TOYOTA,AYGO 5-DØRS,1,80226,95,False,True,0.6677,0.0391
TOYOTA,AYGO 5-DØRS,2,63685,95,False,True,0.6677,0.0391
TOYOTA,AYGO 5-DØRS,3,46406,95,False,True,0.6677,0.0391
TOYOTA,AYGO 5-DØRS,4,36660,95,False,True,0.6677,0.0391
TOYOTA,RAV4 Plug in,1,342545,292,False,True,0.7098,0.0391
TOYOTA,RAV4 Plug in,2,231933,292,False,True,0.7098,0.0391
TOYOTA,RAV4 Plug in,3,141589,292,False,True,0.7098,0.0391
TOYOTA,RAV4 Plug in,4,64692,292,False,True,0.6677,0.0391
MAZDA,2,1,111513,35,False,True,0.7098,0.0391
MAZDA,2,2,117913,35,False,True,0.7098,0.0391
MAZDA,2,3,83976,35,False,True,0.6677,0.0391
MAZDA,2,4,53079,35,False,True,0.6677,0.0391
SKODA,RAPID,1,209143,987,True,True,0.7098,0.0391
SKODA,RAPID,2,168466,987,True,True,0.7098,0.0391
SKODA,RAPID,3,92693,987,True,True,0.6677,0.0391
SKODA,RAPID,4,50156,987,True,True,0.6677,0.0391
OPEL,CORSA,1,122925,1438,False,True,0.7098,0.0391
OPEL,CORSA,2,73920,1438,False,True,0.6677,0.0391
OPEL,CORSA,3,50221,1438,False,True,0.6677,0.0391
OPEL,CORSA,4,35075,1438,False,True,0.6677,0.0391
OPEL,ASTRA,1,138727,3215,False,True,0.7098,0.0391
OPEL,ASTRA,2,89993,3215,False,True,0.6677,0.0391
OPEL,ASTRA,3,62329,3215,False,True,0.6677,0.0391
OPEL,ASTRA,4,42785,3215,False,True,0.6677,0.0391
RENAULT,TWINGO,1,59977,94,False,True,0.6677,0.0391
RENAULT,TWINGO,2,47937,94,False,True,0.6677,0.0391
RENAULT,TWINGO,3,33329,94,False,True,0.6677,0.0391
RENAULT,TWINGO,4,21639,94,False,True,0.6677,0.0391
CITROËN,GRAND C4 PICASSO,1,146432,1252,True,True,0.7098,0.0391
CITROËN,GRAND C4 PICASSO,2,89191,1252,True,True,0.6677,0.0391
CITROËN,GRAND C4 PICASSO,3,57736,1252,True,True,0.6677,0.0391
CITROËN,GRAND C4 PICASSO,4,38820,1252,True,True,0.6677,0.0391
TOYOTA,COROLLA,1,195289,985,False,True,0.7098,0.0391
TOYOTA,COROLLA,2,157062,985,False,True,0.7098,0.0391
TOYOTA,COROLLA,3,84179,985,False,True,0.6677,0.0391
TOYOTA,COROLLA,4,42280,985,False,True,0.6677,0.0391
TOYOTA,AVENSIS,1,142895,545,False,True,0.7098,0.0391
TOYOTA,AVENSIS,2,139964,545,False,True,0.7098,0.0391
TOYOTA,AVENSIS,3,106794,545,False,True,0.7098,0.0391
TOYOTA,AVENSIS,4,70347,545,False,True,0.6677,0.0391
TOYOTA,YARIS 5-DØRS,1,132515,378,False,True,0.7098,0.0391
TOYOTA,YARIS 5-DØRS,2,97252,378,False,True,0.6677,0.0391
TOYOTA,YARIS 5-DØRS,3,64074,378,False,True,0.6677,0.0391
TOYOTA,YARIS 5-DØRS,4,43935,378,False,True,0.6677,0.0391
DACIA,Logan MCV,1,39310,20,False,True,0.6677,0.0391
DACIA,Logan MCV,2,39310,20,False,True,0.6677,0.0391
DACIA,Logan MCV,3,37769,20,False,True,0.6677,0.0391
DACIA,Logan MCV,4,29958,20,False,True,0.6677,0.0391
PEUGEOT,5008,1,250351,321,False,True,0.7098,0.0391
PEUGEOT,5008,2,189505,321,False,True,0.7098,0.0391
PEUGEOT,5008,3,96090,321,False,True,0.6677,0.0391
PEUGEOT,5008,4,44249,321,False,True,0.6677,0.0391
AUDI,Q3,1,539215,486,True,True,0.7098,0.0391
AUDI,Q3,2,251611,486,True,True,0.7098,0.0391
AUDI,Q3,3,155579,486,True,True,0.7098,0.0391
AUDI,Q3,4,121053,486,True,True,0.7098,0.0391
TOYOTA,AVENSIS STW,1,158901,178,False,True,0.7098,0.0391
TOYOTA,AVENSIS STW,2,151435,178,False,True,0.7098,0.0391
TOYOTA,AVENSIS STW,3,112660,178,False,True,0.7098,0.0391
TOYOTA,AVENSIS STW,4,73364,178,False,True,0.6677,0.0391
NISSAN,JUKE,1,192774,302,False,True,0.7098,0.0391
NISSAN,JUKE,2,121911,302,False,True,0.7098,0.0391
NISSAN,JUKE,3,80333,302,False,True,0.6677,0.0391
NISSAN,JUKE,4,64996,302,False,True,0.6677,0.0391
MERCEDES-BENZ,CLA,1,412938,357,False,True,0.7098,0.0391
MERCEDES-BENZ,CLA,2,254854,357,False,True,0.7098,0.0391
MERCEDES-BENZ,CLA,3,188378,357,False,True,0.7098,0.0391
MERCEDES-BENZ,CLA,4,173463,357,False,True,0.7098,0.0391
CITROËN,C4 PICASSO,1,173340,77,False,True,0.7098,0.0391
CITROËN,C4 PICASSO,2,108514,77,False,True,0.7098,0.0391
CITROËN,C4 PICASSO,3,59830,77,False,True,0.6677,0.0391
CITROËN,C4 PICASSO,4,36013,77,False,True,0.6677,0.0391
VOLVO,XC90,1,428841,5010,True,True,0.7098,0.0391
VOLVO,XC90,2,259181,5010,True,True,0.7098,0.0391
VOLVO,XC90,3,152070,5010,True,True,0.7098,0.0391
VOLVO,XC90,4,80878,5010,True,True,0.6677,0.0391
AUDI,A3 CABRIOLET,1,138181,26,False,True,0.7098,0.0391
AUDI,A3 CABRIOLET,2,138181,26,False,True,0.7098,0.0391
AUDI,A3 CABRIOLET,3,112462,26,False,True,0.7098,0.0391
AUDI,A3 CABRIOLET,4,62559,26,False,True,0.6677,0.0391
CITROËN,C1,1,145388,1252,True,True,0.7098,0.0391
CITROËN,C1,2,88210,1252,True,True,0.6677,0.0391
CITROËN,C1,3,56754,1252,True,True,0.6677,0.0391
CITROËN,C1,4,37838,1252,True,True,0.6677,0.0391
OPEL,KARL,1,37131,24,False,True,0.6677,0.0391
OPEL,KARL,2,38864,24,False,True,0.6677,0.0391
OPEL,KARL,3,41757,24,False,True,0.6677,0.0391
OPEL,KARL,4,41757,24,False,True,0.6677,0.0391
VOLKSWAGEN,T-Roc,1,261529,337,False,True,0.7098,0.0391
VOLKSWAGEN,T-Roc,2,212953,337,False,True,0.7098,0.0391
VOLKSWAGEN,T-Roc,3,193596,337,False,True,0.7098,0.0391
VOLKSWAGEN,T-Roc,4,193596,337,False,True,0.7098,0.0391
VOLKSWAGEN,PASSAT VARIANT,1,255074,664,False,True,0.7098,0.0391
VOLKSWAGEN,PASSAT VARIANT,2,155213,664,False,True,0.7098,0.0391
VOLKSWAGEN,PASSAT VARIANT,3,107084,664,False,True,0.7098,0.0391
VOLKSWAGEN,PASSAT VARIANT,4,57049,664,False,True,0.6677,0.0391
RENAULT,GRAND SCENIC,1,134454,163,False,True,0.7098,0.0391
RENAULT,GRAND SCENIC,2,125548,163,False,True,0.7098,0.0391
RENAULT,GRAND SCENIC,3,71368,163,False,True,0.6677,0.0391
RENAULT,GRAND SCENIC,4,42825,163,False,True,0.6677,0.0391
DACIA,SANDERO,1,155491,116,False,True,0.7098,0.0391
DACIA,SANDERO,2,70033,116,False,True,0.6677,0.0391
DACIA,SANDERO,3,43349,116,False,True,0.6677,0.0391
DACIA,SANDERO,4,29315,116,False,True,0.6677,0.0391
TOYOTA,Aygo X,1,107916,122,False,True,0.7098,0.0391
TOYOTA,Aygo X,2,66489,122,False,True,0.6677,0.0391
TOYOTA,Aygo X,3,48208,122,False,True,0.6677,0.0391
TOYOTA,Aygo X,4,38327,122,False,True,0.6677,0.0391
KIA,SPORTAGE,1,208823,781,False,True,0.7098,0.0391
KIA,SPORTAGE,2,164611,781,False,True,0.7098,0.0391
KIA,SPORTAGE,3,122351,781,False,True,0.7098,0.0391
KIA,SPORTAGE,4,75556,781,False,True,0.6677,0.0391
BMW,X5,1,933169,686,False,True,0.7098,0.0391
BMW,X5,2,504269,686,False,True,0.7098,0.0391
BMW,X5,3,239829,686,False,True,0.7098,0.0391
BMW,X5,4,126873,686,False,True,0.7098,0.0391
OPEL,Mokka,1,179954,580,False,True,0.7098,0.0391
OPEL,Mokka,2,126302,580,False,True,0.7098,0.0391
OPEL,Mokka,3,107436,580,False,True,0.7098,0.0391
OPEL,Mokka,4,86043,580,False,True,0.6677,0.0391
TOYOTA,AYGO,1,74294,288,False,True,0.6677,0.0391
TOYOTA,AYGO,2,61449,288,False,True,0.6677,0.0391
TOYOTA,AYGO,3,42932,288,False,True,0.6677,0.0391
TOYOTA,AYGO,4,26420,288,False,True,0.6677,0.0391
TOYOTA,YARIS,1,129027,975,False,True,0.7098,0.0391
TOYOTA,YARIS,2,88413,975,False,True,0.6677,0.0391
TOYOTA,YARIS,3,57648,975,False,True,0.6677,0.0391
TOYOTA,YARIS,4,38013,975,False,True,0.6677,0.0391
NISSAN,QASHQAI,1,231951,994,False,True,0.7098,0.0391
NISSAN,QASHQAI,2,161486,994,False,True,0.7098,0.0391
NISSAN,QASHQAI,3,111962,994,False,True,0.7098,0.0391
NISSAN,QASHQAI,4,65392,994,False,True,0.6677,0.0391
CITROËN,C4 Cactus,1,133070,41,False,True,0.7098,0.0391
CITROËN,C4 Cactus,2,61547,41,False,True,0.6677,0.0391
CITROËN,C4 Cactus,3,53680,41,False,True,0.6677,0.0391
CITROËN,C4 Cactus,4,36807,41,False,True,0.6677,0.0391
SEAT,IBIZA,1,93188,490,False,True,0.6677,0.0391
SEAT,IBIZA,2,64845,490,False,True,0.6677,0.0391
SEAT,IBIZA,3,47182,490,False,True,0.6677,0.0391
SEAT,IBIZA,4,34151,490,False,True,0.6677,0.0391
FORD,FIESTA 5 DØRS,1,120249,244,False,True,0.7098,0.0391
FORD,FIESTA 5 DØRS,2,71077,244,False,True,0.6677,0.0391
FORD,FIESTA 5 DØRS,3,55409,244,False,True,0.6677,0.0391
FORD,FIESTA 5 DØRS,4,41171,244,False,True,0.6677,0.0391
HONDA,JAZZ,1,106681,177,False,True,0.7098,0.0391
HONDA,JAZZ,2,107142,177,False,True,0.7098,0.0391
HONDA,JAZZ,3,74689,177,False,True,0.6677,0.0391
HONDA,JAZZ,4,42121,177,False,True,0.6677,0.0391
CHEVROLET,AVEO,1,27807,19,False,True,0.6677,0.0391
CHEVROLET,AVEO,2,27807,19,False,True,0.6677,0.0391
CHEVROLET,AVEO,3,27807,19,False,True,0.6677,0.0391
CHEVROLET,AVEO,4,26841,19,False,True,0.6677,0.0391
SKODA,SUPERB COMBI,1,265889,76,False,True,0.7098,0.0391
SKODA,SUPERB COMBI,2,186006,76,False,True,0.7098,0.0391
SKODA,SUPERB COMBI,3,117461,76,False,True,0.7098,0.0391
SKODA,SUPERB COMBI,4,60102,76,False,True,0.6677,0.0391
MITSUBISHI,COLT,1,31666,72,False,True,0.6677,0.0391
MITSUBISHI,COLT,2,31666,72,False,True,0.6677,0.0391
MITSUBISHI,COLT,3,31666,72,False,True,0.6677,0.0391
MITSUBISHI,COLT,4,31176,72,False,True,0.6677,0.0391
FORD,FOCUS STATIONSVOGN,1,157249,515,False,True,0.7098,0.0391
FORD,FOCUS STATIONSVOGN,2,86357,515,False,True,0.6677,0.0391
FORD,FOCUS STATIONSVOGN,3,58863,515,False,True,0.6677,0.0391
FORD,FOCUS STATIONSVOGN,4,39594,515,False,True,0.6677,0.0391
HYUNDAI,IX20,1,77709,131,False,True,0.6677,0.0391
HYUNDAI,IX20,2,77173,131,False,True,0.6677,0.0391
HYUNDAI,IX20,3,68550,131,False,True,0.6677,0.0391
HYUNDAI,IX20,4,57164,131,False,True,0.6677,0.0391
AUDI,A3 Limousine,1,134014,24,False,True,0.7098,0.0391
AUDI,A3 Limousine,2,134014,24,False,True,0.7098,0.0391
AUDI,A3 Limousine,3,108356,24,False,True,0.7098,0.0391
AUDI,A3 Limousine,4,58728,24,False,True,0.6677,0.0391
VOLVO,V90,1,560398,216,False,True,0.7098,0.0391
VOLVO,V90,2,351956,216,False,True,0.7098,0.0391
VOLVO,V90,3,298276,216,False,True,0.7098,0.0391
VOLVO,V90,4,298276,216,False,True,0.7098,0.0391
HYUNDAI,I40,1,93617,267,False,True,0.6677,0.0391
HYUNDAI,I40,2,93968,267,False,True,0.6677,0.0391
HYUNDAI,I40,3,80920,267,False,True,0.6677,0.0391
HYUNDAI,I40,4,61203,267,False,True,0.6677,0.0391
FORD,KUGA,1,201796,613,False,True,0.7098,0.0391
FORD,KUGA,2,136213,613,False,True,0.7098,0.0391
FORD,KUGA,3,85911,613,False,True,0.6677,0.0391
FORD,KUGA,4,48377,613,False,True,0.6677,0.0391
FIAT,500,1,166421,136,False,True,0.7098,0.0391
FIAT,500,2,96537,136,False,True,0.6677,0.0391
FIAT,500,3,66663,136,False,True,0.6677,0.0391
FIAT,500,4,48255,136,False,True,0.6677,0.0391
NISSAN,NOTE,1,48127,179,False,True,0.6677,0.0391
NISSAN,NOTE,2,48127,179,False,True,0.6677,0.0391
NISSAN,NOTE,3,44759,179,False,True,0.6677,0.0391
NISSAN,NOTE,4,36079,179,False,True,0.6677,0.0391
RENAULT,Kadjar,1,172520,236,False,True,0.7098,0.0391
RENAULT,Kadjar,2,126631,236,False,True,0.7098,0.0391
RENAULT,Kadjar,3,120102,236,False,True,0.7098,0.0391
RENAULT,Kadjar,4,120102,236,False,True,0.7098,0.0391
HYUNDAI,KONA,1,196522,132,False,True,0.7098,0.0391
HYUNDAI,KONA,2,157224,132,False,True,0.7098,0.0391
HYUNDAI,KONA,3,135488,132,False,True,0.7098,0.0391
HYUNDAI,KONA,4,135488,132,False,True,0.7098,0.0391
OPEL,Grandland X,1,237058,255,False,True,0.7098,0.0391
OPEL,Grandland X,2,172344,255,False,True,0.7098,0.0391
OPEL,Grandland X,3,151411,255,False,True,0.7098,0.0391
OPEL,Grandland X,4,151411,255,False,True,0.7098,0.0391
AUDI,Q2,1,535882,486,True,True,0.7098,0.0391
AUDI,Q2,2,248278,486,True,True,0.7098,0.0391
AUDI,Q2,3,152246,486,True,True,0.7098,0.0391
AUDI,Q2,4,117720,486,True,True,0.7098,0.0391
MERCEDES-BENZ,GLC,1,560387,375,False,True,0.7098,0.0391
MERCEDES-BENZ,GLC,2,416511,375,False,True,0.7098,0.0391
MERCEDES-BENZ,GLC,3,381121,375,False,True,0.7098,0.0391
MERCEDES-BENZ,GLC,4,381121,375,False,True,0.7098,0.0391
FORD,GALAXY,1,170915,107,False,True,0.7098,0.0391
FORD,GALAXY,2,161117,107,False,True,0.7098,0.0391
FORD,GALAXY,3,113951,107,False,True,0.7098,0.0391
FORD,GALAXY,4,63932,107,False,True,0.6677,0.0391
