dmr_make,dmr_model,age_band,estimated_value_dkk,n_listings,pooled_at_brand,calibrated
HYUNDAI,I10,1,105420,107,False,False
HYUNDAI,I10,2,78065,107,False,False
HYUNDAI,I10,3,65581,107,False,False
HYUNDAI,I10,4,44890,107,False,False
HYUNDAI,I20,1,175647,387,False,False
HYUNDAI,I20,2,120628,387,False,False
HYUNDAI,I20,3,78833,387,False,False
HYUNDAI,I20,4,52911,387,False,False
SKODA,OCTAVIA,1,335867,478,False,False
SKODA,OCTAVIA,2,205297,478,False,False
SKODA,OCTAVIA,3,129834,478,False,False
SKODA,OCTAVIA,4,84106,478,False,False
PEUGEOT,2008,1,213436,458,False,False
PEUGEOT,2008,2,126042,458,False,False
PEUGEOT,2008,3,99016,458,False,False
PEUGEOT,2008,4,84837,458,False,False
TOYOTA,Toyota C-HR,1,294360,5761,True,False
TOYOTA,Toyota C-HR,2,200665,5761,True,False
TOYOTA,Toyota C-HR,3,120001,5761,True,False
TOYOTA,Toyota C-HR,4,76039,5761,True,False
FIAT,500C,1,223693,575,True,False
FIAT,500C,2,149982,575,True,False
FIAT,500C,3,112962,575,True,False
FIAT,500C,4,78121,575,True,False
MAZDA,MAZDA3,1,332754,559,True,False
MAZDA,MAZDA3,2,259927,559,True,False
MAZDA,MAZDA3,3,189885,559,True,False
MAZDA,MAZDA3,4,115791,559,True,False
VOLVO,XC40,1,412848,226,False,False
VOLVO,XC40,2,374387,226,False,False
VOLVO,XC40,3,363798,226,False,False
VOLVO,XC40,4,363798,226,False,False
MERCEDES-BENZ,B-Klasse,1,364984,186,False,False
MERCEDES-BENZ,B-Klasse,2,212653,186,False,False
MERCEDES-BENZ,B-Klasse,3,160084,186,False,False
MERCEDES-BENZ,B-Klasse,4,94246,186,False,False
CITROËN,C3 Aircross,1,209592,160,False,False
CITROËN,C3 Aircross,2,134186,160,False,False
CITROËN,C3 Aircross,3,85952,160,False,False
CITROËN,C3 Aircross,4,61325,160,False,False
OPEL,MERIVA,1,105089,624,False,False
OPEL,MERIVA,2,103195,624,False,False
OPEL,MERIVA,3,90196,624,False,False
OPEL,MERIVA,4,69287,624,False,False
MERCEDES-BENZ,C,1,654341,938,False,False
MERCEDES-BENZ,C,2,391311,938,False,False
MERCEDES-BENZ,C,3,236574,938,False,False
MERCEDES-BENZ,C,4,115841,938,False,False
SKODA,RAPID SPACEBACK,1,296339,987,True,False
SKODA,RAPID SPACEBACK,2,238942,987,True,False
SKODA,RAPID SPACEBACK,3,140269,987,True,False
SKODA,RAPID SPACEBACK,4,76396,987,True,False
KIA,Optima,1,152560,78,False,False
KIA,Optima,2,157286,78,False,False
KIA,Optima,3,132463,78,False,False
KIA,Optima,4,78062,78,False,False
AUDI,A1 SPORTBACK,1,749967,486,True,False
AUDI,A1 SPORTBACK,2,343922,486,True,False
AUDI,A1 SPORTBACK,3,208416,486,True,False
AUDI,A1 SPORTBACK,4,159698,486,True,False
BMW,4-serie,1,588362,323,False,False
BMW,4-serie,2,341853,323,False,False
BMW,4-serie,3,296570,323,False,False
BMW,4-serie,4,243721,323,False,False
NISSAN,Qashqai J11A,1,310100,326,False,False
NISSAN,Qashqai J11A,2,203203,326,False,False
NISSAN,Qashqai J11A,3,147756,326,False,False
NISSAN,Qashqai J11A,4,91916,326,False,False
RENAULT,MEGANE SPORT TOURER,1,191532,400,False,False
RENAULT,MEGANE SPORT TOURER,2,135272,400,False,False
RENAULT,MEGANE SPORT TOURER,3,85233,400,False,False
RENAULT,MEGANE SPORT TOURER,4,49905,400,False,False
VOLKSWAGEN,GOLF,1,254873,2855,False,False
VOLKSWAGEN,GOLF,2,171808,2855,False,False
VOLKSWAGEN,GOLF,3,116658,2855,False,False
VOLKSWAGEN,GOLF,4,74696,2855,False,False
RENAULT,Ny Clio,1,216517,4872,True,False
RENAULT,Ny Clio,2,144098,4872,True,False
RENAULT,Ny Clio,3,87868,4872,True,False
RENAULT,Ny Clio,4,54838,4872,True,False
VOLKSWAGEN,TOURAN,1,365370,538,False,False
VOLKSWAGEN,TOURAN,2,236920,538,False,False
VOLKSWAGEN,TOURAN,3,156211,538,False,False
VOLKSWAGEN,TOURAN,4,89572,538,False,False
PEUGEOT,107,1,37974,77,False,False
PEUGEOT,107,2,37974,77,False,False
PEUGEOT,107,3,37974,77,False,False
PEUGEOT,107,4,34592,77,False,False
PEUGEOT,3008,1,352089,696,False,False
PEUGEOT,3008,2,246123,696,False,False
PEUGEOT,3008,3,138181,696,False,False
PEUGEOT,3008,4,66567,696,False,False
SKODA,FABIA COMBI,1,141102,25,False,False
SKODA,FABIA COMBI,2,98338,25,False,False
SKODA,FABIA COMBI,3,75602,25,False,False
SKODA,FABIA COMBI,4,56715,25,False,False
MAZDA,MAZDA2,1,328058,559,True,False
MAZDA,MAZDA2,2,255231,559,True,False
MAZDA,MAZDA2,3,185189,559,True,False
MAZDA,MAZDA2,4,111095,559,True,False
FORD,MONDEO,1,224235,836,False,False
FORD,MONDEO,2,175732,836,False,False
FORD,MONDEO,3,122188,836,False,False
FORD,MONDEO,4,76624,836,False,False
MAZDA,MAZDA6,1,345550,559,True,False
MAZDA,MAZDA6,2,272723,559,True,False
MAZDA,MAZDA6,3,202681,559,True,False
MAZDA,MAZDA6,4,128587,559,True,False
MAZDA,3,1,304437,91,False,False
MAZDA,3,2,212521,91,False,False
MAZDA,3,3,109485,91,False,False
MAZDA,3,4,62229,91,False,False
SEAT,TOLEDO,1,95500,74,False,False
SEAT,TOLEDO,2,94831,74,False,False
SEAT,TOLEDO,3,84540,74,False,False
SEAT,TOLEDO,4,65820,74,False,False
FORD,MONDEO STATIONCAR,1,197240,207,False,False
FORD,MONDEO STATIONCAR,2,185981,207,False,False
FORD,MONDEO STATIONCAR,3,125542,207,False,False
FORD,MONDEO STATIONCAR,4,79496,207,False,False
HONDA,CR-V,1,458570,459,False,False
HONDA,CR-V,2,319314,459,False,False
HONDA,CR-V,3,222924,459,False,False
HONDA,CR-V,4,146365,459,False,False
KIA,Stonic,1,212290,117,False,False
KIA,Stonic,2,184986,117,False,False
KIA,Stonic,3,168495,117,False,False
KIA,Stonic,4,168495,117,False,False
FIAT,500 C,1,235337,73,False,False
FIAT,500 C,2,138795,73,False,False
FIAT,500 C,3,113767,73,False,False
FIAT,500 C,4,87884,73,False,False
MERCEDES-BENZ,GLA,1,489359,194,False,False
MERCEDES-BENZ,GLA,2,337197,194,False,False
MERCEDES-BENZ,GLA,3,286979,194,False,False
MERCEDES-BENZ,GLA,4,236204,194,False,False
BMW,2-Serie,1,515434,261,False,False
BMW,2-Serie,2,289414,261,False,False
BMW,2-Serie,3,206393,261,False,False
BMW,2-Serie,4,209361,261,False,False
FIAT,Punto S7,1,218108,575,True,False
FIAT,Punto S7,2,144397,575,True,False
FIAT,Punto S7,3,107377,575,True,False
FIAT,Punto S7,4,72536,575,True,False
VOLKSWAGEN,CALIFORNIA,1,1324032,71,False,False
VOLKSWAGEN,CALIFORNIA,2,1002946,71,False,False
VOLKSWAGEN,CALIFORNIA,3,807807,71,False,False
VOLKSWAGEN,CALIFORNIA,4,807807,71,False,False
VOLKSWAGEN,POLO,1,193574,852,False,False
VOLKSWAGEN,POLO,2,118192,852,False,False
VOLKSWAGEN,POLO,3,80733,852,False,False
VOLKSWAGEN,POLO,4,53251,852,False,False
FORD,FOCUS,1,219207,1674,False,False
FORD,FOCUS,2,131211,1674,False,False
FORD,FOCUS,3,86951,1674,False,False
FORD,FOCUS,4,58076,1674,False,False
RENAULT,MEGANE,1,202149,1147,False,False
RENAULT,MEGANE,2,137312,1147,False,False
RENAULT,MEGANE,3,82625,1147,False,False
RENAULT,MEGANE,4,51562,1147,False,False
VOLKSWAGEN,GOLF VARIANT,1,238712,800,False,False
VOLKSWAGEN,GOLF VARIANT,2,167000,800,False,False
VOLKSWAGEN,GOLF VARIANT,3,118896,800,False,False
VOLKSWAGEN,GOLF VARIANT,4,76149,800,False,False
CITROËN,BERLINGO,1,301512,91,False,False
CITROËN,BERLINGO,2,157372,91,False,False
CITROËN,BERLINGO,3,90404,91,False,False
CITROËN,BERLINGO,4,63765,91,False,False
FORD,NY Focus,1,250239,5921,True,False
FORD,NY Focus,2,156781,5921,True,False
FORD,NY Focus,3,98409,5921,True,False
FORD,NY Focus,4,64506,5921,True,False
MITSUBISHI,ASX,1,341148,122,False,False
MITSUBISHI,ASX,2,216451,122,False,False
MITSUBISHI,ASX,3,141113,122,False,False
MITSUBISHI,ASX,4,101820,122,False,False
TOYOTA,Yaris Cross,1,198266,409,False,False
TOYOTA,Yaris Cross,2,144712,409,False,False
TOYOTA,Yaris Cross,3,89047,409,False,False
TOYOTA,Yaris Cross,4,58840,409,False,False
VOLVO,V50,1,57554,323,False,False
VOLVO,V50,2,57554,323,False,False
VOLVO,V50,3,57554,323,False,False
VOLVO,V50,4,54711,323,False,False
VOLKSWAGEN,UP!,1,143601,172,False,False
VOLKSWAGEN,UP!,2,81486,172,False,False
VOLKSWAGEN,UP!,3,64366,172,False,False
VOLKSWAGEN,UP!,4,55475,172,False,False
VOLVO,V60,1,398011,439,False,False
VOLVO,V60,2,231081,439,False,False
VOLVO,V60,3,144600,439,False,False
VOLVO,V60,4,95245,439,False,False
TOYOTA,RAV4,1,500313,511,False,False
TOYOTA,RAV4,2,348257,511,False,False
TOYOTA,RAV4,3,233429,511,False,False
TOYOTA,RAV4,4,139151,511,False,False
BMW,1-Serie,1,343484,291,False,False
BMW,1-Serie,2,246400,291,False,False
BMW,1-Serie,3,169716,291,False,False
BMW,1-Serie,4,91599,291,False,False
HYUNDAI,Tucson,1,370666,596,False,False
HYUNDAI,Tucson,2,270236,596,False,False
HYUNDAI,Tucson,3,174499,596,False,False
HYUNDAI,Tucson,4,98476,596,False,False
CITROËN,C5 Aircross,1,277450,62,False,False
CITROËN,C5 Aircross,2,171366,62,False,False
CITROËN,C5 Aircross,3,88041,62,False,False
CITROËN,C5 Aircross,4,38149,62,False,False
KIA,CEE'D SW,1,225123,203,False,False
KIA,CEE'D SW,2,148347,203,False,False
KIA,CEE'D SW,3,102538,203,False,False
KIA,CEE'D SW,4,86631,203,False,False
RENAULT,SCENIC,1,187679,485,False,False
RENAULT,SCENIC,2,145861,485,False,False
RENAULT,SCENIC,3,95771,485,False,False
RENAULT,SCENIC,4,55210,485,False,False
FORD,B-MAX,1,85742,107,False,False
FORD,B-MAX,2,83039,107,False,False
FORD,B-MAX,3,76089,107,False,False
FORD,B-MAX,4,71723,107,False,False
OPEL,ASTRA SPORTS TOURER,1,228991,1018,False,False
OPEL,ASTRA SPORTS TOURER,2,143981,1018,False,False
OPEL,ASTRA SPORTS TOURER,3,93743,1018,False,False
OPEL,ASTRA SPORTS TOURER,4,63982,1018,False,False
MERCEDES-BENZ,GLB,1,739256,52,False,False
MERCEDES-BENZ,GLB,2,710656,52,False,False
MERCEDES-BENZ,GLB,3,710656,52,False,False
MERCEDES-BENZ,GLB,4,710656,52,False,False
BMW,3-Serie,1,556724,1088,False,False
BMW,3-Serie,2,311973,1088,False,False
BMW,3-Serie,3,193149,1088,False,False
BMW,3-Serie,4,114163,1088,False,False
VOLKSWAGEN,TIGUAN,1,428474,958,False,False
VOLKSWAGEN,TIGUAN,2,323073,958,False,False
VOLKSWAGEN,TIGUAN,3,228226,958,False,False
VOLKSWAGEN,TIGUAN,4,131235,958,False,False
VOLKSWAGEN,Golf Sportsvan,1,246329,827,False,False
VOLKSWAGEN,Golf Sportsvan,2,171412,827,False,False
VOLKSWAGEN,Golf Sportsvan,3,122672,827,False,False
VOLKSWAGEN,Golf Sportsvan,4,80645,827,False,False
HONDA,CIVIC,1,290881,802,False,False
HONDA,CIVIC,2,222010,802,False,False
HONDA,CIVIC,3,150873,802,False,False
HONDA,CIVIC,4,85492,802,False,False
VOLKSWAGEN,CADDY,1,336501,378,False,False
VOLKSWAGEN,CADDY,2,199417,378,False,False
VOLKSWAGEN,CADDY,3,136290,378,False,False
VOLKSWAGEN,CADDY,4,91466,378,False,False
HYUNDAI,i30 Stc.,1,213479,360,False,False
HYUNDAI,i30 Stc.,2,161192,360,False,False
HYUNDAI,i30 Stc.,3,99293,360,False,False
HYUNDAI,i30 Stc.,4,63603,360,False,False
HYUNDAI,Ioniq,1,214580,3481,True,False
HYUNDAI,Ioniq,2,148999,3481,True,False
HYUNDAI,Ioniq,3,89340,3481,True,False
HYUNDAI,Ioniq,4,55727,3481,True,False
KIA,RIO,1,140296,218,False,False
KIA,RIO,2,109886,218,False,False
KIA,RIO,3,85139,218,False,False
KIA,RIO,4,65066,218,False,False
RENAULT,Captur,1,249845,340,False,False
RENAULT,Captur,2,173019,340,False,False
RENAULT,Captur,3,119481,340,False,False
RENAULT,Captur,4,95939,340,False,False
PEUGEOT,108,1,77565,38,False,False
PEUGEOT,108,2,69525,38,False,False
PEUGEOT,108,3,63742,38,False,False
PEUGEOT,108,4,63742,38,False,False
KIA,CEED,1,223578,633,False,False
KIA,CEED,2,151084,633,False,False
KIA,CEED,3,97473,633,False,False
KIA,CEED,4,75693,633,False,False
SKODA,OCTAVIA COMBI,1,336393,152,False,False
SKODA,OCTAVIA COMBI,2,204081,152,False,False
SKODA,OCTAVIA COMBI,3,128853,152,False,False
SKODA,OCTAVIA COMBI,4,82217,152,False,False
CITROËN,C4,1,194159,190,False,False
CITROËN,C4,2,114144,190,False,False
CITROËN,C4,3,89253,190,False,False
CITROËN,C4,4,62678,190,False,False
OPEL,INSIGNIA,1,241468,1715,False,False
OPEL,INSIGNIA,2,194302,1715,False,False
OPEL,INSIGNIA,3,130297,1715,False,False
OPEL,INSIGNIA,4,84342,1715,False,False
SEAT,Arona,1,252318,149,False,False
SEAT,Arona,2,213028,149,False,False
SEAT,Arona,3,196583,149,False,False
SEAT,Arona,4,196583,149,False,False
AUDI,Q5,1,734814,32,False,False
AUDI,Q5,2,578661,32,False,False
AUDI,Q5,3,299155,32,False,False
AUDI,Q5,4,170540,32,False,False
FORD,Focus,1,219207,1674,False,False
FORD,Focus,2,131211,1674,False,False
FORD,Focus,3,86951,1674,False,False
FORD,Focus,4,58076,1674,False,False
SKODA,SCALA,1,245576,44,False,False
SKODA,SCALA,2,221024,44,False,False
SKODA,SCALA,3,221024,44,False,False
SKODA,SCALA,4,221024,44,False,False
PEUGEOT,508,1,301363,661,False,False
PEUGEOT,508,2,155802,661,False,False
PEUGEOT,508,3,105016,661,False,False
PEUGEOT,508,4,72106,661,False,False
MAZDA,Mazda CX-30,1,341559,559,True,False
MAZDA,Mazda CX-30,2,268732,559,True,False
MAZDA,Mazda CX-30,3,198690,559,True,False
MAZDA,Mazda CX-30,4,124596,559,True,False
AUDI,A3,1,172180,58,False,False
AUDI,A3,2,174884,58,False,False
AUDI,A3,3,146150,58,False,False
AUDI,A3,4,86862,58,False,False
BMW,X3,1,718968,574,False,False
BMW,X3,2,470148,574,False,False
BMW,X3,3,284586,574,False,False
BMW,X3,4,148759,574,False,False
NISSAN,X-TRAIL,1,375659,157,False,False
NISSAN,X-TRAIL,2,224375,157,False,False
NISSAN,X-TRAIL,3,194492,157,False,False
NISSAN,X-TRAIL,4,140007,157,False,False
OPEL,ZAFIRA,1,323086,638,False,False
OPEL,ZAFIRA,2,167765,638,False,False
OPEL,ZAFIRA,3,129060,638,False,False
OPEL,ZAFIRA,4,93199,638,False,False
HYUNDAI,i10 AC3,1,108315,43,False,False
HYUNDAI,i10 AC3,2,84177,43,False,False
HYUNDAI,i10 AC3,3,63046,43,False,False
HYUNDAI,i10 AC3,4,41680,43,False,False
MERCEDES-BENZ,C-Klasse,1,655515,938,False,False
MERCEDES-BENZ,C-Klasse,2,392485,938,False,False
MERCEDES-BENZ,C-Klasse,3,237748,938,False,False
MERCEDES-BENZ,C-Klasse,4,117015,938,False,False
FORD,S-MAX,1,187122,282,False,False
FORD,S-MAX,2,198258,282,False,False
FORD,S-MAX,3,155874,282,False,False
FORD,S-MAX,4,97088,282,False,False
KIA,Niro,1,209074,2480,True,False
KIA,Niro,2,145135,2480,True,False
KIA,Niro,3,99102,2480,True,False
KIA,Niro,4,64269,2480,True,False
SKODA,KAROQ,1,364980,24,False,False
SKODA,KAROQ,2,349266,24,False,False
SKODA,KAROQ,3,349266,24,False,False
SKODA,KAROQ,4,349266,24,False,False
KIA,VENGA,1,124623,89,False,False
KIA,VENGA,2,125273,89,False,False
KIA,VENGA,3,104378,89,False,False
KIA,VENGA,4,79235,89,False,False
FORD,Transit Custom Kombi,1,631057,102,False,False
FORD,Transit Custom Kombi,2,395572,102,False,False
FORD,Transit Custom Kombi,3,235279,102,False,False
FORD,Transit Custom Kombi,4,147822,102,False,False
KIA,XCeed,1,284205,115,False,False
KIA,XCeed,2,279696,115,False,False
KIA,XCeed,3,279696,115,False,False
KIA,XCeed,4,279696,115,False,False
SKODA,KODIAQ,1,590773,15,False,False
SKODA,KODIAQ,2,454851,15,False,False
SKODA,KODIAQ,3,424745,15,False,False
SKODA,KODIAQ,4,424745,15,False,False
SEAT,Ibiza GP2,1,145729,163,False,False
SEAT,Ibiza GP2,2,108578,163,False,False
SEAT,Ibiza GP2,3,72923,163,False,False
SEAT,Ibiza GP2,4,47558,163,False,False
SEAT,LEON,1,215271,774,False,False
SEAT,LEON,2,160786,774,False,False
SEAT,LEON,3,112884,774,False,False
SEAT,LEON,4,76772,774,False,False
NISSAN,MICRA,1,121492,330,False,False
NISSAN,MICRA,2,83728,330,False,False
NISSAN,MICRA,3,72824,330,False,False
NISSAN,MICRA,4,50332,330,False,False
AUDI,A3 Sportback,1,190329,24,False,False
AUDI,A3 Sportback,2,190329,24,False,False
AUDI,A3 Sportback,3,154125,24,False,False
AUDI,A3 Sportback,4,89256,24,False,False
VOLKSWAGEN,T-Cross,1,304976,122,False,False
VOLKSWAGEN,T-Cross,2,243646,122,False,False
VOLKSWAGEN,T-Cross,3,222738,122,False,False
VOLKSWAGEN,T-Cross,4,222738,122,False,False
MAZDA,CX-5,1,456065,92,False,False
MAZDA,CX-5,2,317723,92,False,False
MAZDA,CX-5,3,230220,92,False,False
MAZDA,CX-5,4,186711,92,False,False
PEUGEOT,206 +,1,268879,6154,True,False
PEUGEOT,206 +,2,157654,6154,True,False
PEUGEOT,206 +,3,109852,6154,True,False
PEUGEOT,206 +,4,77665,6154,True,False
AUDI,A6 AVANT,1,800744,57,False,False
AUDI,A6 AVANT,2,362145,57,False,False
AUDI,A6 AVANT,3,217442,57,False,False
AUDI,A6 AVANT,4,144056,57,False,False
FORD,PUMA,1,294943,64,False,False
FORD,PUMA,2,287821,64,False,False
FORD,PUMA,3,287821,64,False,False
FORD,PUMA,4,287821,64,False,False
CITROËN,Grand C4 SpaceTourer,1,213431,1252,True,False
CITROËN,Grand C4 SpaceTourer,2,140595,1252,True,False
CITROËN,Grand C4 SpaceTourer,3,93346,1252,True,False
CITROËN,Grand C4 SpaceTourer,4,64973,1252,True,False
ALFA ROMEO,GIULIETTA,1,138908,131,False,False
ALFA ROMEO,GIULIETTA,2,138908,131,False,False
ALFA ROMEO,GIULIETTA,3,122493,131,False,False
ALFA ROMEO,GIULIETTA,4,98487,131,False,False
FORD,FIESTA,1,165848,828,False,False
FORD,FIESTA,2,95617,828,False,False
FORD,FIESTA,3,71831,828,False,False
FORD,FIESTA,4,50631,828,False,False
SKODA,CITIGO,1,143601,172,False,False
SKODA,CITIGO,2,81486,172,False,False
SKODA,CITIGO,3,64366,172,False,False
SKODA,CITIGO,4,55475,172,False,False
SKODA,FABIA,1,140546,112,False,False
SKODA,FABIA,2,88568,112,False,False
SKODA,FABIA,3,61534,112,False,False
SKODA,FABIA,4,43733,112,False,False
CHEVROLET,SPARK,1,699258,307,True,False
CHEVROLET,SPARK,2,566370,307,True,False
CHEVROLET,SPARK,3,273122,307,True,False
CHEVROLET,SPARK,4,78841,307,True,False
SEAT,MII,1,60325,41,False,False
SEAT,MII,2,59645,41,False,False
SEAT,MII,3,53906,41,False,False
SEAT,MII,4,47748,41,False,False
MERCEDES-BENZ,E-Klasse,1,754162,1177,False,False
MERCEDES-BENZ,E-Klasse,2,519316,1177,False,False
MERCEDES-BENZ,E-Klasse,3,295144,1177,False,False
MERCEDES-BENZ,E-Klasse,4,143468,1177,False,False
TOYOTA,VERSO,1,133377,177,False,False
TOYOTA,VERSO,2,140387,177,False,False
TOYOTA,VERSO,3,133209,177,False,False
TOYOTA,VERSO,4,116745,177,False,False
BMW,X1,1,409740,317,False,False
BMW,X1,2,301484,317,False,False
BMW,X1,3,203851,317,False,False
BMW,X1,4,120506,317,False,False
MITSUBISHI,OUTLANDER,1,249374,203,False,False
MITSUBISHI,OUTLANDER,2,211562,203,False,False
MITSUBISHI,OUTLANDER,3,140512,203,False,False
MITSUBISHI,OUTLANDER,4,67084,203,False,False
CITROËN,C1,1,204622,1252,True,False
CITROËN,C1,2,131786,1252,True,False
CITROËN,C1,3,84537,1252,True,False
CITROËN,C1,4,56164,1252,True,False
OPEL,KARL,1,55694,24,False,False
OPEL,KARL,2,58292,24,False,False
OPEL,KARL,3,62633,24,False,False
OPEL,KARL,4,62633,24,False,False
VOLKSWAGEN,T-Roc,1,369072,337,False,False
VOLKSWAGEN,T-Roc,2,300528,337,False,False
VOLKSWAGEN,T-Roc,3,273215,337,False,False
VOLKSWAGEN,T-Roc,4,273215,337,False,False
VOLKSWAGEN,PASSAT VARIANT,1,359969,664,False,False
VOLKSWAGEN,PASSAT VARIANT,2,219061,664,False,False
VOLKSWAGEN,PASSAT VARIANT,3,151148,664,False,False
VOLKSWAGEN,PASSAT VARIANT,4,85555,664,False,False
RENAULT,GRAND SCENIC,1,189772,163,False,False
RENAULT,GRAND SCENIC,2,177205,163,False,False
RENAULT,GRAND SCENIC,3,107103,163,False,False
RENAULT,GRAND SCENIC,4,64222,163,False,False
DACIA,SANDERO,1,219455,116,False,False
DACIA,SANDERO,2,105100,116,False,False
DACIA,SANDERO,3,65008,116,False,False
DACIA,SANDERO,4,43957,116,False,False
TOYOTA,Aygo X,1,152329,122,False,False
TOYOTA,Aygo X,2,99789,122,False,False
TOYOTA,Aygo X,3,72301,122,False,False
TOYOTA,Aygo X,4,57479,122,False,False
KIA,SPORTAGE,1,294706,781,False,False
KIA,SPORTAGE,2,232321,781,False,False
KIA,SPORTAGE,3,172691,781,False,False
KIA,SPORTAGE,4,113381,781,False,False
BMW,X5,1,1317060,686,False,False
BMW,X5,2,711860,686,False,False
BMW,X5,3,338501,686,False,False
BMW,X5,4,179114,686,False,False
OPEL,Mokka,1,253955,580,False,False
OPEL,Mokka,2,178251,580,False,False
OPEL,Mokka,3,151630,580,False,False
OPEL,Mokka,4,129097,580,False,False
TOYOTA,AYGO,1,111507,288,False,False
TOYOTA,AYGO,2,92239,288,False,False
TOYOTA,AYGO,3,64397,288,False,False
TOYOTA,AYGO,4,39630,288,False,False
TOYOTA,YARIS,1,182124,975,False,False
TOYOTA,YARIS,2,132681,975,False,False
TOYOTA,YARIS,3,86467,975,False,False
TOYOTA,YARIS,4,57015,975,False,False
NISSAN,QASHQAI,1,327332,994,False,False
NISSAN,QASHQAI,2,227901,994,False,False
NISSAN,QASHQAI,3,158021,994,False,False
NISSAN,QASHQAI,4,98061,994,False,False
CITROËN,C4 Cactus,1,187831,41,False,False
CITROËN,C4 Cactus,2,92319,41,False,False
CITROËN,C4 Cactus,3,80518,41,False,False
CITROËN,C4 Cactus,4,55209,41,False,False
SEAT,IBIZA,1,139838,490,False,False
SEAT,IBIZA,2,97258,490,False,False
SEAT,IBIZA,3,70762,490,False,False
SEAT,IBIZA,4,51216,490,False,False
FORD,FIESTA 5 DØRS,1,169721,244,False,False
FORD,FIESTA 5 DØRS,2,106660,244,False,False
FORD,FIESTA 5 DØRS,3,83091,244,False,False
FORD,FIESTA 5 DØRS,4,61735,244,False,False
HONDA,JAZZ,1,150579,177,False,False
HONDA,JAZZ,2,151229,177,False,False
HONDA,JAZZ,3,112080,177,False,False
HONDA,JAZZ,4,63162,177,False,False
CHEVROLET,AVEO,1,41698,19,False,False
CHEVROLET,AVEO,2,41698,19,False,False
CHEVROLET,AVEO,3,41698,19,False,False
CHEVROLET,AVEO,4,40250,19,False,False
SKODA,SUPERB COMBI,1,375234,76,False,False
SKODA,SUPERB COMBI,2,262514,76,False,False
SKODA,SUPERB COMBI,3,165794,76,False,False
SKODA,SUPERB COMBI,4,90138,76,False,False
MITSUBISHI,COLT,1,47479,72,False,False
MITSUBISHI,COLT,2,47479,72,False,False
MITSUBISHI,COLT,3,47479,72,False,False
MITSUBISHI,COLT,4,46745,72,False,False
FORD,FOCUS STATIONSVOGN,1,221936,515,False,False
FORD,FOCUS STATIONSVOGN,2,129586,515,False,False
FORD,FOCUS STATIONSVOGN,3,88279,515,False,False
FORD,FOCUS STATIONSVOGN,4,59376,515,False,False
HYUNDAI,I 10,1,243090,3481,True,False
HYUNDAI,I 10,2,177509,3481,True,False
HYUNDAI,I 10,3,117850,3481,True,False
HYUNDAI,I 10,4,80313,3481,True,False
HYUNDAI,IX20,1,116601,131,False,False
HYUNDAI,IX20,2,115796,131,False,False
HYUNDAI,IX20,3,102796,131,False,False
HYUNDAI,IX20,4,85717,131,False,False
AUDI,A3 Limousine,1,189155,24,False,False
AUDI,A3 Limousine,2,189155,24,False,False
AUDI,A3 Limousine,3,152951,24,False,False
AUDI,A3 Limousine,4,88082,24,False,False
VOLVO,V90,1,791017,216,False,False
VOLVO,V90,2,496895,216,False,False
VOLVO,V90,3,421150,216,False,False
VOLVO,V90,4,421150,216,False,False
HYUNDAI,I40,1,140478,267,False,False
HYUNDAI,I40,2,141004,267,False,False
HYUNDAI,I40,3,121433,267,False,False
HYUNDAI,I40,4,91790,267,False,False
OPEL,CORSA,1,173500,1438,False,False
OPEL,CORSA,2,110927,1438,False,False
OPEL,CORSA,3,75314,1438,False,False
OPEL,CORSA,4,52594,1438,False,False
OPEL,ASTRA,1,195802,3215,False,False
OPEL,ASTRA,2,135040,3215,False,False
OPEL,ASTRA,3,93478,3215,False,False
OPEL,ASTRA,4,64162,3215,False,False
RENAULT,TWINGO,1,89962,94,False,False
RENAULT,TWINGO,2,71902,94,False,False
RENAULT,TWINGO,3,49991,94,False,False
RENAULT,TWINGO,4,32454,94,False,False
CITROËN,GRAND C4 PICASSO,1,206680,1252,True,False
CITROËN,GRAND C4 PICASSO,2,133844,1252,True,False
CITROËN,GRAND C4 PICASSO,3,86595,1252,True,False
CITROËN,GRAND C4 PICASSO,4,58222,1252,True,False
TOYOTA,COROLLA,1,275630,985,False,False
TOYOTA,COROLLA,2,221690,985,False,False
TOYOTA,COROLLA,3,126336,985,False,False
TOYOTA,COROLLA,4,63423,985,False,False
TOYOTA,AVENSIS,1,201642,545,False,False
TOYOTA,AVENSIS,2,197507,545,False,False
TOYOTA,AVENSIS,3,150701,545,False,False
TOYOTA,AVENSIS,4,105466,545,False,False
TOYOTA,YARIS 5-DØRS,1,187035,378,False,False
TOYOTA,YARIS 5-DØRS,2,145928,378,False,False
TOYOTA,YARIS 5-DØRS,3,96094,378,False,False
TOYOTA,YARIS 5-DØRS,4,65887,378,False,False
DACIA,Logan MCV,1,58955,20,False,False
DACIA,Logan MCV,2,58955,20,False,False
DACIA,Logan MCV,3,56644,20,False,False
DACIA,Logan MCV,4,44927,20,False,False
PEUGEOT,5008,1,353307,321,False,False
PEUGEOT,5008,2,267450,321,False,False
PEUGEOT,5008,3,144185,321,False,False
PEUGEOT,5008,4,66357,321,False,False
AUDI,Q3,1,761120,486,True,False
AUDI,Q3,2,355075,486,True,False
AUDI,Q3,3,219569,486,True,False
AUDI,Q3,4,170851,486,True,False
TOYOTA,AVENSIS STW,1,224217,178,False,False
TOYOTA,AVENSIS STW,2,213682,178,False,False
TOYOTA,AVENSIS STW,3,158969,178,False,False
TOYOTA,AVENSIS STW,4,109980,178,False,False
NISSAN,JUKE,1,272051,302,False,False
NISSAN,JUKE,2,172060,302,False,False
NISSAN,JUKE,3,120537,302,False,False
NISSAN,JUKE,4,97465,302,False,False
MERCEDES-BENZ,CLA,1,582943,357,False,False
MERCEDES-BENZ,CLA,2,359658,357,False,False
MERCEDES-BENZ,CLA,3,265857,357,False,False
MERCEDES-BENZ,CLA,4,244810,357,False,False
CITROËN,C4 PICASSO,1,244649,77,False,False
CITROËN,C4 PICASSO,2,153177,77,False,False
CITROËN,C4 PICASSO,3,89737,77,False,False
CITROËN,C4 PICASSO,4,54012,77,False,False
VOLVO,XC90,1,882418,433,False,False
VOLVO,XC90,2,645579,433,False,False
VOLVO,XC90,3,330481,433,False,False
VOLVO,XC90,4,158145,433,False,False
AUDI,A3 CABRIOLET,1,195025,26,False,False
AUDI,A3 CABRIOLET,2,195025,26,False,False
AUDI,A3 CABRIOLET,3,158735,26,False,False
AUDI,A3 CABRIOLET,4,93819,26,False,False
KIA,CEED SW,1,195147,203,False,False
KIA,CEED SW,2,118371,203,False,False
KIA,CEED SW,3,72562,203,False,False
KIA,CEED SW,4,58903,203,False,False
CITROËN,C3,1,186602,394,False,False
CITROËN,C3,2,130257,394,False,False
CITROËN,C3,3,79493,394,False,False
CITROËN,C3,4,49671,394,False,False
PEUGEOT,308,1,205795,1144,False,False
PEUGEOT,308,2,107553,1144,False,False
PEUGEOT,308,3,74972,1144,False,False
PEUGEOT,308,4,45717,1144,False,False
VOLKSWAGEN,PASSAT,1,312915,2137,False,False
VOLKSWAGEN,PASSAT,2,223640,2137,False,False
VOLKSWAGEN,PASSAT,3,152176,2137,False,False
VOLKSWAGEN,PASSAT,4,84799,2137,False,False
TOYOTA,AURIS,1,167205,612,False,False
TOYOTA,AURIS,2,159813,612,False,False
TOYOTA,AURIS,3,114200,612,False,False
TOYOTA,AURIS,4,75627,612,False,False
DACIA,Duster,1,228250,172,False,False
DACIA,Duster,2,179853,172,False,False
DACIA,Duster,3,113736,172,False,False
DACIA,Duster,4,79625,172,False,False
HYUNDAI,I30CW,1,240155,3481,True,False
HYUNDAI,I30CW,2,174574,3481,True,False
HYUNDAI,I30CW,3,114915,3481,True,False
HYUNDAI,I30CW,4,77378,3481,True,False
BMW,5-Serie,1,707866,1369,False,False
BMW,5-Serie,2,440914,1369,False,False
BMW,5-Serie,3,268963,1369,False,False
BMW,5-Serie,4,138783,1369,False,False
SKODA,SUPERB,1,396603,228,False,False
SKODA,SUPERB,2,298776,228,False,False
SKODA,SUPERB,3,175894,228,False,False
SKODA,SUPERB,4,87612,228,False,False
SKODA,KAMIQ,1,296548,49,False,False
SKODA,KAMIQ,2,301682,49,False,False
SKODA,KAMIQ,3,301682,49,False,False
SKODA,KAMIQ,4,301682,49,False,False
VOLVO,XC60,1,647077,867,False,False
VOLVO,XC60,2,429735,867,False,False
VOLVO,XC60,3,262799,867,False,False
VOLVO,XC60,4,156761,867,False,False
VOLVO,V40,1,161882,547,False,False
VOLVO,V40,2,156554,547,False,False
VOLVO,V40,3,126340,547,False,False
VOLVO,V40,4,74690,547,False,False
AUDI,A5 SPORTBACK,1,766403,486,True,False
AUDI,A5 SPORTBACK,2,360358,486,True,False
AUDI,A5 SPORTBACK,3,224852,486,True,False
AUDI,A5 SPORTBACK,4,176134,486,True,False
MINI,COOPER,1,327957,373,False,False
MINI,COOPER,2,204897,373,False,False
MINI,COOPER,3,152108,373,False,False
MINI,COOPER,4,97118,373,False,False
CITROËN,DS3,1,204622,1252,True,False
CITROËN,DS3,2,131786,1252,True,False
CITROËN,DS3,3,84537,1252,True,False
CITROËN,DS3,4,56164,1252,True,False
MERCEDES-BENZ,GLE,1,1311559,243,False,False
MERCEDES-BENZ,GLE,2,840613,243,False,False
MERCEDES-BENZ,GLE,3,700567,243,False,False
MERCEDES-BENZ,GLE,4,700567,243,False,False
PEUGEOT,208,1,180108,524,False,False
PEUGEOT,208,2,88738,524,False,False
PEUGEOT,208,3,65428,524,False,False
PEUGEOT,208,4,57044,524,False,False
KIA,PICANTO,1,146167,121,False,False
KIA,PICANTO,2,94881,121,False,False
KIA,PICANTO,3,62017,121,False,False
KIA,PICANTO,4,40883,121,False,False
HYUNDAI,I30,1,211886,1086,False,False
HYUNDAI,I30,2,144195,1086,False,False
HYUNDAI,I30,3,87126,1086,False,False
HYUNDAI,I30,4,56682,1086,False,False
FORD,C-MAX,1,113783,367,False,False
FORD,C-MAX,2,112645,367,False,False
FORD,C-MAX,3,94632,367,False,False
FORD,C-MAX,4,73473,367,False,False
FIAT,PANDA,1,150152,26,False,False
FIAT,PANDA,2,93895,26,False,False
FIAT,PANDA,3,64834,26,False,False
FIAT,PANDA,4,43069,26,False,False
CITROËN,C3 PICASSO,1,173287,101,False,False
CITROËN,C3 PICASSO,2,109977,101,False,False
CITROËN,C3 PICASSO,3,77429,101,False,False
CITROËN,C3 PICASSO,4,60340,101,False,False
AUDI,A4 AVANT,1,438201,72,False,False
AUDI,A4 AVANT,2,304317,72,False,False
AUDI,A4 AVANT,3,187915,72,False,False
AUDI,A4 AVANT,4,112956,72,False,False
MERCEDES-BENZ,E,1,724487,1177,False,False
MERCEDES-BENZ,E,2,489641,1177,False,False
MERCEDES-BENZ,E,3,265469,1177,False,False
MERCEDES-BENZ,E,4,113793,1177,False,False
SEAT,Ateca,1,356304,158,False,False
SEAT,Ateca,2,261398,158,False,False
SEAT,Ateca,3,232372,158,False,False
SEAT,Ateca,4,232372,158,False,False
VOLVO,V70,1,122585,390,False,False
VOLVO,V70,2,124092,390,False,False
VOLVO,V70,3,110458,390,False,False
VOLVO,V70,4,79548,390,False,False
FORD,KUGA,1,284836,613,False,False
FORD,KUGA,2,192296,613,False,False
FORD,KUGA,3,128960,613,False,False
FORD,KUGA,4,72592,613,False,False
FIAT,500,1,234885,136,False,False
FIAT,500,2,144862,136,False,False
FIAT,500,3,100051,136,False,False
FIAT,500,4,72372,136,False,False
CITROËN,C 1,1,205798,1252,True,False
CITROËN,C 1,2,132962,1252,True,False
CITROËN,C 1,3,85713,1252,True,False
CITROËN,C 1,4,57340,1252,True,False
NISSAN,NOTE,1,72180,179,False,False
NISSAN,NOTE,2,72180,179,False,False
NISSAN,NOTE,3,67128,179,False,False
NISSAN,NOTE,4,54108,179,False,False
RENAULT,Kadjar,1,243486,236,False,False
RENAULT,Kadjar,2,178734,236,False,False
RENAULT,Kadjar,3,169521,236,False,False
RENAULT,Kadjar,4,169521,236,False,False
HYUNDAI,KONA,1,277344,132,False,False
HYUNDAI,KONA,2,221892,132,False,False
HYUNDAI,KONA,3,191221,132,False,False
HYUNDAI,KONA,4,191221,132,False,False
OPEL,Grandland X,1,334553,255,False,False
OPEL,Grandland X,2,243238,255,False,False
OPEL,Grandland X,3,213701,255,False,False
OPEL,Grandland X,4,213701,255,False,False
AUDI,Q2,1,756424,486,True,False
AUDI,Q2,2,350379,486,True,False
AUDI,Q2,3,214873,486,True,False
AUDI,Q2,4,166155,486,True,False
MERCEDES-BENZ,GLC,1,790992,375,False,False
MERCEDES-BENZ,GLC,2,587977,375,False,False
MERCEDES-BENZ,GLC,3,538039,375,False,False
MERCEDES-BENZ,GLC,4,538039,375,False,False
FORD,GALAXY,1,241197,107,False,False
FORD,GALAXY,2,227370,107,False,False
FORD,GALAXY,3,160818,107,False,False
FORD,GALAXY,4,95859,107,False,False
FORD,KA,1,81992,81,False,False
FORD,KA,2,81992,81,False,False
FORD,KA,3,66666,81,False,False
FORD,KA,4,44281,81,False,False
RENAULT,CLIO,1,144559,983,False,False
RENAULT,CLIO,2,102168,983,False,False
RENAULT,CLIO,3,71972,983,False,False
RENAULT,CLIO,4,47693,983,False,False
MERCEDES-BENZ,A-Klasse,1,523358,468,False,False
MERCEDES-BENZ,A-Klasse,2,372081,468,False,False
MERCEDES-BENZ,A-Klasse,3,245268,468,False,False
MERCEDES-BENZ,A-Klasse,4,117659,468,False,False
MITSUBISHI,SPACE STAR,1,156422,86,False,False
MITSUBISHI,SPACE STAR,2,110461,86,False,False
MITSUBISHI,SPACE STAR,3,66217,86,False,False
MITSUBISHI,SPACE STAR,4,38710,86,False,False
TOYOTA,AYGO 3/5-DØRS,1,119956,95,False,False
TOYOTA,AYGO 3/5-DØRS,2,95079,95,False,False
TOYOTA,AYGO 3/5-DØRS,3,69161,95,False,False
TOYOTA,AYGO 3/5-DØRS,4,54542,95,False,False
PEUGEOT,207,1,42438,451,False,False
PEUGEOT,207,2,42438,451,False,False
PEUGEOT,207,3,42438,451,False,False
PEUGEOT,207,4,41322,451,False,False
OPEL,Crossland X,1,231009,211,False,False
OPEL,Crossland X,2,170056,211,False,False
OPEL,Crossland X,3,143907,211,False,False
OPEL,Crossland X,4,143907,211,False,False
MAZDA,CX-3,1,237200,28,False,False
MAZDA,CX-3,2,235377,28,False,False
MAZDA,CX-3,3,233992,28,False,False
MAZDA,CX-3,4,233992,28,False,False
TOYOTA,AYGO 5-DØRS,1,120397,95,False,False
TOYOTA,AYGO 5-DØRS,2,95520,95,False,False
TOYOTA,AYGO 5-DØRS,3,69602,95,False,False
TOYOTA,AYGO 5-DØRS,4,54983,95,False,False
TOYOTA,RAV4 Plug in,1,483664,292,False,False
TOYOTA,RAV4 Plug in,2,327363,292,False,False
TOYOTA,RAV4 Plug in,3,199883,292,False,False
TOYOTA,RAV4 Plug in,4,97132,292,False,False
MAZDA,2,1,157399,35,False,False
MAZDA,2,2,166430,35,False,False
MAZDA,2,3,126015,35,False,False
MAZDA,2,4,79603,35,False,False
SKODA,RAPID,1,295165,987,True,False
SKODA,RAPID,2,237768,987,True,False
SKODA,RAPID,3,139095,987,True,False
SKODA,RAPID,4,75222,987,True,False
